round,mean_cooperation,std_cooperation,min_cooperation,max_cooperation,mean_payoff,std_payoff
0,0.4537754544541292,0.026559995178412607,0.4006734006734007,0.49390243902439024,4.216953365922179,0.1934057242160375
1,0.4654323533204314,0.03399277513528715,0.39730639730639733,0.519774011299435,4.242022498173615,0.24724569459415513
2,0.47717003895086146,0.03467058179419836,0.4006734006734007,0.5441860465116279,4.272596481144663,0.2447909830950324
3,0.4848411166939711,0.0340692267374659,0.4107744107744108,0.5310734463276836,4.303346996566652,0.26126955680415376
4,0.48576052587694707,0.032443436731593354,0.4006734006734007,0.5310734463276836,4.291810666597793,0.23965356269906996
5,0.4935150610624928,0.03632673327216357,0.41414141414141414,0.5819209039548022,4.311198993787248,0.2600301941199999
6,0.5006918859944588,0.03441040000856891,0.4276094276094276,0.5746268656716418,4.343663499285676,0.2451215114307115
7,0.5003673305555,0.0374502927678451,0.4238095238095238,0.5708955223880597,4.346411930118546,0.2542680077570914
8,0.5010571772679289,0.03654344211244936,0.43333333333333335,0.5783582089552238,4.355156636432733,0.2530088434292838
9,0.5037896922665085,0.04060109878313503,0.4095238095238095,0.5789473684210527,4.372675584478931,0.26253621109039826
10,0.5055992609001091,0.044446180859566094,0.4142857142857143,0.6127819548872181,4.37613658599354,0.3029568831899807
11,0.5096731464744012,0.04097182052847851,0.4380952380952381,0.5977443609022557,4.394088072506897,0.26859366927626815
12,0.5172621509003767,0.0474766871347476,0.4260355029585799,0.6101694915254238,4.432090168109854,0.29337600199138153
13,0.522087268917813,0.04462685831651839,0.43414634146341463,0.615819209039548,4.443696841972862,0.2817554460586398
14,0.526585123942808,0.04199815506079748,0.44878048780487806,0.6015037593984962,4.463758915030341,0.2624364900826827
15,0.5305674280002456,0.04167482619909904,0.45714285714285713,0.6101694915254238,4.491846444819864,0.2354596641671865
16,0.5320528775394832,0.04380956627742973,0.4292682926829268,0.6090225563909775,4.492973104402448,0.23936559378891362
17,0.5330208510326578,0.044225076705496275,0.4146341463414634,0.6090225563909775,4.502318060151463,0.25421392189709996
18,0.5378795671398713,0.04593851697522633,0.4292682926829268,0.615819209039548,4.529225414541543,0.26101186538052246
19,0.5437958241530231,0.04618265942794508,0.43902439024390244,0.6206896551724138,4.550555920737964,0.27076607513962914
20,0.5399562980733953,0.052035292141746285,0.3804878048780488,0.6541353383458647,4.515363087774604,0.33027714200318903
21,0.5389432478539021,0.049701492110762927,0.4292682926829268,0.650375939849624,4.515290646114313,0.29442577139804527
22,0.541925009851736,0.04931431438538173,0.4195121951219512,0.6203007518796992,4.519522147528199,0.3029538246680498
23,0.5474093862299105,0.04607529866204464,0.4292682926829268,0.6165413533834586,4.552209754387053,0.2766938315139408
24,0.546928813119895,0.04697478683439926,0.4292682926829268,0.6390977443609023,4.535671328619562,0.25490789911847467
25,0.5471814437906418,0.041750180645596935,0.44878048780487806,0.6390977443609023,4.54622755939023,0.23250585835464743
26,0.5551195422687383,0.042192574646372674,0.44878048780487806,0.6594982078853047,4.600645740471095,0.23316635371832042
27,0.5533318174247,0.04437675732667101,0.43414634146341463,0.6487455197132617,4.59111438741109,0.2552807473925815
28,0.5537756173887014,0.04436317119127938,0.43902439024390244,0.6451612903225806,4.5932938207155685,0.26541207652141263
29,0.558265284923645,0.04765184432849102,0.4195121951219512,0.6379928315412187,4.622823254430019,0.2593100243965691
30,0.5677211218889092,0.04577851794457099,0.4573170731707317,0.6666666666666666,4.683553290870121,0.24885303728801544
31,0.5719386845636071,0.04478859704934391,0.45365853658536587,0.6497175141242938,4.678648905684933,0.24234658680852092
32,0.5686485769266937,0.047316191358897135,0.45365853658536587,0.655367231638418,4.685178708342994,0.25604232124025844
33,0.5689324096527535,0.041133052312311236,0.4634146341463415,0.6610169491525424,4.681264836205281,0.234142785084616
34,0.581026991424375,0.04523374315841722,0.4682926829268293,0.6836158192090396,4.759181818582021,0.25454504705853537
35,0.584186207279086,0.04400913331335336,0.4682926829268293,0.6666666666666666,4.770639547555338,0.24580669143365347
36,0.5802773964954537,0.0419738701376423,0.4634146341463415,0.6440677966101694,4.734770321526724,0.24008270663844233
37,0.5897385841286248,0.04127686242423967,0.47317073170731705,0.6610169491525424,4.792452468059777,0.23614906923677664
38,0.5815274242138669,0.04490443120331345,0.45365853658536587,0.6555555555555556,4.741422568824524,0.2525065001089698
39,0.5808214314843884,0.03977265440244886,0.4790697674418605,0.6449704142011834,4.739563011926678,0.24259177139161428
40,0.5822813976960197,0.037127926288594175,0.4883720930232558,0.6419753086419753,4.751230877821947,0.21740879890972997
41,0.589191512986728,0.037553759766174116,0.5129310344827587,0.6518218623481782,4.789444654680393,0.2125794187219951
42,0.5910042176501729,0.04425110617472482,0.46511627906976744,0.6790123456790124,4.770851586808917,0.2392431755422826
43,0.5882438501482148,0.046978529734876186,0.4604651162790698,0.6680161943319838,4.759481552912472,0.25613732935234007
44,0.5905607295527565,0.04359524475227229,0.4883720930232558,0.6666666666666666,4.78058791549341,0.22567571837674696
45,0.6027006023059184,0.04773673772378631,0.5038759689922481,0.6761133603238867,4.861814595296987,0.24083782862077668
46,0.6019419294629774,0.047832156612855205,0.5023255813953489,0.6888888888888889,4.864117942523185,0.24672049834603427
47,0.6010858976658489,0.04947916405632027,0.4930232558139535,0.7,4.857119614414214,0.2557121052911825
48,0.6011958200832589,0.05046847695175864,0.4604651162790698,0.7066666666666667,4.85045353275933,0.2784277583455557
49,0.6016125927229166,0.04603529311383904,0.48372093023255813,0.68,4.845648663383813,0.26333097434303926
50,0.6048889137626751,0.047486130482245335,0.4558139534883721,0.6933333333333334,4.864094424803488,0.2638443502356957
51,0.5987136039700133,0.04165326286378538,0.48372093023255813,0.7111111111111111,4.841887831051749,0.21924971354868325
52,0.6002385830580075,0.045186971487122,0.4744186046511628,0.7022222222222222,4.853948412804003,0.23444738271638876
53,0.6021635207265237,0.04346715821900209,0.4883720930232558,0.6888888888888889,4.872039523088175,0.22026986299049542
54,0.5949530741824031,0.045509564950848576,0.46511627906976744,0.6720647773279352,4.825741184533582,0.24160014925513135
55,0.5933756375129253,0.03945323218832172,0.4930232558139535,0.6720647773279352,4.816077360204613,0.20835851448857595
56,0.5989078790104981,0.04272050320539484,0.5155038759689923,0.6842105263157895,4.856296790241406,0.20967489809814216
57,0.6012951451588758,0.03589240370335277,0.5232558139534884,0.6622222222222223,4.863657863710264,0.1746892252223746
58,0.6077230147452255,0.0344005704134446,0.5193798449612403,0.6687116564417178,4.898799545086132,0.1769179369097579
59,0.6067192421439361,0.030541237715487786,0.5317073170731708,0.6541353383458647,4.898223891102663,0.166838301706491
60,0.6055199467626886,0.030057650466735728,0.5395348837209303,0.6625766871165644,4.887771109281808,0.15779550008871032
61,0.6066937450225731,0.034918815562647636,0.5463414634146342,0.6836158192090396,4.889479362697986,0.17679020803879747
62,0.6024925272745073,0.03561618279170137,0.4926829268292683,0.672316384180791,4.871003727651225,0.18491662184325597
63,0.6018493823623531,0.039364659018421455,0.48292682926829267,0.6666666666666666,4.86282031056159,0.20670254421300635
64,0.5991954028900864,0.042194224093111396,0.4682926829268293,0.6767676767676768,4.829512491523301,0.22607871073188
65,0.6024615233874232,0.04295375000082785,0.4682926829268293,0.6868686868686869,4.851930359483092,0.213174205575642
66,0.5983585709869005,0.0412914125817277,0.4878048780487805,0.6868686868686869,4.835928632225318,0.20258680037109558
67,0.6014841717382831,0.03966361025068147,0.5271317829457365,0.6834862385321101,4.861705735442909,0.2084599315199611
68,0.6009293881261595,0.04328729997306113,0.5170731707317073,0.6767676767676768,4.855428326065843,0.2189936144370798
69,0.6003605231098205,0.05118008299562488,0.5219512195121951,0.7018348623853211,4.845402437404275,0.25817007672821535
70,0.5987284771944837,0.05440868484747446,0.5038759689922481,0.7018348623853211,4.824973682172228,0.2622733590003604
71,0.5975575203133306,0.05061070508800087,0.5,0.6902356902356902,4.84000015813918,0.25400009862800144
72,0.5971762375680197,0.049356096481233375,0.5121951219512195,0.7293577981651376,4.816252018494988,0.24759354210090495
73,0.6001212292185664,0.050611583480042466,0.4878048780487805,0.7110091743119266,4.841654701253616,0.2664706892208475
74,0.6029902407684319,0.05596775441931179,0.4883720930232558,0.7018348623853211,4.859373751737758,0.27787828366017375
75,0.6061791150813225,0.054071639539746676,0.4844961240310077,0.7037037037037037,4.863940970687546,0.27449348229724224
76,0.6009783811418361,0.053544446502549345,0.4876543209876543,0.7110091743119266,4.829903539237532,0.28163663192633315
77,0.6010730277276475,0.05064430293245938,0.49382716049382713,0.6801346801346801,4.8450834820796445,0.2593855726643291
78,0.603424133370164,0.05146081232180477,0.5060975609756098,0.6954887218045113,4.852197183463691,0.27105487337234624
79,0.6016520356005105,0.045057362438562135,0.5,0.6917293233082706,4.839581870431889,0.24326375721108628
80,0.6090083692779731,0.042268112916450364,0.5185185185185185,0.6972477064220184,4.9045073469048175,0.21988232851970996
81,0.6053938393886761,0.03649139035902015,0.5490196078431373,0.6880733944954128,4.874565644883607,0.20525731347791829
82,0.6023672353596814,0.03754878740211245,0.5414847161572053,0.6809815950920245,4.848929549377954,0.20108785520344857
83,0.6056244488350598,0.04705603510472425,0.5310734463276836,0.7300613496932515,4.872643600878423,0.23681475773706692
84,0.6028358341439133,0.05101347342997109,0.4878048780487805,0.7423312883435583,4.856058900237986,0.25442541107020694
85,0.6026343591229516,0.05510724580743213,0.4817073170731707,0.7484662576687117,4.853153069351269,0.2949315114760028
86,0.6016463086729252,0.05740035714764398,0.4451219512195122,0.7484662576687117,4.837823938170264,0.2939381252831608
87,0.5995821612772958,0.053413296593708595,0.47560975609756095,0.7003367003367004,4.83795085742124,0.2907712632282488
88,0.5968814150314915,0.05175272829478762,0.4573170731707317,0.6809815950920245,4.820131297275794,0.2876023950703485
89,0.5957854487885488,0.045788682155965106,0.5,0.6759259259259259,4.813482215101162,0.24600178177954696
90,0.603552837625487,0.04834617061130808,0.4878048780487805,0.6871165644171779,4.866575019638095,0.2594167799268681
91,0.6072038742863398,0.0458215756810928,0.49390243902439024,0.6926605504587156,4.883599024430386,0.253978174054023
92,0.6088508047162388,0.05221327042937866,0.4695121951219512,0.7217741935483871,4.890978274592361,0.2660488814236501
93,0.6083002337845771,0.055035835173190314,0.47560975609756095,0.7056451612903226,4.882943351939104,0.304940576765243
94,0.609877322626945,0.05258936048416889,0.4982078853046595,0.6926605504587156,4.894204503972299,0.30318915875149344
95,0.6092957784492151,0.05380301869641721,0.4898785425101215,0.6854838709677419,4.8860594164825635,0.3106730046493219
96,0.6106717292740587,0.05507863918605066,0.4874551971326165,0.7024390243902439,4.890231401962277,0.32396520133203144
97,0.6099815226869357,0.05393651268084122,0.4767025089605735,0.7064220183486238,4.8772924617825435,0.3047353249793002
98,0.6088916083864807,0.053962535192994585,0.4838709677419355,0.6926829268292682,4.871402773824262,0.30852106612191016
99,0.6111161329648471,0.049296133270576525,0.4946236559139785,0.6935483870967742,4.889100955468626,0.25586344461823146
100,0.6053034597642211,0.05138856753893082,0.4910394265232975,0.7056451612903226,4.862241174199594,0.2739402352307751
101,0.6056290331301751,0.04998136981912483,0.5161290322580645,0.6972477064220184,4.879096607456546,0.2603939718787385
102,0.6076965409376401,0.047303292868351304,0.5232974910394266,0.7016129032258065,4.889820815581457,0.24970621914413452
103,0.6018485364244568,0.04980897756198477,0.4980392156862745,0.6975806451612904,4.8468423077309515,0.2789513337068098
104,0.6046266463322293,0.05064253771644622,0.5098039215686274,0.7056451612903226,4.864981483829739,0.27280567577552706
105,0.6036585758436617,0.0500815457069171,0.5185185185185185,0.7110091743119266,4.85994167721808,0.2587587920156698
106,0.6044022351991807,0.05100888855675319,0.49480968858131485,0.75,4.8656507091174594,0.27536089165945343
107,0.6011937530262159,0.05635207377765528,0.5,0.75,4.834566439105925,0.29875394813640166
108,0.5958046222609006,0.05140407421026695,0.4876543209876543,0.7379032258064516,4.836930534225371,0.2666054220643241
109,0.5937795832625293,0.04628682583374936,0.5123456790123457,0.7298387096774194,4.829691105804773,0.238215967891509
110,0.5929923297470926,0.048286903243319065,0.5061728395061729,0.7419354838709677,4.827833784188064,0.25666244348144873
111,0.5908710207469787,0.04757537101599496,0.5123456790123457,0.7338709677419355,4.81290850162402,0.25879416857521015
112,0.5898458223056571,0.04377944616912064,0.5123456790123457,0.7056451612903226,4.804623442927068,0.2424062146640931
113,0.5882510144811655,0.05045670264777272,0.5047619047619047,0.7096774193548387,4.78329463271341,0.2536533535469382
114,0.5907585426541775,0.054158827534902775,0.4876543209876543,0.7217741935483871,4.781713523548749,0.29691459768851136
115,0.5908766219665612,0.05619872081939361,0.49382716049382713,0.7419354838709677,4.79154378618597,0.2983474690697514
116,0.5965715104883225,0.05267065282966695,0.5095238095238095,0.7338709677419355,4.822759172225734,0.27655102777162
117,0.5973620664479442,0.046622129423179205,0.5238095238095238,0.6895161290322581,4.828179764178568,0.2481914631277331
118,0.5928479532762487,0.04695106755823886,0.5110132158590308,0.6828358208955224,4.827005313129067,0.24227541412623374
119,0.5901262371849195,0.04832307776170988,0.5047619047619047,0.6902985074626866,4.796299712558873,0.2491796322914169
120,0.5868403714383916,0.04184592097051431,0.5286343612334802,0.6767676767676768,4.789493544392682,0.23508804008372192
121,0.5944262347435364,0.04501835902527059,0.5294117647058824,0.7089552238805971,4.82596080186986,0.2519654372233801
122,0.594346746601424,0.052852923734122294,0.5185185185185185,0.7350746268656716,4.805611564457242,0.28635173406697595
123,0.5907898437786673,0.05278895039297959,0.5051903114186851,0.7126865671641791,4.795135689022393,0.3054686209515142
124,0.5847783452799377,0.050574607995556936,0.5198237885462555,0.7164179104477612,4.769117117273219,0.2976431482645624
125,0.5837399508217519,0.05043726035331277,0.5121107266435986,0.7164179104477612,4.763061664222163,0.28017517394437547
126,0.5827941585139911,0.053804992456723974,0.4977973568281938,0.7052238805970149,4.763226652542551,0.2842964657866986
127,0.5824505103644615,0.0550444557254427,0.4744186046511628,0.6902985074626866,4.763686488304054,0.29359019030896705
128,0.5833437337875701,0.05778096837670408,0.480225988700565,0.7276119402985075,4.766932894824891,0.2983438162444811
129,0.5857711931282706,0.05841919634415282,0.4915254237288136,0.7313432835820896,4.7637815236575625,0.29094966166462377
130,0.5820936338684678,0.05904687682449169,0.4801762114537445,0.7134146341463414,4.744106843629654,0.29235704540007434
131,0.5816386645400363,0.056123135208468344,0.4601226993865031,0.7134146341463414,4.738446510291011,0.27277915202295816
132,0.5855919109619374,0.05244202454498888,0.4858757062146893,0.7134146341463414,4.764399916656149,0.25537480322352085
133,0.589241623178855,0.05035257048301472,0.4915254237288136,0.6977611940298507,4.778806543639169,0.2496222813816435
134,0.5883908096170972,0.05069252107984565,0.4745762711864407,0.7060931899641577,4.766548557411759,0.2633024832318372
135,0.5865792945279432,0.049669386326637664,0.480225988700565,0.7025089605734767,4.750868039732587,0.26952261475976214
136,0.5856163329997243,0.04521351600614651,0.4519774011299435,0.6738351254480287,4.761783528676758,0.24218413175125322
137,0.5840666716498546,0.04747374784160143,0.4406779661016949,0.6738351254480287,4.762113430189528,0.26707793585482975
138,0.5878980774001354,0.04892153186253605,0.4632768361581921,0.6702508960573477,4.771743014493609,0.27079453770111045
139,0.5847801947510375,0.05280019474212938,0.4463276836158192,0.6845878136200717,4.74696086874516,0.2724232207607296
140,0.5910292289255507,0.05197233112492716,0.4519774011299435,0.7012195121951219,4.77559805459555,0.27450116863049645
141,0.5929820354000391,0.049656525988430136,0.4632768361581921,0.6791044776119403,4.774945046511837,0.2662058025515264
142,0.5896662193596637,0.049812267752508785,0.4632768361581921,0.6791044776119403,4.76298227091575,0.269786648448367
143,0.5851165008265646,0.05022598053431711,0.480225988700565,0.6881720430107527,4.737353043773655,0.26972495264724516
144,0.5841559878263147,0.048708879488678754,0.4971751412429379,0.6666666666666666,4.74673337670593,0.26815079720811646
145,0.585204028180385,0.051963621006749,0.48466257668711654,0.6828358208955224,4.758108709647895,0.28728562742715047
146,0.5795175838627682,0.056074258481237704,0.4723926380368098,0.6902985074626866,4.722293420876167,0.31256239644341005
147,0.5823429874555867,0.05775789164625968,0.4601226993865031,0.7014925373134329,4.709683957426756,0.33865491252105395
148,0.5879114521253475,0.05403477580595788,0.48372093023255813,0.6902985074626866,4.763126822753305,0.30616178572603436
149,0.5856629717038666,0.05868606484107817,0.44785276073619634,0.7201492537313433,4.753595785755623,0.31968711170590053
150,0.5849050668442716,0.05356586690306918,0.4785276073619632,0.6977611940298507,4.756751418180936,0.2957723200748333
151,0.587222030488407,0.0582440490718707,0.4878048780487805,0.7064220183486238,4.76320299028576,0.31619466590674206
152,0.5918418545515177,0.05289764960850255,0.49693251533742333,0.7014925373134329,4.802264447210111,0.2804697617647338
153,0.5908281207382076,0.054956164959491516,0.49693251533742333,0.7126865671641791,4.786107142523854,0.2807687678634744
154,0.5913192546082789,0.05773252860774304,0.49079754601226994,0.7313432835820896,4.7742535929352865,0.31448655079189713
155,0.5836911981891042,0.05769239469142666,0.49079754601226994,0.7425373134328358,4.730227224598826,0.3194306165321356
156,0.5839391227757232,0.0601197172003407,0.4662576687116564,0.7276119402985075,4.740360807200199,0.30993106758710304
157,0.5766905612711815,0.059292002164268165,0.4785276073619632,0.7018348623853211,4.701811536618995,0.31945442860726736
158,0.5754743321793627,0.05681749942259123,0.4682926829268293,0.7018348623853211,4.6978279641757235,0.3226657945390094
159,0.576582524689259,0.05758766418033063,0.4682926829268293,0.7201834862385321,4.685202644954485,0.33161170403970447
160,0.5826336804451856,0.05661777802114996,0.4723926380368098,0.7201834862385321,4.724167233538554,0.31634797232275863
161,0.5794607554293976,0.05484750497523256,0.4785276073619632,0.7155963302752294,4.68963388554931,0.3194903200376114
162,0.5764459580937374,0.05183956051801812,0.4888888888888889,0.6880733944954128,4.678807006895594,0.3096839937135883
163,0.5721408386204311,0.05301923764262814,0.4601226993865031,0.6697247706422018,4.671621147962706,0.31482157243094205
164,0.5663677066744156,0.05263396020295466,0.43558282208588955,0.6605504587155964,4.6421269230692195,0.3176885912743816
165,0.5678204366525065,0.04840690098417199,0.4539877300613497,0.6397306397306397,4.656108214122347,0.3065102462050477
166,0.5753423835552665,0.0490278442024967,0.4785276073619632,0.6567164179104478,4.712728475758349,0.2905771384915406
167,0.5717679191748777,0.05389466239942989,0.4601226993865031,0.6568047337278107,4.688877252833754,0.3175319722156598
168,0.578565378931262,0.055662643134261246,0.4723926380368098,0.6705426356589147,4.727548078450267,0.3269662770184965
169,0.57949571291294,0.055168817795875395,0.48466257668711654,0.6982248520710059,4.74253668886371,0.30171744871057576
170,0.5820265483053044,0.05579981343983986,0.4889867841409692,0.6745562130177515,4.758678598389644,0.2897887400788841
171,0.5811468097379117,0.05935276075644915,0.47804878048780486,0.6863905325443787,4.733122807464981,0.32590496098229693
172,0.5791400295627359,0.060234047823126434,0.45365853658536587,0.6782945736434108,4.718514188054414,0.3423650397581215
173,0.5836618286623395,0.058753782716387724,0.43414634146341463,0.6821705426356589,4.7565380310867,0.32548321642851147
174,0.5816897191307245,0.06001217308205788,0.45365853658536587,0.6937984496124031,4.7462579310001765,0.3229288179672239
175,0.5762436737732652,0.061125202655916956,0.43902439024390244,0.676829268292683,4.7046936973322016,0.3310257218870058
176,0.5793730271911027,0.06056808774594672,0.4482758620689655,0.676829268292683,4.731536778864793,0.35479341904408823
177,0.5783901969699597,0.06131298695589098,0.4525862068965517,0.6865671641791045,4.729403922867044,0.35791461178591233
178,0.5780138525576456,0.060214415566106294,0.4539877300613497,0.7012195121951219,4.727330271838921,0.3457056909680723
179,0.5706700942193693,0.06250972679605252,0.44390243902439025,0.6890243902439024,4.691563297409314,0.33760091555061117
180,0.5720981634550484,0.05905156700846095,0.4539877300613497,0.6744186046511628,4.702114371799722,0.3201793362471606
181,0.5728765527201088,0.058338318844914604,0.4525862068965517,0.6782945736434108,4.717732293577651,0.31073091201914993
182,0.5747841687979748,0.061591870165313804,0.4482758620689655,0.6890243902439024,4.722291549408922,0.3217583712967822
183,0.5721787405640871,0.06006937495734676,0.41810344827586204,0.6646341463414634,4.6944941008257635,0.32148935897091707
184,0.5736352943015642,0.05257714727160652,0.4585152838427948,0.6863905325443787,4.700609539894426,0.2753062278319556
185,0.5737944975080164,0.0487261063837383,0.49344978165938863,0.6627906976744186,4.696329080540874,0.2681736895580212
186,0.5822017822591808,0.04404131908873106,0.4982078853046595,0.676829268292683,4.747119283894244,0.23516368067286308
187,0.5859034650733587,0.052383253010728215,0.4731182795698925,0.7093023255813954,4.759756775167633,0.27652615972461053
188,0.5899430754434614,0.05162989797066639,0.48028673835125446,0.6976744186046512,4.787279900992788,0.2777926276600198
189,0.5943153906366597,0.05513802397056865,0.47317073170731705,0.7093023255813954,4.817215627673714,0.29741778877927744
190,0.5904507081954044,0.05386746879680232,0.4585365853658537,0.6705426356589147,4.788451323110669,0.28452090515461353
191,0.5900916763581822,0.05280210141661337,0.4634146341463415,0.6863905325443787,4.7969650362001,0.25558660663494404
192,0.5960568928248927,0.061363860117502646,0.44390243902439025,0.6982248520710059,4.819967217190294,0.3172356479538484
193,0.5920120458733866,0.05866698166122872,0.424390243902439,0.6937984496124031,4.801804990690191,0.31920541684894854
194,0.5939955871744718,0.057023353449974605,0.43902439024390244,0.6937984496124031,4.821255156357991,0.29771054201941716
195,0.5895919121713331,0.059212995806925434,0.4097560975609756,0.6951219512195121,4.812644513038368,0.29776190561396243
196,0.5856971582234017,0.05362631792368573,0.43902439024390244,0.67003367003367,4.78431736357275,0.2812595949252966
197,0.5857444197406357,0.05518506727080691,0.43902439024390244,0.7003367003367004,4.763463243102362,0.28518225946206566
198,0.5905114481892034,0.054789131411835224,0.44878048780487806,0.7205387205387206,4.78176368001859,0.29383467529921053
199,0.5937522245238362,0.05862606111259377,0.424390243902439,0.7239057239057239,4.798799154673372,0.32234967288220845
200,0.589231987547053,0.056648636355222506,0.46953405017921146,0.7272727272727273,4.7912779417710745,0.303463198694423
201,0.5913694930534138,0.05736814712069563,0.47317073170731705,0.7205387205387206,4.798418449521018,0.3135382594150953
202,0.5910105785513277,0.056969813109432214,0.4767025089605735,0.7104377104377104,4.796836152012523,0.31770509610587194
203,0.5911928355202284,0.05621189642504185,0.48292682926829267,0.7138047138047138,4.8112620523025225,0.30986681351960277
204,0.585341196027485,0.058727211855501366,0.4878048780487805,0.7070707070707071,4.784536397213029,0.3246039408164008
205,0.5869257241743354,0.05681957794354232,0.5024390243902439,0.7177914110429447,4.792083427975634,0.31396561843919674
206,0.590691874471427,0.05513105011165349,0.5024390243902439,0.7177914110429447,4.806077413525917,0.29842988991714997
207,0.5894200942187096,0.05534650460103829,0.47804878048780486,0.7037037037037037,4.793832497323677,0.3160984376208996
208,0.5933032206246709,0.05500791439309483,0.49767441860465117,0.6936026936026936,4.814752753055421,0.3134627815823377
209,0.5902948736488497,0.05466987529444793,0.4982078853046595,0.6936026936026936,4.796595929212,0.30832005884709973
210,0.589070023456771,0.05457036111936575,0.47619047619047616,0.6835016835016835,4.774929528549083,0.3057042972648856
211,0.5941776627966253,0.05322684623822097,0.5125448028673835,0.7041420118343196,4.81547713712417,0.2904638883078034
212,0.5933114486352971,0.051271251326116915,0.5089605734767025,0.6748466257668712,4.813536821700997,0.293303274532667
213,0.5924165674109783,0.054932871267096964,0.4982078853046595,0.6809815950920245,4.8176338914761105,0.3177281576088232
214,0.5982482458651919,0.05564527219422534,0.5021834061135371,0.6748466257668712,4.83024855116847,0.33406830477454863
215,0.5933516133743207,0.05427341101551803,0.5,0.6932515337423313,4.808989679077272,0.30246165448235923
216,0.5939387671684729,0.05302807705136291,0.4876543209876543,0.6666666666666666,4.81446021193443,0.28633272858044134
217,0.5906326455301524,0.060253417309529676,0.4506172839506173,0.6733870967741935,4.807750569003954,0.3280979630447893
218,0.5849363647219701,0.06074415237973496,0.41975308641975306,0.6733870967741935,4.767685218113437,0.3397647413238646
219,0.5868999193982346,0.07017432608651454,0.3888888888888889,0.7073170731707317,4.782894238084201,0.38846454673780056
220,0.5866030627138084,0.05747181933047964,0.4382716049382716,0.6693548387096774,4.788137318622201,0.32017772778677817
221,0.5906896465879454,0.05921701337569183,0.4691358024691358,0.6829268292682927,4.809374131035983,0.3308934547272163
222,0.5962343437133683,0.05385353031665935,0.4857142857142857,0.7195121951219512,4.839211011162258,0.29128231213628686
223,0.5916462878003463,0.04643043909377105,0.5116279069767442,0.7134146341463414,4.80927159293688,0.2557994825699108
224,0.5939169476796249,0.04703532663434617,0.5116279069767442,0.6829268292682927,4.830090960896884,0.26139700799415816
225,0.5939527568131545,0.05227803727533493,0.5021834061135371,0.6890243902439024,4.8306013220138855,0.3041204392124465
226,0.5940074488384914,0.05315458933007781,0.49382716049382713,0.6890243902439024,4.816457945874334,0.2921585414827865
227,0.5915263364718707,0.05540980082464078,0.47317073170731705,0.6829268292682927,4.7923228782886,0.300752807622217
228,0.5980188051895927,0.05769991154396812,0.4682926829268293,0.7012195121951219,4.8319460510235075,0.31153786468602157
229,0.5957140383475502,0.054354154064644604,0.48095238095238096,0.676829268292683,4.8104113332338105,0.30052783598859145
230,0.594265957779875,0.0499703736456137,0.4926829268292683,0.6829268292682927,4.804800253703397,0.2774739523438632
231,0.5935428962771735,0.048299244402090484,0.4926829268292683,0.6951219512195121,4.798523850843107,0.24830950112630637
232,0.5906794655606061,0.04594485217714716,0.49344978165938863,0.676829268292683,4.784501871127152,0.2315811861783062
233,0.5901234189179694,0.042851865233005465,0.48292682926829267,0.6707317073170732,4.7954339200020355,0.22794426218917824
234,0.5888102607251926,0.04215919358103254,0.4878048780487805,0.6622222222222223,4.780491290259448,0.2293382823442798
235,0.5913137312579226,0.04869493227307752,0.47317073170731705,0.6755555555555556,4.791635754867225,0.2502503803464136
236,0.5941646143607906,0.049023868475693344,0.47804878048780486,0.6809815950920245,4.813692104609975,0.2423353573035339
237,0.5893985621449598,0.05062830183646962,0.4759825327510917,0.691358024691358,4.789759990513937,0.25359686321764396
238,0.5919954572565,0.05012233303451921,0.4878048780487805,0.6932515337423313,4.817596925216459,0.262447177934404
239,0.5948812539938791,0.04469723773407811,0.4878048780487805,0.6680161943319838,4.834262111689054,0.23137066078089955
240,0.5908834180323199,0.04317811963000628,0.47317073170731705,0.6680161943319838,4.812927748474221,0.23015830626481495
241,0.5939451568527954,0.04551449794425352,0.44390243902439025,0.6781609195402298,4.82141624755276,0.24394570676712507
242,0.5900453041852285,0.048449272611400876,0.4097560975609756,0.6577777777777778,4.804092426195255,0.26217199837440236
243,0.5901186646476855,0.04878684334144642,0.43902439024390244,0.6666666666666666,4.7980023215580445,0.2663648079158192
244,0.5858690067375727,0.04864775825706094,0.43902439024390244,0.6666666666666666,4.768211521818163,0.27644193397937333
245,0.5831721584509603,0.04696681943785799,0.4634146341463415,0.6722222222222223,4.750480105427297,0.26320466953485366
246,0.5879207470843003,0.049789584307352364,0.44878048780487806,0.7055555555555556,4.778375202629215,0.2732847365373571
247,0.5977623944055946,0.04842937688393985,0.47317073170731705,0.7111111111111111,4.838357600812158,0.25102897662737184
248,0.596355357784335,0.04846150463019539,0.4682926829268293,0.6944444444444444,4.830715133626982,0.26996908344574977
249,0.5946545289408397,0.052126716637329616,0.4926829268292683,0.7055555555555556,4.8196222533269975,0.2895537188529812
250,0.5940432220500907,0.04888702781970663,0.5116279069767442,0.6904761904761905,4.80747888820131,0.29396322239825884
251,0.5930456987011204,0.04192112170785295,0.5117845117845118,0.6585365853658537,4.8127655124010795,0.24253238275017522
252,0.5910516954786209,0.04574368091742703,0.494949494949495,0.6743119266055045,4.789468125341864,0.25959153771376725
253,0.5921741401160994,0.039965040032064386,0.5185185185185185,0.6639676113360324,4.801973375467379,0.2211168099235545
254,0.5970955272158162,0.042138522547767364,0.5218855218855218,0.6788990825688074,4.84131998935064,0.24384894656073142
255,0.5967730425359918,0.04167369482993786,0.494949494949495,0.6639676113360324,4.835765390925971,0.2396229327578657
256,0.5961393750297301,0.03969160817970992,0.4781144781144781,0.6697247706422018,4.835392001119044,0.21359181991269816
257,0.595470643542272,0.04297874154143551,0.4882154882154882,0.6788990825688074,4.817249367004761,0.22164979353625877
258,0.5984823658788588,0.043262673698524684,0.4983164983164983,0.6880733944954128,4.8216340628673935,0.22629515457523514
259,0.5986782216076942,0.045085170142507076,0.5050505050505051,0.6834862385321101,4.82461048287431,0.2264225510151077
260,0.5967676709256498,0.04029589407892009,0.5151515151515151,0.6666666666666666,4.803807901355878,0.2214483053617593
261,0.599423711467417,0.04327156687043333,0.5185185185185185,0.6788990825688074,4.825732693567821,0.2184682883238504
262,0.6029181568035469,0.0440919135960173,0.5190311418685121,0.6743119266055045,4.845456700262773,0.23452670756313884
263,0.5952059786009015,0.04065242185912934,0.5084175084175084,0.6559633027522935,4.801286718566846,0.22396595711741216
264,0.5996404458882445,0.04079439054163202,0.5050505050505051,0.6697674418604651,4.83175913741626,0.2254802917624559
265,0.6036592403159481,0.03842655329346509,0.48484848484848486,0.6577777777777778,4.86014721216357,0.2334895677444517
266,0.6017425372576937,0.033978483505715446,0.5291970802919708,0.6611111111111111,4.864266577267263,0.1961869927892754
267,0.5975606256054966,0.03655780747220362,0.5182481751824818,0.6511627906976745,4.83275078893083,0.2106224390843462
268,0.593047603485722,0.03824093688925121,0.5084175084175084,0.6588235294117647,4.815063675176461,0.21405960721366088
269,0.5952029598412769,0.03305038940479018,0.5283842794759825,0.6611111111111111,4.8082387771105966,0.1943805229918705
270,0.5938501270142029,0.03121840625241958,0.5283842794759825,0.6444444444444445,4.799053354418446,0.18151105287367023
271,0.594433484566818,0.04062966981118197,0.5246913580246914,0.6722222222222223,4.804418038142365,0.2337283549997777
272,0.5915042268167178,0.04647014328542933,0.5123456790123457,0.6951219512195121,4.77698554759408,0.24716223392464712
273,0.5901404726196215,0.044946203768330056,0.5028248587570622,0.6890243902439024,4.781921150704312,0.23593683089358938
274,0.5941799362812105,0.04190185116686667,0.5218978102189781,0.6888888888888889,4.810158611770045,0.23060582206493938
275,0.5966073568915633,0.0439402173143307,0.5207100591715976,0.6944444444444444,4.823737423251931,0.23710646016915612
276,0.5910199871578132,0.04416753190025473,0.49382716049382713,0.7,4.796067026664024,0.25216611053797844
277,0.5922318089159692,0.04402899305156555,0.4975609756097561,0.6781609195402298,4.800006759298585,0.2427467403551035
278,0.5882093144583038,0.04661637252068166,0.5061728395061729,0.6781609195402298,4.781589828244502,0.2605892423256743
279,0.5853611159436298,0.050191846322313896,0.49382716049382713,0.685823754789272,4.759760418526499,0.24845905846630514
280,0.5861811201183759,0.04811451687287849,0.47530864197530864,0.685823754789272,4.760867947848924,0.24794889749560658
281,0.5881787272513804,0.05011115919770254,0.4691358024691358,0.7011494252873564,4.775534852316604,0.268578750254701
282,0.5875047920218949,0.05035313582228211,0.5,0.7011494252873564,4.769656000436459,0.2681152522628943
283,0.5884517089624047,0.05096497979608805,0.480225988700565,0.6977611940298507,4.77974501165083,0.27172591550897013
284,0.5916982843347655,0.045744968069195764,0.4745762711864407,0.6819923371647509,4.7850412622552065,0.24335793244968296
285,0.5885227506655253,0.047902723289158206,0.4519774011299435,0.6716417910447762,4.7703737819182805,0.25341106782747375
286,0.585713977125621,0.043747734495247166,0.4689265536723164,0.6791044776119403,4.760099806063446,0.22702078542906873
287,0.5815563127567387,0.04277793630643677,0.423728813559322,0.6481481481481481,4.737935513800447,0.22338257203541684
288,0.580229472146247,0.04817167918137361,0.4350282485875706,0.664179104477612,4.7167424988954405,0.26257802067578345
289,0.5784374562512716,0.05013605891838634,0.4463276836158192,0.6716417910447762,4.713626451507552,0.30033737230769336
290,0.5829614104730165,0.04915053738229604,0.480225988700565,0.664179104477612,4.750462168611839,0.2885886299273693
291,0.5861400478911764,0.048732559171569496,0.4463276836158192,0.6791044776119403,4.783352419999685,0.29704797036210634
292,0.5815412716846836,0.050956746032940106,0.4519774011299435,0.6753731343283582,4.752402771787493,0.3131926428042426
293,0.5820597464620912,0.05485965624998888,0.4632768361581921,0.7083333333333334,4.74411159344159,0.323159172379833
294,0.5822999141364209,0.05026327936426691,0.4861111111111111,0.6856060606060606,4.737308983362703,0.3010105286202204
295,0.5826519707952386,0.05005799731686597,0.48905109489051096,0.678030303030303,4.729824638082541,0.2936534334976131
296,0.5884218398758868,0.047643261819108794,0.49635036496350365,0.6856060606060606,4.755144524897185,0.2857011161218004
297,0.5919866359601179,0.04906788584367226,0.5,0.7007575757575758,4.780772414073283,0.28529291626594144
298,0.5898587693189048,0.0452489353544124,0.5036231884057971,0.6937984496124031,4.7671226217901905,0.2350621009200316
299,0.5907502754527253,0.047650973371397454,0.5046296296296297,0.7015503875968992,4.768096288080034,0.25455689736383275
300,0.5854094912169361,0.04718294055029035,0.4971751412429379,0.6976744186046512,4.740041392402376,0.2712743584206031
301,0.5828356300193546,0.050695005848187764,0.4926829268292683,0.7093023255813954,4.720483650284783,0.2785138333321919
302,0.5852351554409041,0.04811234180050348,0.48148148148148145,0.6829268292682927,4.739799518914278,0.2645487255852821
303,0.5894293092141224,0.05067670196749313,0.4689265536723164,0.686046511627907,4.776171118216278,0.2772929812298155
304,0.5874060957123659,0.05315372562049956,0.4519774011299435,0.689922480620155,4.770731694368709,0.2888275551706367
305,0.5877664394879323,0.052934747178705076,0.4689265536723164,0.6782945736434108,4.781916245941022,0.2815253502230091
306,0.5966215028772468,0.05740962575379736,0.48333333333333334,0.7015503875968992,4.828719989064731,0.29896662037281857
307,0.5962574796405887,0.05674583807094053,0.4722222222222222,0.7073170731707317,4.81686658121522,0.30898211232333256
308,0.5939852950601414,0.05431108339956427,0.46296296296296297,0.7134146341463414,4.814326105164304,0.3003546587983268
309,0.598072181662628,0.05065573206594,0.46296296296296297,0.6829268292682927,4.832729582003259,0.2847381151859644
310,0.597690394658285,0.05252772235270898,0.4305555555555556,0.6888888888888889,4.832026905974749,0.2969697815857833
311,0.5925362764518983,0.05934419622201532,0.37962962962962965,0.6977777777777778,4.801281018299623,0.3344494925405329
312,0.5868536083287162,0.056165289198947935,0.3888888888888889,0.6711111111111111,4.7783057237969535,0.3069679517305152
313,0.5846413079368682,0.052590177828628376,0.4027777777777778,0.6768558951965066,4.765703047556414,0.29546738968900965
314,0.5933628407491941,0.05524705244798474,0.4027777777777778,0.6854838709677419,4.820943640759179,0.31706733163607975
315,0.5969914387642555,0.05828251582538202,0.38425925925925924,0.6933333333333334,4.832841467141074,0.3427653743009318
316,0.6021535598756199,0.05609866535694273,0.4027777777777778,0.7030075187969925,4.859574529062405,0.3117608030932295
317,0.5979720086653937,0.05166604994231802,0.4212962962962963,0.6917293233082706,4.841287007976268,0.2941134370805737
318,0.5983960120219556,0.05045604764865553,0.47685185185185186,0.676829268292683,4.840767878093346,0.26002317073381065
319,0.5978198184360176,0.05447650644007422,0.47685185185185186,0.6935483870967742,4.831567268468404,0.28076464987457295
320,0.5946338521050405,0.056208343947322194,0.4583333333333333,0.6855895196506551,4.809400838768162,0.3007909927393957
321,0.5940124160567163,0.06302051096823881,0.4583333333333333,0.7137096774193549,4.786080741754192,0.3324848787837569
322,0.5935690470637367,0.06460727048755391,0.42592592592592593,0.717741935483871,4.786815533111686,0.3512944355525024
323,0.5911007354729757,0.05775226997733981,0.46551724137931033,0.7016129032258065,4.789146344692147,0.31275867805211544
324,0.5884288432348588,0.05859308679736342,0.4581497797356828,0.6895161290322581,4.772031507534491,0.3219080621236494
325,0.5860789014742367,0.05630212291076071,0.4722222222222222,0.7074235807860262,4.758715097374457,0.289043165002242
326,0.5839421422612802,0.053833915700596424,0.4669603524229075,0.6768558951965066,4.733673124604687,0.28815642731844887
327,0.5844923948709545,0.05569704606624636,0.48484848484848486,0.6627450980392157,4.730242789125497,0.2940719451950355
328,0.58303244975743,0.0589142671125473,0.4801762114537445,0.6935483870967742,4.729612678454169,0.2967371365064469
329,0.5792778732670826,0.06145334312685132,0.4801762114537445,0.7098039215686275,4.728011060417941,0.32133800785288336
330,0.5750348110703182,0.060761134612916934,0.4713656387665198,0.7019607843137254,4.706746070894206,0.34166005065051414
331,0.5720297714777176,0.06253268430600907,0.47317073170731705,0.6980392156862745,4.687598778702921,0.34003142134535524
332,0.5748739644741974,0.059460291343203686,0.4878048780487805,0.7254901960784313,4.710666469729627,0.32420440442627385
333,0.5758066754678601,0.06341759136402424,0.47804878048780486,0.7137254901960784,4.706209676344247,0.32956498038134624
334,0.5793066811497021,0.062128704377637206,0.47317073170731705,0.7215686274509804,4.734363322277462,0.32459153731428153
335,0.5719329680819522,0.06820473964858266,0.44390243902439025,0.7333333333333333,4.692588436786333,0.35667585928526396
336,0.5768649135292673,0.06310132190773025,0.4634146341463415,0.7030567685589519,4.722217943108143,0.33939453524761587
337,0.5754199256442368,0.06851865607624326,0.4634146341463415,0.7467248908296943,4.712823367912216,0.35775644485767216
338,0.5784430821971,0.0686571782300701,0.44933920704845814,0.74235807860262,4.720477197852507,0.3781202043010853
339,0.5797331818844373,0.06633137090960067,0.4268292682926829,0.7292576419213974,4.702531155388196,0.36336105797956175
340,0.5778981114084577,0.062201612628426904,0.45121951219512196,0.7030567685589519,4.701222618025585,0.3487961631290872
341,0.5724840416986808,0.05907908133413832,0.4695121951219512,0.6812227074235808,4.687061008498775,0.32765974330854575
342,0.5751632510300215,0.05669938084385657,0.47761194029850745,0.7117903930131004,4.689475413167817,0.30381064315337614
343,0.5738270521737177,0.058216438672991894,0.4573170731707317,0.6855895196506551,4.66554873790564,0.31360809048142696
344,0.5757726007215243,0.060816603664905634,0.4329268292682927,0.7117903930131004,4.667343005490155,0.3324347773034704
345,0.5726487827778473,0.05730727000258101,0.47560975609756095,0.7055214723926381,4.6573895345475185,0.2908550517879701
346,0.5747881050113581,0.057696445479810586,0.4451219512195122,0.6932515337423313,4.683503458779368,0.29366590935301873
347,0.5809670390326963,0.05226035377045461,0.4889867841409692,0.6943231441048034,4.7251580840182275,0.2501185235190139
348,0.5845600050514581,0.05324631117671362,0.4878048780487805,0.6986899563318777,4.7451612777967425,0.2698032433841633
349,0.5833004723832862,0.05550345630277975,0.5,0.7055214723926381,4.7209708542792255,0.3078756963756964
350,0.5843345859753186,0.047366000326035045,0.48484848484848486,0.6932515337423313,4.720736471573289,0.2654471818345059
351,0.5805718859972384,0.04335014127717367,0.5016835016835017,0.6871165644171779,4.696703615923083,0.2492897693342021
352,0.5833262029357126,0.052259430340833676,0.4983164983164983,0.6871165644171779,4.726194119981151,0.2729745013360611
353,0.5841900399422044,0.048753903280390705,0.5016835016835017,0.6642335766423357,4.750674143504331,0.2625653233239256
354,0.5893683663831853,0.04807543174086496,0.5073170731707317,0.6705882352941176,4.780088727049963,0.24850822130535924
355,0.5878202188619535,0.05338700049068074,0.4889867841409692,0.6739130434782609,4.7640611405346265,0.28197356771034093
356,0.5880615437846302,0.056218857804945475,0.47560975609756095,0.6739130434782609,4.770298923291734,0.3074822262685215
357,0.591599075661186,0.05780988994699681,0.4722222222222222,0.677536231884058,4.776892207058442,0.32792787457004524
358,0.59480300326535,0.058357345535988085,0.4777777777777778,0.6943231441048034,4.77910429297366,0.31414026437033554
359,0.5989582156450213,0.05668467860133022,0.5055555555555555,0.6899563318777293,4.816786776118159,0.30052568469625995
360,0.5965004729205149,0.05455818364129557,0.5111111111111111,0.7074235807860262,4.805783143142409,0.2927133359059763
361,0.5953769869368702,0.057101621700272234,0.48292682926829267,0.6899563318777293,4.821703481486089,0.30215864358673605
362,0.5933751242915384,0.05204175623592086,0.4975609756097561,0.6986899563318777,4.805078575932308,0.2761748105973979
363,0.5961955261534329,0.05047851834425147,0.4926829268292683,0.7030567685589519,4.8416657763768605,0.26552648770614673
364,0.5966212037311253,0.04597965031327522,0.5024390243902439,0.7030567685589519,4.838729033534721,0.23461605163748772
365,0.5909481711102141,0.04836609652621096,0.5024390243902439,0.6986899563318777,4.800787320639192,0.2632110272478841
366,0.5960222831983094,0.04592453380027372,0.5170731707317073,0.6989247311827957,4.829649578055622,0.2481746899411014
367,0.6056235868036507,0.04855839882552345,0.5022026431718062,0.6989247311827957,4.867152235673154,0.2751846373593426
368,0.6017378113036838,0.0525105164893512,0.5172413793103449,0.7096774193548387,4.828862526204865,0.28007327989558206
369,0.5954917527319549,0.057514690622728085,0.4827586206896552,0.7096774193548387,4.791898311867308,0.30762158187547883
370,0.5967272969602057,0.0524207718619161,0.5073170731707317,0.7204301075268817,4.80984042345261,0.26015986554453774
371,0.5906767017320124,0.05039903818189692,0.49612403100775193,0.7096774193548387,4.774564112887031,0.2578390740388364
372,0.5878180901667052,0.04659695412730603,0.5129310344827587,0.6917562724014337,4.772786427942015,0.2397255957793056
373,0.5858857636429153,0.05087612952233834,0.5121951219512195,0.6818181818181818,4.75897798094457,0.2540028087671875
374,0.5903986035236496,0.05236347887954623,0.4878048780487805,0.6810035842293907,4.77435158897642,0.27860821561311533
375,0.5930606709998699,0.05136781333264789,0.49523809523809526,0.7007575757575758,4.789305481081667,0.27655156190128266
376,0.5916092919248948,0.05172541417827334,0.5024390243902439,0.7030567685589519,4.799384005502268,0.2894205288305836
377,0.5944110089499869,0.05008508959636039,0.5121951219512195,0.7074235807860262,4.803459958400077,0.2683579073421305
378,0.5933346302347378,0.05816661507498321,0.5047619047619047,0.7117903930131004,4.781142602139451,0.3173667314767695
379,0.5899668489341614,0.05631979730672889,0.5142857142857142,0.7030567685589519,4.7891140289272975,0.29586570821557767
380,0.5882432686513855,0.05831821451055133,0.47619047619047616,0.6986899563318777,4.775710015677183,0.31092725439010604
381,0.5841874608303077,0.05434860597089856,0.4790697674418605,0.6899563318777293,4.757430070962813,0.3136968953897379
382,0.5802564402468562,0.05518791245405532,0.48372093023255813,0.7117903930131004,4.736466823887121,0.3148504450904999
383,0.5787625430056639,0.05300966061885516,0.4883720930232558,0.6851851851851852,4.73722258553807,0.31938631181131427
384,0.5783228798667401,0.05095153402052762,0.4722222222222222,0.6899563318777293,4.739788006348049,0.3224782353571429
385,0.5824187939991771,0.051881472491983535,0.4722222222222222,0.7074235807860262,4.7505729151031035,0.3116076184773813
386,0.5917838695900511,0.04825243982348997,0.5111111111111111,0.7205240174672489,4.804971117956426,0.2698552620319041
387,0.5946672528170489,0.05647427804814768,0.5055555555555555,0.74235807860262,4.7988134528063195,0.3070963875965301
388,0.5935369734361257,0.05222215420315841,0.5121951219512195,0.7117903930131004,4.81325803887996,0.29020440158891103
389,0.5953878474088427,0.05138128915230999,0.5024390243902439,0.6986899563318777,4.832003306894374,0.2978006526402886
390,0.5921255156623558,0.0566290077450765,0.4926829268292683,0.7336244541484717,4.801395496406403,0.3233237423063102
391,0.5873154853830733,0.05617794947248257,0.4888888888888889,0.7126865671641791,4.768988510507887,0.3118464011383949
392,0.592494656765418,0.0549351129697848,0.5022026431718062,0.7276119402985075,4.789527618055165,0.29898040301135126
393,0.5915838151644153,0.062081699563353236,0.4888888888888889,0.746268656716418,4.791989500610955,0.3203857715131497
394,0.595042227605659,0.06317272780713021,0.4444444444444444,0.7350746268656716,4.803908059283037,0.33386274345860056
395,0.5878907390125375,0.06514112983237927,0.42777777777777776,0.7425373134328358,4.751981949017087,0.34992484121216316
396,0.5927793249421671,0.0608165627689173,0.4388888888888889,0.7238805970149254,4.796820256571294,0.3076436019553116
397,0.5906171760489879,0.060149650847108035,0.4666666666666667,0.7024221453287197,4.775026159914251,0.3328718578451215
398,0.5903655592044657,0.061692565547081475,0.4444444444444444,0.7093425605536332,4.76528494686442,0.3394254152056483
399,0.5873381505202598,0.065101794544332,0.4444444444444444,0.74235807860262,4.75898108609012,0.3464279458231563
400,0.5828153396390461,0.06010808161418066,0.43333333333333335,0.7117903930131004,4.746116769551841,0.32294997726793934
401,0.5901882422808048,0.05655282065253098,0.4666666666666667,0.6986899563318777,4.771231053893029,0.3135680023027041
402,0.5948448314394705,0.052561276518565625,0.4666666666666667,0.6899563318777293,4.795073249587332,0.28977015987512206
403,0.6001271988207587,0.04500158254708021,0.5111111111111111,0.6986899563318777,4.829710386542772,0.2435473281969822
404,0.6031197947090181,0.04274701601086109,0.5161290322580645,0.6899563318777293,4.839330288217344,0.2378883329871867
405,0.60406247455057,0.04325370685235916,0.5066079295154186,0.6855895196506551,4.8583514153461635,0.23109328776458274
406,0.606234467348026,0.04417506657797731,0.5066079295154186,0.6812227074235808,4.854360927556774,0.23705628600655904
407,0.6004829076360849,0.04682176914703862,0.4801762114537445,0.6855895196506551,4.830367147829196,0.26423351149691304
408,0.6009740788484892,0.04308601917404053,0.4933920704845815,0.6855895196506551,4.840384714377865,0.22586668901765966
409,0.6014186804476983,0.042759049170433924,0.4889867841409692,0.6724890829694323,4.851971944526403,0.2279874636309622
410,0.5982338557304582,0.04319563894552975,0.47577092511013214,0.6646341463414634,4.8500514789540405,0.22038816728919222
411,0.5977144070944281,0.044965021534644864,0.49537037037037035,0.6720647773279352,4.853356064642919,0.24243191882542126
412,0.5989951848138922,0.03856001539964805,0.5242290748898678,0.6680161943319838,4.846388048830986,0.20522825938273195
413,0.5992290790613374,0.042996885477194165,0.5066079295154186,0.6761904761904762,4.846954655743231,0.2250585175380386
414,0.5975348987516901,0.043085908132389904,0.4977973568281938,0.664179104477612,4.8533502914543245,0.24369052739757469
415,0.5945283190844461,0.04507136290639673,0.4889867841409692,0.6857142857142857,4.818397031245024,0.2509838192452723
416,0.5954012947935688,0.04445792848658575,0.518348623853211,0.7,4.8281561917513915,0.245822755927118
417,0.5926349488253889,0.0471161052142042,0.5,0.680952380952381,4.809956610200174,0.24455047428925733
418,0.5909942102715322,0.048268378981989546,0.4777777777777778,0.6952380952380952,4.775531956864104,0.2700695591395498
419,0.5899606564671137,0.04587293950351951,0.49444444444444446,0.680952380952381,4.795042130023691,0.2502625747397809
420,0.590172906384237,0.04656278375632959,0.4977973568281938,0.6714285714285714,4.787463713701508,0.25221591936761656
421,0.5898766681527057,0.04682519651001951,0.48623853211009177,0.6952380952380952,4.77664322904215,0.26350516319549105
422,0.5868052292140505,0.04066919285883734,0.5045871559633027,0.7047619047619048,4.77509222892784,0.21466590315564754
423,0.5920146900845256,0.04779637365047547,0.463302752293578,0.7238095238095238,4.7966067417091685,0.2314196368826519
424,0.5913297427460915,0.04528057261337988,0.4954128440366973,0.7047619047619048,4.794339592532937,0.23218792126774637
425,0.5873184873790558,0.047651446307706416,0.5,0.7047619047619048,4.777230957348332,0.2503866940581683
426,0.5890190099719445,0.042951820993388595,0.5201612903225806,0.7,4.78069408112735,0.24395349116769224
427,0.5863148269019036,0.042459939626052524,0.5229357798165137,0.6904761904761905,4.758494789564358,0.24031141204625958
428,0.5887099629900141,0.04317474846135703,0.5166666666666667,0.680952380952381,4.749443421650613,0.25711087415057926
429,0.5918840973565312,0.04592045751029552,0.5222222222222223,0.7,4.762931419023383,0.2636656404424293
430,0.5900245301589478,0.044570641051385404,0.49444444444444446,0.6904761904761905,4.7683713731518065,0.2687961235819992
431,0.5896094263015398,0.043096393543171845,0.5111111111111111,0.6761904761904762,4.739371658684501,0.259744259261574
432,0.586540003331343,0.04417975518854006,0.5045871559633027,0.6620370370370371,4.72272302323648,0.250521393212689
433,0.5922766485625347,0.04494119632816548,0.5186567164179104,0.6761904761904762,4.7622254572922,0.25596906011186943
434,0.5880816692136345,0.042566546187812956,0.4954128440366973,0.6619047619047619,4.758504534022555,0.2573964269923945
435,0.585957815154745,0.03995334692109449,0.5153374233128835,0.6558139534883721,4.751639897626142,0.24786104855311153
436,0.5828422406535222,0.04377474902848081,0.49693251533742333,0.6791044776119403,4.738662725936662,0.2728808132353209
437,0.582371019111534,0.043785699583489796,0.4539877300613497,0.6902985074626866,4.736463815700259,0.2730529887402156
438,0.5836639566221543,0.04068875306875942,0.49079754601226994,0.6902985074626866,4.74364062479898,0.24192850780585104
439,0.5806461250616812,0.040631697394284176,0.4785276073619632,0.667910447761194,4.746084323380032,0.2534347069404496
440,0.5799212074773024,0.042654530152507225,0.4785276073619632,0.6940298507462687,4.741171735016198,0.2571573486964329
441,0.5838695187385178,0.04539635319238321,0.4723926380368098,0.6940298507462687,4.7573246467486845,0.27561287711492943
442,0.5797640544973705,0.046337119098778023,0.44785276073619634,0.6828358208955224,4.73561263835491,0.27114190494088314
443,0.5819804761499221,0.0467500056156632,0.44785276073619634,0.6791044776119403,4.754797676335875,0.25902347424932565
444,0.5885732933335414,0.046942688529678096,0.44171779141104295,0.6666666666666666,4.78586937987214,0.2782307802208933
445,0.5904705336396027,0.05398560479010516,0.44785276073619634,0.677536231884058,4.7947520283826774,0.3064172070654981
446,0.5926092046485045,0.0530388545646507,0.4601226993865031,0.6779661016949152,4.815854560841806,0.31826038874120705
447,0.5941110852421788,0.05445297965654711,0.44171779141104295,0.6986899563318777,4.818419244318661,0.32986733394830065
448,0.6004624369984655,0.05184733700213165,0.44785276073619634,0.7025089605734767,4.844862407022152,0.31174598418113525
449,0.6021136220599391,0.049967980592228046,0.4601226993865031,0.6953405017921147,4.853347760857387,0.3011945346355529
450,0.6134491857505558,0.045739549520296414,0.49079754601226994,0.711864406779661,4.909760968525747,0.2583597749149879
451,0.6094917650298638,0.054060905575552175,0.50920245398773,0.7401129943502824,4.876660713132616,0.29581334575874224
452,0.6099402185224254,0.04854824048400385,0.49693251533742333,0.7231638418079096,4.875733193172222,0.2729766529887108
453,0.61594578451998,0.04991406282981177,0.5151515151515151,0.7380952380952381,4.912362740261997,0.26566010414747393
454,0.6120338864987945,0.0554481197801193,0.5030674846625767,0.7333333333333333,4.888696516307593,0.2948146694426636
455,0.6145350468933534,0.057091063995704794,0.48466257668711654,0.7288135593220338,4.907569325016703,0.30214467036563886
456,0.6169295654996177,0.04829517502740843,0.5189393939393939,0.7142857142857143,4.943287490279512,0.23962563724256303
457,0.6168115119035879,0.05262435875337673,0.5276073619631901,0.719047619047619,4.93385845961673,0.2508685376834273
458,0.6228803885510604,0.0473622489878683,0.5227272727272727,0.7288135593220338,4.953096657369185,0.23487600101753428
459,0.6200753403646964,0.049738018195970284,0.5265151515151515,0.7219512195121951,4.919658497780249,0.24014993701097925
460,0.619742166677451,0.04780280995249805,0.5189393939393939,0.7005649717514124,4.928909959130059,0.2616126865049246
461,0.6160749501349236,0.0475266225309584,0.5227272727272727,0.6949152542372882,4.901565757930323,0.25636503708462915
462,0.619829366148367,0.048738358628584014,0.5277777777777778,0.6855895196506551,4.9354108680409645,0.269102831992501
463,0.6123032689249713,0.04411395574238865,0.50920245398773,0.6682926829268293,4.904638362157428,0.24208336612040735
464,0.6126148645583146,0.046872134307605756,0.50920245398773,0.6855895196506551,4.899763986387935,0.27308399606809497
465,0.6106306995910518,0.04979066254860464,0.5030674846625767,0.7074235807860262,4.887610549768293,0.2791784746229847
466,0.610118130636694,0.04937043915787892,0.5111111111111111,0.6899563318777293,4.875157037936694,0.29259239898891604
467,0.6116844138307369,0.04817313104679678,0.49444444444444446,0.6899563318777293,4.8728145729305234,0.2650489874828828
468,0.6119314586799908,0.04772952416541123,0.5055555555555555,0.7030567685589519,4.883355884903195,0.24502910738447645
469,0.605088689286793,0.04711653301777994,0.46111111111111114,0.6851851851851852,4.838367930200229,0.25088994485001026
470,0.6008314950904183,0.04596554047186748,0.46111111111111114,0.6686390532544378,4.8108450363146735,0.2472162685900743
471,0.6001799992420012,0.05091935700361846,0.4777777777777778,0.6855895196506551,4.826658176102615,0.26354241355235025
472,0.6039800066446976,0.05238396954189794,0.4777777777777778,0.6943231441048034,4.843973072327488,0.26414127563122436
473,0.602626538421463,0.046568929157954714,0.5,0.7030567685589519,4.850375529190057,0.24146931514927208
474,0.6034677085451275,0.04452455717209939,0.5055555555555555,0.7030567685589519,4.855177227068769,0.22550719081368037
475,0.6042631295353448,0.045216427235663964,0.49242424242424243,0.6812227074235808,4.867431139902704,0.22531646481351794
476,0.5962983313681288,0.042963468627167906,0.5,0.655367231638418,4.8234356024162715,0.22020978598340113
477,0.5990856826534774,0.04272012851262352,0.48333333333333334,0.6779661016949152,4.839965018604231,0.24399590936522705
478,0.600912275744237,0.04530549123479792,0.4962121212121212,0.6761133603238867,4.848659535987334,0.23795291712667008
479,0.5979252132196448,0.04036028442473479,0.48484848484848486,0.655367231638418,4.833700647842098,0.21949673596572283
480,0.595292250010791,0.04305355798376366,0.48333333333333334,0.6678200692041523,4.809922106149391,0.2316579078561844
481,0.5920501221400601,0.04146541317588659,0.4810606060606061,0.6851851851851852,4.796988710048899,0.21388996793577433
482,0.591690749560454,0.04727024808870713,0.4772727272727273,0.6836158192090396,4.7850977893005116,0.2496018914274064
483,0.5978007798384574,0.04612718372337085,0.4696969696969697,0.6892655367231638,4.82664307933343,0.22462627360108908
484,0.5984537738441188,0.04870780953580389,0.4696969696969697,0.6892655367231638,4.819048891373129,0.23112441918875307
485,0.6001072350065131,0.0472773488379971,0.48863636363636365,0.7175141242937854,4.838330133571988,0.2324357653562953
486,0.5988428939851852,0.048790024203529084,0.5037878787878788,0.7344632768361582,4.835351692603087,0.2625344904846161
487,0.59936139113439,0.047248352763042435,0.4962121212121212,0.711864406779661,4.834816622566373,0.2600683744352562
488,0.599052637662349,0.04511020612369939,0.5151515151515151,0.7175141242937854,4.832888183873594,0.25243162774962824
489,0.5990956592385498,0.04657614407124495,0.5137614678899083,0.6863905325443787,4.8427976331026015,0.25756452007099734
490,0.5980245226524155,0.04647894797898481,0.4962121212121212,0.6923076923076923,4.84902889666493,0.26789541091293667
491,0.5962036641481551,0.04667126937604809,0.5037878787878788,0.6680161943319838,4.81787158359925,0.2734181935356853
492,0.5943838692909934,0.0466612295912248,0.5,0.6812227074235808,4.797922140927961,0.2850679345209704
493,0.5950416030719147,0.04955520992908571,0.4664179104477612,0.6637554585152838,4.788348405653246,0.28850707205963627
494,0.5940194357969927,0.04487372962514445,0.4734848484848485,0.6549019607843137,4.79790810177939,0.28402824524052017
495,0.5984445825522094,0.03762757455832754,0.5113636363636364,0.6555555555555556,4.810942723179571,0.24518897847008345
496,0.5955076571354276,0.04053405133092276,0.5113636363636364,0.65,4.811003611618836,0.24814734506600325
497,0.598663818668599,0.043582099125712405,0.518348623853211,0.6691729323308271,4.82835805484974,0.2736519994924417
498,0.5897380155658708,0.04379556171084337,0.47761194029850745,0.6666666666666666,4.79574811705095,0.26242333042646004
499,0.5893039587094979,0.04273872130501673,0.47388059701492535,0.6728395061728395,4.794243120356482,0.2534935243507636
500,0.591722996522617,0.04346456739896174,0.4962686567164179,0.6790123456790124,4.795217052541648,0.24077798042960408
