run_id,seed,final_mean_cooperation,final_std_cooperation_between_communities,final_mean_payoff,expected_global_cooperation,observed_global_cooperation,num_intercommunity_edges,corr_size_cooperation,corr_degree_cooperation,intercommunity_mutual_coop_rate,mean_external_payoff,mean_b_eff,std_b_eff,b,Tin,social_adaptation_rate,epsilon_perception,epsilon_execution,delta_D,delta_pi,rho,num_epochs,rounds_per_epoch
5,501000,0.3720318558400105,0.0674796984722232,2.834073611410757,0.4286713976731592,0.35,1134,0.0323420954204633,0.0914721556571246,0.128747795414462,10.75,1.5,0.0,1.5,800,0.2,0.02,0.01,0.05,0.1,0.0,10,120
8,801000,0.3595717170782758,0.0604776552985686,2.741935620751552,0.4455425466290541,0.41,1097,0.0826620117226768,0.0516935498654688,0.1604375569735642,11.455,1.5,0.0,1.5,800,0.2,0.02,0.01,0.05,0.1,0.0,10,120
0,1000,0.3630114898380071,0.0597251708304283,2.7726731991899016,0.3953989424387045,0.41,1123,-0.0458493193831326,0.0293214012696928,0.1540516473731077,11.755,1.5,0.0,1.5,800,0.2,0.02,0.01,0.05,0.1,0.0,10,120
1,101000,0.3730464814185106,0.0665124433221442,2.844556408955337,0.4534917228351885,0.48,1151,0.0724064242212374,0.0908208977668926,0.208514335360556,13.425,1.5,0.0,1.5,800,0.2,0.02,0.01,0.05,0.1,0.0,10,120
9,901000,0.3725333507284042,0.0648438676396866,2.84128068946613,0.3941514384770723,0.43,1055,-0.1061629576791479,-0.0868741889671241,0.2,11.915,1.5,0.0,1.5,800,0.2,0.02,0.01,0.05,0.1,0.0,10,120
7,701000,0.3627771864811149,0.0652291620108826,2.7516713790113294,0.4185923138610121,0.48,1098,0.0050562519720578,-0.1471925833495997,0.2258652094717668,13.345,1.5,0.0,1.5,800,0.2,0.02,0.01,0.05,0.1,0.0,10,120
4,401000,0.372055819216976,0.0632233129396778,2.8241538195058253,0.4305540178577962,0.53,1155,0.0440140082546771,0.0162366400743186,0.2883116883116883,15.36,1.5,0.0,1.5,800,0.2,0.02,0.01,0.05,0.1,0.0,10,120
2,201000,0.3619239244579531,0.0629462031343667,2.759312988195253,0.3861407359633777,0.37,1106,0.1005922281375807,0.207320362725016,0.1446654611211573,10.925,1.5,0.0,1.5,800,0.2,0.02,0.01,0.05,0.1,0.0,10,120
3,301000,0.3704035457569836,0.0716719724588055,2.8255838362204275,0.4061694513134292,0.55,1150,-0.2056874646100112,-0.0461411808289645,0.2904347826086956,15.365,1.5,0.0,1.5,800,0.2,0.02,0.01,0.05,0.1,0.0,10,120
6,601000,0.3575223548951078,0.0612378633457651,2.7384324826462656,0.4379940599103269,0.41,1133,0.0614540467017732,-0.272261256758846,0.174757281553398,11.97,1.5,0.0,1.5,800,0.2,0.02,0.01,0.05,0.1,0.0,10,120
13,1301000,0.3679334669138335,0.0683771077439085,2.801080610569853,0.4077917281473739,0.38,1101,-0.0190051018021729,-0.0334087363726958,0.1353315168029064,10.825,1.5,0.0,1.5,800,0.2,0.02,0.01,0.05,0.1,0.0,10,120
10,1001000,0.3767178836433728,0.0636875106604556,2.857357272247361,0.4162720712959813,0.42,1170,-0.0851405742489557,-0.0509770050367543,0.1692307692307692,12.21,1.5,0.0,1.5,800,0.2,0.02,0.01,0.05,0.1,0.0,10,120
12,1201000,0.3634131944335351,0.0737138636512048,2.76407322552361,0.4201349318549243,0.4,1108,-0.0483303232340828,0.0991927385915437,0.1561371841155234,11.785,1.5,0.0,1.5,800,0.2,0.02,0.01,0.05,0.1,0.0,10,120
11,1101000,0.3770142268185087,0.0780875641827932,2.8664319831659184,0.4121686562942351,0.38,1069,-0.052857627819092,0.1070041927192819,0.1459307764265668,10.89,1.5,0.0,1.5,800,0.2,0.02,0.01,0.05,0.1,0.0,10,120
14,1401000,0.3648053151335964,0.0534820502704619,2.791737978189565,0.4148757223225318,0.43,1175,-0.088752075630706,-0.143462800020756,0.1897872340425531,12.905,1.5,0.0,1.5,800,0.2,0.02,0.01,0.05,0.1,0.0,10,120
5,501000,0.3683576701994017,0.0707203871403793,2.8218089821203955,0.3917313231928886,0.32,1134,0.0155428073213331,-0.0718382155959228,0.1022927689594356,9.85,1.510257583296064,0.0137765962300018,1.5,800,0.2,0.02,0.01,0.05,0.1,0.05,10,120
9,901000,0.3745546949674773,0.0586079202169845,2.859623450589796,0.4131287349456494,0.4,1055,-0.2891205570852397,-0.2204984893892857,0.1545023696682464,11.165,1.5093058288548065,0.0127670388269477,1.5,800,0.2,0.02,0.01,0.05,0.1,0.05,10,120
8,801000,0.3692108093091352,0.0625658762206942,2.811421133450089,0.4080681452415511,0.43,1097,-0.03194396443147,-0.0258102538713897,0.1722880583409298,11.94,1.5054614538197633,0.0132408685121081,1.5,800,0.2,0.02,0.01,0.05,0.1,0.05,10,120
3,301000,0.3638178487101111,0.0688095285128066,2.8017089094754697,0.3872910010559673,0.49,1150,-0.0900783181519342,-0.1351309630425259,0.2208695652173913,13.93,1.5194688877397562,0.0133198151850801,1.5,800,0.2,0.02,0.01,0.05,0.1,0.05,10,120
2,201000,0.367517432404993,0.0728917144852655,2.8083096136685266,0.3932117098572222,0.38,1106,-0.0693771340511843,-0.0733174390000364,0.1274864376130199,10.605,1.5062831783126975,0.0139975686909451,1.5,800,0.2,0.02,0.01,0.05,0.1,0.05,10,120
4,401000,0.3556689758606904,0.066622293761957,2.7465838392779927,0.373924830625512,0.45,1155,-0.1054816635189754,-0.0267768159045877,0.206060606060606,13.625,1.5256948872358405,0.0122072348584803,1.5,800,0.2,0.02,0.01,0.05,0.1,0.05,10,120
7,701000,0.3534420757598092,0.0612150977604263,2.7354688298785708,0.3859974584063028,0.48,1098,0.0041044656644519,0.2322003185312555,0.2313296903460837,13.375,1.5304166615997838,0.0143690830930764,1.5,800,0.2,0.02,0.01,0.05,0.1,0.05,10,120
0,1000,0.3612940989491719,0.0705807416993715,2.776409144313872,0.3855227734422601,0.4,1123,0.0490261743013065,0.0064164608694715,0.1424755120213713,11.405,1.5107550288739646,0.0135607886725783,1.5,800,0.2,0.02,0.01,0.05,0.1,0.05,10,120
1,101000,0.3777029403162854,0.0640093743948671,2.857907076479809,0.4678162956942377,0.49,1151,-0.0467618646143399,0.0848675135359231,0.2284969591659426,13.795,1.499699064083357,0.0129932140587557,1.5,800,0.2,0.02,0.01,0.05,0.1,0.05,10,120
6,601000,0.3536041499796969,0.0527289066488801,2.733656120789854,0.419741596121079,0.38,1133,0.1046313198466089,0.0634061981881899,0.1526919682259488,11.23,1.519433830484212,0.0135883535567094,1.5,800,0.2,0.02,0.01,0.05,0.1,0.05,10,120
10,1001000,0.3766928011335071,0.0737141311693035,2.8910141369766977,0.3733590485448506,0.4,1170,-0.1356004319279909,-0.1367441859575721,0.1418803418803418,11.675,1.5237246294431812,0.0131589787909862,1.5,800,0.2,0.02,0.01,0.05,0.1,0.05,10,120
13,1301000,0.3651848730288236,0.0663415722220911,2.7943766666410603,0.444368472308447,0.4,1101,-0.0639101561364384,0.0553047436706433,0.1580381471389645,11.415,1.5053716597442983,0.0141473202762979,1.5,800,0.2,0.02,0.01,0.05,0.1,0.05,10,120
12,1201000,0.366047633271788,0.0617708309906492,2.805795751491936,0.3781158925595477,0.36,1108,-0.0564085311127905,-0.0466668779113294,0.1362815884476534,10.73,1.5127466221912258,0.016899663166601,1.5,800,0.2,0.02,0.01,0.05,0.1,0.05,10,120
11,1101000,0.3703698607444668,0.0641297072021025,2.8225778954151,0.4376550429152117,0.42,1069,-0.064867226080116,0.0255702897797206,0.1852198316183348,11.85,1.5048218278964007,0.0144911811824016,1.5,800,0.2,0.02,0.01,0.05,0.1,0.05,10,120
14,1401000,0.3653527335233385,0.0727726305802119,2.81696006615884,0.3751488386468715,0.32,1175,-0.0876523171040334,-0.2286817353903344,0.1038297872340425,10.24,1.52858710348433,0.0120714226128265,1.5,800,0.2,0.02,0.01,0.05,0.1,0.05,10,120
5,501000,0.3730695179237874,0.073382906237437,2.8574826477967896,0.3832296618865679,0.32,1134,-0.005940812536074,0.0599184855810675,0.1058201058201058,10.005,1.5157624983341085,0.0278422408323805,1.5,800,0.2,0.02,0.01,0.05,0.1,0.1,10,120
0,1000,0.3612874057028572,0.0581001594847816,2.7937468518034763,0.4083330832745069,0.4,1123,0.0240242338859177,0.0330464133950849,0.1495992876224399,11.67,1.5248712671350204,0.0270464017964071,1.5,800,0.2,0.02,0.01,0.05,0.1,0.1,10,120
8,801000,0.3557784262471488,0.0564830956711641,2.7551557323185865,0.4049752890915901,0.4,1097,-0.0468773760468983,-0.0810978164445029,0.1513217866909753,11.195,1.5166934578976707,0.0268653434330742,1.5,800,0.2,0.02,0.01,0.05,0.1,0.1,10,120
9,901000,0.3550164229144408,0.0656123221916354,2.750789202302221,0.3935717490597058,0.42,1055,-0.0838192169990291,-0.1592859255676741,0.1696682464454976,11.635,1.5343053037858485,0.026328132109582,1.5,800,0.2,0.02,0.01,0.05,0.1,0.1,10,120
1,101000,0.3605073396380919,0.0648942261811855,2.7957483144721724,0.3920807743167152,0.44,1151,-0.0240284809353947,0.0358227724107111,0.1737619461337967,12.445,1.5320727271551693,0.0254437942357865,1.5,800,0.2,0.02,0.01,0.05,0.1,0.1,10,120
7,701000,0.3689734707376969,0.0653430266959342,2.866408269836802,0.4202278787723435,0.46,1098,-0.2013239297490375,-0.0487134175005188,0.2112932604735883,12.755,1.5465411050713238,0.0303002329867975,1.5,800,0.2,0.02,0.01,0.05,0.1,0.1,10,120
4,401000,0.3845028488026386,0.07191090731595,2.946702343404408,0.431025342685397,0.52,1155,-0.1944633853996937,-0.1123803333149302,0.277056277056277,15.28,1.5354622461077378,0.0257556168781177,1.5,800,0.2,0.02,0.01,0.05,0.1,0.1,10,120
3,301000,0.3530521258920782,0.0599833404451259,2.7313722384098766,0.3973724264086141,0.47,1150,-0.043457824439991,-0.0168141722524278,0.2113043478260869,13.455,1.5192112505575008,0.0264541425862378,1.5,800,0.2,0.02,0.01,0.05,0.1,0.1,10,120
6,601000,0.3578885618095802,0.0610639579825145,2.7943159721944983,0.3696493935629829,0.35,1133,-0.009806458514571,-0.0194973975101679,0.1262135922330097,10.6,1.5502890610841251,0.0267201597131806,1.5,800,0.2,0.02,0.01,0.05,0.1,0.1,10,120
2,201000,0.3666456538537159,0.0667195538092483,2.804134166145884,0.3810538557025313,0.39,1106,-0.1688297451670777,-0.0735005496502198,0.1573236889692585,11.19,1.505538868021619,0.0279116599976342,1.5,800,0.2,0.02,0.01,0.05,0.1,0.1,10,120
13,1301000,0.36448040303953,0.0612769062251327,2.820634845204345,0.3810980999120594,0.35,1101,-0.0252379984572059,0.1535698121651135,0.1198910081743869,10.155,1.5382318119027676,0.029207974463751,1.5,800,0.2,0.02,0.01,0.05,0.1,0.1,10,120
10,1001000,0.3609024094561129,0.0581974500935532,2.812525749061681,0.4027094078050491,0.48,1170,-0.1509712573809608,-0.0940304947347636,0.2222222222222222,13.81,1.539982092217148,0.0249918039383832,1.5,800,0.2,0.02,0.01,0.05,0.1,0.1,10,120
11,1101000,0.3477875756700617,0.0651306166504543,2.6931013097340326,0.3909284734653749,0.39,1069,0.0414510114812376,0.0139658425327739,0.147801683816651,11.02,1.518573924243705,0.0263860952682617,1.5,800,0.2,0.02,0.01,0.05,0.1,0.1,10,120
12,1201000,0.3666409170455522,0.0679226607168076,2.813518191754361,0.418405193238185,0.4,1108,0.0300562805771893,0.1527133308366239,0.1615523465703971,12.025,1.5220006223221711,0.0304534671193188,1.5,800,0.2,0.02,0.01,0.05,0.1,0.1,10,120
14,1401000,0.3609657154960476,0.0668822780604936,2.811863181679557,0.3823744562596907,0.37,1175,-0.1153760871445268,0.0053469215512372,0.1404255319148936,11.46,1.549820633834902,0.0240302469950535,1.5,800,0.2,0.02,0.01,0.05,0.1,0.1,10,120
5,501000,0.3620138584476169,0.0625457648849141,2.8154691465422377,0.3760701449264272,0.29,1134,-0.1873479410833408,-0.1117751439569889,0.0952380952380952,9.165,1.5413516559575529,0.0552148246318617,1.5,800,0.2,0.02,0.01,0.05,0.1,0.2,10,120
0,1000,0.3558032704042268,0.065158253596324,2.7818181664344586,0.3720295227110434,0.37,1123,0.0337890829362767,0.0990244566557802,0.1166518254674977,10.63,1.551695811061398,0.0496747106519112,1.5,800,0.2,0.02,0.01,0.05,0.1,0.2,10,120
9,901000,0.3442506902226684,0.0613493315832527,2.701671300433857,0.3929361442175942,0.38,1055,0.0344028108673782,0.0256254188409586,0.1554502369668246,10.66,1.5501898145776951,0.054308513938541,1.5,800,0.2,0.02,0.01,0.05,0.1,0.2,10,120
8,801000,0.3497001860781434,0.0734761935074254,2.7012254855037283,0.3682593457237211,0.35,1097,0.0833213374202253,0.1244635883924132,0.1157702825888787,10.235,1.5229619877361884,0.0552494020671784,1.5,800,0.2,0.02,0.01,0.05,0.1,0.2,10,120
7,701000,0.3541698179480929,0.0675864368959316,2.840783885934804,0.3833069645871368,0.44,1098,-0.0205453727448806,-0.010666790220999,0.1812386156648451,12.365,1.6213141430160511,0.0607194118727294,1.5,800,0.2,0.02,0.01,0.05,0.1,0.2,10,120
4,401000,0.3668655418912069,0.0654563705492737,2.847338581708341,0.4031290654646026,0.47,1155,0.0896657104546999,0.1895257181987142,0.2268398268398268,14.36,1.5494856185868835,0.053991412299429,1.5,800,0.2,0.02,0.01,0.05,0.1,0.2,10,120
2,201000,0.3640038613704851,0.0502607064626862,2.795045199527322,0.4007984271091827,0.37,1106,0.1164956624812274,0.0853447044801857,0.1329113924050632,10.755,1.504805183314258,0.0562098383420436,1.5,800,0.2,0.02,0.01,0.05,0.1,0.2,10,120
1,101000,0.3685698609168079,0.0729062413069438,2.8586034069321085,0.4053080640634213,0.41,1151,-0.0611697174608074,0.2274724042448276,0.1520417028670721,11.825,1.5527349903102263,0.0537398903558981,1.5,800,0.2,0.02,0.01,0.05,0.1,0.2,10,120
6,601000,0.3520645201228957,0.0628162786932359,2.8000708528496,0.3890258473168054,0.39,1133,0.103917789100154,-0.0414890447392019,0.1571050308914386,11.405,1.5952083614008348,0.0545949612358062,1.5,800,0.2,0.02,0.01,0.05,0.1,0.2,10,120
3,301000,0.3556928226292976,0.0593593053529884,2.823325955408755,0.3750833753839908,0.47,1150,-0.0276377286017305,0.079288920662844,0.217391304347826,13.505,1.5825666331522976,0.0541460170134335,1.5,800,0.2,0.02,0.01,0.05,0.1,0.2,10,120
13,1301000,0.3769715207901247,0.0698777273843096,2.9553207422704366,0.3718532669549252,0.34,1101,-0.0473525096691541,-0.0045144275430871,0.108991825613079,9.96,1.5865843421731836,0.0587510115371832,1.5,800,0.2,0.02,0.01,0.05,0.1,0.2,10,120
12,1201000,0.3680072330963185,0.0744247761466157,2.8803923837123744,0.3566978352051533,0.34,1108,-0.1436825138016224,-0.0021853643820479,0.1254512635379061,10.115,1.5712463980617593,0.0637619319504689,1.5,800,0.2,0.02,0.01,0.05,0.1,0.2,10,120
11,1101000,0.3450449288219005,0.0599987911871115,2.695472302691136,0.3975244891539226,0.39,1069,-0.0139074322357168,-0.0605794292127792,0.1515434985968194,10.92,1.5483407267056593,0.0570551755745652,1.5,800,0.2,0.02,0.01,0.05,0.1,0.2,10,120
10,1001000,0.3559916177038127,0.063106589761255,2.7650043487492115,0.4372070568588567,0.46,1170,0.1710303517529343,0.0991852277094679,0.2025641025641025,13.485,1.5394728670740068,0.0548541234551918,1.5,800,0.2,0.02,0.01,0.05,0.1,0.2,10,120
14,1401000,0.3454781153756233,0.0637996043406229,2.78380782854851,0.3860917720433796,0.39,1175,0.0040325195875601,-0.0194897300950002,0.1489361702127659,11.81,1.612065870508718,0.046941495009423,1.5,800,0.2,0.02,0.01,0.05,0.1,0.2,10,120
5,501000,0.3699745335506325,0.0823888054190212,2.924234816249045,0.3990775664478969,0.35,1134,-0.1021443960447844,-0.0761956215074037,0.1278659611992945,10.58,1.5887146801083796,0.1135181054525902,1.5,800,0.2,0.02,0.01,0.05,0.1,0.4,10,120
8,801000,0.3511261947800018,0.0709420514028701,2.737074123209151,0.4111320574319248,0.4,1097,-0.0193197253618483,0.0313149021437089,0.1513217866909753,11.15,1.534162353037402,0.1109110294565885,1.5,800,0.2,0.02,0.01,0.05,0.1,0.4,10,120
9,901000,0.3301181467351595,0.0673865812682119,2.790973154185352,0.3505804365776924,0.34,1055,-0.1273019673998478,0.0897698142660812,0.1308056872037914,9.96,1.7163284772334864,0.1076113857426339,1.5,800,0.2,0.02,0.01,0.05,0.1,0.4,10,120
3,301000,0.3526138138168517,0.0696744036681331,2.819739359798473,0.3793149929822348,0.51,1150,-0.0994570785343671,-0.2916231135677193,0.2269565217391304,14.01,1.599765233924399,0.1004688254192265,1.5,800,0.2,0.02,0.01,0.05,0.1,0.4,10,120
0,1000,0.3492889755087778,0.0630993322938876,2.7639905793368733,0.3860559622823278,0.38,1123,-0.0824483703222554,-0.0640313018744239,0.126447016918967,10.97,1.5649461016088395,0.1015192984501956,1.5,800,0.2,0.02,0.01,0.05,0.1,0.4,10,120
2,201000,0.3488054150084997,0.0598920331010059,2.759397875528397,0.3770611112867734,0.4,1106,0.1044868831004703,-0.2547107830113223,0.1464737793851717,11.04,1.574760596014248,0.1211369643708026,1.5,800,0.2,0.02,0.01,0.05,0.1,0.4,10,120
4,401000,0.3825686866935445,0.0684680792365682,3.100332900743057,0.435552620893343,0.5,1155,-0.0657242476540694,0.0815672323027858,0.2536796536796536,14.815,1.679001551440657,0.113172022883776,1.5,800,0.2,0.02,0.01,0.05,0.1,0.4,10,120
6,601000,0.3306038349687558,0.062158453071367,2.7234217790687607,0.4280240952579043,0.38,1133,0.2788663277637483,0.047912736665143,0.1588702559576346,11.385,1.6421702829075122,0.1114873056445459,1.5,800,0.2,0.02,0.01,0.05,0.1,0.4,10,120
1,101000,0.3447595326013416,0.0703287306462873,2.726607079196043,0.4403625737517169,0.45,1151,0.1767777252401728,0.0419205046197366,0.1807124239791485,12.71,1.5634231270141503,0.09792481654707,1.5,800,0.2,0.02,0.01,0.05,0.1,0.4,10,120
7,701000,0.3459637141657861,0.0725702208580943,2.9303339706750093,0.4018297150749577,0.47,1098,-0.1525563079254463,-0.150834460249033,0.2112932604735883,13.07,1.7387198040353815,0.1109466589240054,1.5,800,0.2,0.02,0.01,0.05,0.1,0.4,10,120
13,1301000,0.348980531592215,0.07347219168186,2.7999922452127173,0.4037490952096007,0.37,1101,-0.0305771277462566,-0.0964643479404156,0.1326067211625794,10.675,1.610247880809247,0.1244799529741809,1.5,800,0.2,0.02,0.01,0.05,0.1,0.4,10,120
10,1001000,0.3408664657000574,0.0625630937715434,2.783247682384387,0.4109024635724635,0.43,1170,0.0480312375407894,-0.1729933552632701,0.182051282051282,12.33,1.6390999744885713,0.1113246066397318,1.5,800,0.2,0.02,0.01,0.05,0.1,0.4,10,120
11,1101000,0.3388469500019473,0.0598168943929014,2.714534610423728,0.3757759811890176,0.38,1069,-0.0187700608969777,0.0077444605352525,0.1534144059869036,10.705,1.593579911071718,0.1139383731133632,1.5,800,0.2,0.02,0.01,0.05,0.1,0.4,10,120
12,1201000,0.3556405863542106,0.0723788217677431,2.854468088381336,0.353947474734014,0.33,1108,-0.0583882608021247,0.0346463153973101,0.1083032490974729,9.855,1.6168106878462631,0.1339387466910449,1.5,800,0.2,0.02,0.01,0.05,0.1,0.4,10,120
14,1401000,0.3336083257675779,0.0506243002300318,2.910594149851893,0.3694646207449598,0.35,1175,-0.1722865990883193,-0.2003997166867287,0.1208510638297872,10.745,1.777236709021076,0.0903627016490896,1.5,800,0.2,0.02,0.01,0.05,0.1,0.4,10,120
5,501000,0.3128156287297178,0.0632173544839403,2.9899156228594346,0.3411436382728424,0.3,1134,-0.153584583128134,-0.1395628547087473,0.0952380952380952,9.405,2.0,0.0,2.0,800,0.2,0.02,0.01,0.05,0.1,0.0,10,120
8,801000,0.296043504293686,0.0574330048868794,2.878110024628969,0.3346366443823382,0.35,1097,0.1070410780675334,0.1813203370059915,0.1093892433910665,10.095,2.0,0.0,2.0,800,0.2,0.02,0.01,0.05,0.1,0.0,10,120
9,901000,0.3074667097346779,0.0669014205772287,2.9367838970171687,0.3916433619733693,0.39,1055,0.1001535768925977,-0.0292153625181897,0.157345971563981,10.805,2.0,0.0,2.0,800,0.2,0.02,0.01,0.05,0.1,0.0,10,120
2,201000,0.300466341650132,0.0555618121338924,2.8985971256857743,0.3942612977614519,0.41,1106,0.1641762573934152,0.1488108447620883,0.1645569620253164,11.56,2.0,0.0,2.0,800,0.2,0.02,0.01,0.05,0.1,0.0,10,120
1,101000,0.308638183910069,0.0550580964049215,2.948783028921776,0.3959610288862308,0.36,1151,0.0425154103778953,0.0544736715233006,0.1103388357949609,10.43,2.0,0.0,2.0,800,0.2,0.02,0.01,0.05,0.1,0.0,10,120
4,401000,0.3025650255856925,0.0634323706140273,2.9109087932245665,0.3568731700487811,0.42,1155,0.0224623775164347,-0.0675896421353738,0.1844155844155844,12.735,2.0,0.0,2.0,800,0.2,0.02,0.01,0.05,0.1,0.0,10,120
0,1000,0.3050878132516703,0.0511282427591286,2.931087694797083,0.3354685141599705,0.31,1123,-0.1691676295199848,-0.0907902464722947,0.0854853072128228,9.105,2.0,0.0,2.0,800,0.2,0.02,0.01,0.05,0.1,0.0,10,120
6,601000,0.3026145659731364,0.0607140184327589,2.919653379450708,0.3736360514615519,0.39,1133,0.0540330663453878,-0.0945802135301851,0.1588702559576346,11.565,2.0,0.0,2.0,800,0.2,0.02,0.01,0.05,0.1,0.0,10,120
7,701000,0.2987225944997406,0.0562724003837007,2.880591579916069,0.3345151218821513,0.38,1098,-0.1524117780290705,0.2029193959553114,0.1438979963570127,10.945,2.0,0.0,2.0,800,0.2,0.02,0.01,0.05,0.1,0.0,10,120
3,301000,0.3022142017701282,0.0660091474927736,2.894312753123265,0.3484801276562105,0.45,1150,-0.0173468641335318,-0.0785198448470108,0.18,13.005,2.0,0.0,2.0,800,0.2,0.02,0.01,0.05,0.1,0.0,10,120
13,1301000,0.2966821607365085,0.0537444950875398,2.877101293232481,0.3979064442102739,0.35,1101,0.2548839863154041,0.1693170959214194,0.1207992733878292,10.235,2.0,0.0,2.0,800,0.2,0.02,0.01,0.05,0.1,0.0,10,120
10,1001000,0.2991897952300955,0.057572721161336,2.901126549856348,0.3988330910080354,0.44,1170,0.0818197055733066,0.0952839254865813,0.1914529914529914,13.03,2.0,0.0,2.0,800,0.2,0.02,0.01,0.05,0.1,0.0,10,120
11,1101000,0.3074452495942168,0.0643713355568923,2.956877054569356,0.3414517674378669,0.32,1069,-0.1307495842151727,-0.0316944500975107,0.0907390084190832,9.245,2.0,0.0,2.0,800,0.2,0.02,0.01,0.05,0.1,0.0,10,120
12,1201000,0.3121879118366324,0.0659637393173487,2.978677951057908,0.3848211291895637,0.42,1108,-0.1304356468966591,-0.0820010840214837,0.1750902527075812,11.98,2.0,0.0,2.0,800,0.2,0.02,0.01,0.05,0.1,0.0,10,120
14,1401000,0.3009881790813582,0.0532379524647124,2.9111122075340483,0.3643050288066385,0.33,1175,-0.0226723403425631,0.0507916459656988,0.1123404255319149,10.5,2.0,0.0,2.0,800,0.2,0.02,0.01,0.05,0.1,0.0,10,120
5,501000,0.3046559690620941,0.0596734437391506,2.960903459372117,0.3506728093839038,0.29,1134,-0.0840458767777583,-0.0216536757247125,0.0855379188712522,9.26,2.023014219120273,0.018524553054746,2.0,800,0.2,0.02,0.01,0.05,0.1,0.05,10,120
9,901000,0.2987375286764179,0.0559485824848832,2.899860568217532,0.3601574237578248,0.39,1055,-0.006707093806491,-0.021107563834027,0.1497630331753554,10.78,2.0273762216800217,0.019508660222232,2.0,800,0.2,0.02,0.01,0.05,0.1,0.05,10,120
8,801000,0.2969689095536598,0.0513615959626341,2.881895520514923,0.3737593472446883,0.39,1097,0.1007945804110301,-0.0112254908629047,0.1385597082953509,10.9,2.0069545335581496,0.0170338302509402,2.0,800,0.2,0.02,0.01,0.05,0.1,0.05,10,120
0,1000,0.3127515348408755,0.0579663499887751,3.026115140751492,0.333857371900297,0.34,1123,-0.1671346480347669,-0.0806471271453185,0.0961709706144256,9.99,2.027095903695901,0.0159489380091356,2.0,800,0.2,0.02,0.01,0.05,0.1,0.05,10,120
4,401000,0.2954880907315773,0.0536750669684099,2.905998801279426,0.3188168225405651,0.38,1155,-0.0607261724487388,0.0188320587900181,0.1454545454545454,11.79,2.038342662151261,0.0156359087250591,2.0,800,0.2,0.02,0.01,0.05,0.1,0.05,10,120
1,101000,0.2975031280669682,0.0595190149997716,2.891170492741046,0.3602737816098414,0.38,1151,-0.0072887750567652,-0.0299276882527581,0.1303214596003475,10.86,2.0251750505350743,0.0170208483395142,2.0,800,0.2,0.02,0.01,0.05,0.1,0.05,10,120
7,701000,0.3021590982989248,0.0498347236722206,2.96015260621422,0.3597968800703555,0.42,1098,-0.0271848055884037,0.043681684259461,0.1730418943533697,11.915,2.042181342071366,0.0192231672670712,2.0,800,0.2,0.02,0.01,0.05,0.1,0.05,10,120
6,601000,0.3091037799756579,0.0596397336419037,3.007076949812023,0.3610695775822268,0.34,1133,-0.2102342836443103,-0.0867882810330107,0.1182700794351279,10.24,2.04202109928052,0.0152929788056931,2.0,800,0.2,0.02,0.01,0.05,0.1,0.05,10,120
2,201000,0.302240930472813,0.0543744786642958,2.915718197045136,0.3444158118058032,0.31,1106,-0.1181338101016446,0.152236358441757,0.0949367088607595,8.88,2.004504439304762,0.0195677145559652,2.0,800,0.2,0.02,0.01,0.05,0.1,0.05,10,120
3,301000,0.3035408272690231,0.0588757151167091,2.959946881088864,0.3284788968041064,0.45,1150,-0.1367825527270673,-0.1072784795965576,0.1791304347826087,12.625,2.031420804140449,0.0177255538006881,2.0,800,0.2,0.02,0.01,0.05,0.1,0.05,10,120
13,1301000,0.3010397191053499,0.0581751420913876,2.934564038438966,0.3368772584650756,0.32,1101,-0.1121056681773629,0.0358572952293169,0.0953678474114441,9.375,2.035694793578061,0.0199601969371434,2.0,800,0.2,0.02,0.01,0.05,0.1,0.05,10,120
10,1001000,0.3072863216686826,0.0658001333184612,2.9705491908152952,0.3566469591206443,0.36,1170,-0.1241106437231117,0.0048784867061795,0.1179487179487179,10.605,2.033357202184168,0.0172779360126141,2.0,800,0.2,0.02,0.01,0.05,0.1,0.05,10,120
11,1101000,0.2952921530216135,0.0610403916794587,2.885325020524217,0.3641143650617734,0.38,1069,0.0011784433026864,0.0023446142947982,0.157156220767072,10.68,2.0317816242416145,0.0176523919617703,2.0,800,0.2,0.02,0.01,0.05,0.1,0.05,10,120
12,1201000,0.3073364537689306,0.0511719962564642,3.0040897774408166,0.3331454586614217,0.32,1108,-0.0756513794247138,-0.1281025370066174,0.1001805054151624,9.525,2.029912567032175,0.0207367845824142,2.0,800,0.2,0.02,0.01,0.05,0.1,0.05,10,120
14,1401000,0.3009047322084026,0.0529324223433224,2.960923983871537,0.3270471075596469,0.3,1175,-0.1537556161100393,-0.0666425498209701,0.0868085106382978,9.48,2.0427239340863705,0.0151979717855688,2.0,800,0.2,0.02,0.01,0.05,0.1,0.05,10,120
5,501000,0.3100207230433761,0.0606773802704164,3.018188891856866,0.3605792597722317,0.26,1134,-0.1137805232871421,-0.0393118675620592,0.0696649029982363,8.315,2.0409473559167752,0.0315712585335297,2.0,800,0.2,0.02,0.01,0.05,0.1,0.1,10,120
8,801000,0.2949786348956476,0.0562816074359866,2.8906200663989203,0.3598695983340475,0.37,1097,0.1249924349962269,0.0232802036137884,0.1312670920692798,10.56,2.033140677174502,0.0358641039462165,2.0,800,0.2,0.02,0.01,0.05,0.1,0.1,10,120
9,901000,0.2924171699345522,0.0631795679788526,2.901075560359608,0.3232805393144027,0.3,1055,-0.016579643055865,0.0933463916551266,0.0919431279620853,8.75,2.084588519927616,0.0374500828649032,2.0,800,0.2,0.02,0.01,0.05,0.1,0.1,10,120
0,1000,0.3020251289890976,0.063379951046578,2.953563947665561,0.3415887493752565,0.34,1123,0.0231745641976431,-0.0475224293549952,0.0979519145146927,10.045,2.050656502104919,0.0328815898141031,2.0,800,0.2,0.02,0.01,0.05,0.1,0.1,10,120
1,101000,0.2908933989509131,0.0593316673133208,2.8433975282913564,0.3891022562998904,0.43,1151,0.2486104263448977,0.1793401480482209,0.1763683753258036,12.43,2.0256806719984324,0.0368545986308756,2.0,800,0.2,0.02,0.01,0.05,0.1,0.1,10,120
3,301000,0.2959567575871166,0.0622770298897636,2.94083380545103,0.3512124652345811,0.49,1150,-0.1456845764349285,-0.0546410164912402,0.2165217391304348,13.95,2.0662066347069565,0.0357024345290563,2.0,800,0.2,0.02,0.01,0.05,0.1,0.1,10,120
2,201000,0.3079385606432094,0.0519252831173792,3.006071792032441,0.3474434436051207,0.31,1106,-0.1290480805961059,0.0439637258083905,0.0958408679927667,9.08,2.039519627255589,0.038564724518431,2.0,800,0.2,0.02,0.01,0.05,0.1,0.1,10,120
7,701000,0.3063941800929103,0.0621861539295651,3.0492071104607543,0.3616484704035844,0.36,1098,-0.0955667564986631,0.1493432708235224,0.1329690346083788,10.42,2.0915663017106763,0.0393231552662137,2.0,800,0.2,0.02,0.01,0.05,0.1,0.1,10,120
4,401000,0.2905091070086429,0.0608582992252883,2.912942150665895,0.3257142230707417,0.37,1155,0.0653843397514278,0.1384559597516247,0.1541125541125541,11.585,2.081674476058163,0.0336485725069961,2.0,800,0.2,0.02,0.01,0.05,0.1,0.1,10,120
6,601000,0.3018662167770634,0.0624458977181108,2.96252754649868,0.3858268984527556,0.36,1133,0.0302386947369381,0.0233123843105068,0.1332744924977934,10.805,2.067342716487264,0.035449755209131,2.0,800,0.2,0.02,0.01,0.05,0.1,0.1,10,120
13,1301000,0.295970036273872,0.0684604247608783,2.9376931083780096,0.3380629277423748,0.31,1101,0.0039097761970676,0.1183387502249237,0.0935513169845594,9.215,2.065746493202517,0.0377747346426252,2.0,800,0.2,0.02,0.01,0.05,0.1,0.1,10,120
10,1001000,0.3070309153467775,0.0525966831967978,3.020588079003708,0.328994576899744,0.37,1170,-0.2031401787830506,-0.1803019251694496,0.1273504273504273,11.02,2.058524115309577,0.0349746798045569,2.0,800,0.2,0.02,0.01,0.05,0.1,0.1,10,120
12,1201000,0.306113879955078,0.0629250964839987,2.996613403271032,0.3392475494568173,0.35,1108,-0.1883793500007393,-0.1494152403367482,0.1227436823104693,10.07,2.0611388286251526,0.0374511987586726,2.0,800,0.2,0.02,0.01,0.05,0.1,0.1,10,120
11,1101000,0.2915450771291638,0.0556933608737477,2.89065314431006,0.3344545905779376,0.3,1069,0.0599819446356957,0.2054573687413789,0.0869971936389148,8.94,2.043736751829408,0.0339445076441263,2.0,800,0.2,0.02,0.01,0.05,0.1,0.1,10,120
14,1401000,0.3014024097766698,0.0578951068344938,3.026615243654813,0.33277444859545,0.34,1175,-0.1293997934169614,0.0015006225630503,0.1208510638297872,10.55,2.1019601711736384,0.0282378989556995,2.0,800,0.2,0.02,0.01,0.05,0.1,0.1,10,120
5,501000,0.2963733748143754,0.0553290396691937,2.962409753373513,0.3662264557702607,0.3,1134,-0.09426990132171,-0.1068838808299379,0.0934744268077601,9.425,2.073786579648211,0.0768116047571012,2.0,800,0.2,0.02,0.01,0.05,0.1,0.2,10,120
8,801000,0.3001932974174698,0.0605954720362157,2.931535685909824,0.3584356816131974,0.4,1097,-0.0173821505390591,-0.0434489145930813,0.1467639015496809,11.125,2.0376193085688445,0.072757711387603,2.0,800,0.2,0.02,0.01,0.05,0.1,0.2,10,120
0,1000,0.2997056865218262,0.0564026751002338,2.975405107246344,0.33956019141378,0.31,1123,-0.0302768596910214,-0.0468897655804485,0.0819234194122885,9.145,2.080336029061126,0.070538271654196,2.0,800,0.2,0.02,0.01,0.05,0.1,0.2,10,120
9,901000,0.2873064954684324,0.062280251160751,2.858055710718196,0.3601496676020369,0.37,1055,0.0841507575069745,-0.1285083195731274,0.133649289099526,10.335,2.0684332043810065,0.0703480750892512,2.0,800,0.2,0.02,0.01,0.05,0.1,0.2,10,120
1,101000,0.2984349578486475,0.0579370350760345,2.951432997438556,0.3829450287340735,0.42,1151,0.0552582317487694,0.1026970037639697,0.1702867072111207,12.185,2.049593454829171,0.0715318622096221,2.0,800,0.2,0.02,0.01,0.05,0.1,0.2,10,120
7,701000,0.2934058926211811,0.062547386217283,3.033119378084101,0.3785238347920444,0.45,1098,-0.0478194892282334,0.1593277134873093,0.1958105646630236,12.685,2.1814607856847434,0.079214377920266,2.0,800,0.2,0.02,0.01,0.05,0.1,0.2,10,120
2,201000,0.2945636518019884,0.0516832288846271,2.9327341247436327,0.3370441815524277,0.29,1106,0.070699361119724,0.0979456347216288,0.0858951175406871,8.5,2.0680748213872446,0.0762155541973431,2.0,800,0.2,0.02,0.01,0.05,0.1,0.2,10,120
3,301000,0.2815365274353006,0.0526712452317863,2.8631615465609643,0.3342231326103444,0.47,1150,-0.0664796853292921,-0.1840498515685158,0.1982608695652173,13.305,2.1088253520209177,0.069857496425122,2.0,800,0.2,0.02,0.01,0.05,0.1,0.2,10,120
6,601000,0.3022256277389668,0.0533208288598316,3.051732271431572,0.3709532755242851,0.35,1133,-0.0488172607820675,-0.0251463155829388,0.1262135922330097,10.345,2.1257915215616605,0.0741865231117121,2.0,800,0.2,0.02,0.01,0.05,0.1,0.2,10,120
4,401000,0.2944681997509616,0.0647727899766244,2.964608802084158,0.3919496446319238,0.51,1155,0.1817619030371275,0.1045982996311309,0.2649350649350649,14.745,2.1138608635920697,0.0651287511707309,2.0,800,0.2,0.02,0.01,0.05,0.1,0.2,10,120
13,1301000,0.296696057659924,0.0545168835941456,2.991376161191494,0.3489016982427724,0.32,1101,-0.2067109373780151,-0.1187848286645581,0.0999091734786557,9.445,2.111259463161855,0.0794494037063701,2.0,800,0.2,0.02,0.01,0.05,0.1,0.2,10,120
10,1001000,0.2921540531312586,0.0523628502837673,2.9699504226643443,0.3668265936602828,0.43,1170,0.0445158226181185,0.0828069560717328,0.1786324786324786,12.715,2.1196465646267417,0.0677061254132978,2.0,800,0.2,0.02,0.01,0.05,0.1,0.2,10,120
12,1201000,0.2929899361918381,0.061066624152344,2.9729023970543893,0.3828098693591366,0.37,1108,-0.0555870621787346,-0.1606784572179232,0.1344765342960288,10.87,2.1304653887671905,0.079709794264937,2.0,800,0.2,0.02,0.01,0.05,0.1,0.2,10,120
11,1101000,0.302745941652972,0.0481269456281646,3.016327917000906,0.3629191728856529,0.34,1069,0.0095539653616284,-0.0252446017745775,0.1141253507951356,9.73,2.082989581899937,0.0765282574950957,2.0,800,0.2,0.02,0.01,0.05,0.1,0.2,10,120
14,1401000,0.2925504710067356,0.0499361056536546,3.003490481220999,0.3663683046609725,0.3,1175,-0.1080098965159455,-0.0634094803089353,0.0902127659574468,9.485,2.150901449156703,0.0639643842000484,2.0,800,0.2,0.02,0.01,0.05,0.1,0.2,10,120
5,501000,0.2811605363678254,0.0568800622973489,2.929234990270769,0.3695852995485475,0.3,1134,0.1793959547841798,0.0881222875745409,0.0952380952380952,9.57,2.169370912629564,0.1349224697135742,2.0,800,0.2,0.02,0.01,0.05,0.1,0.4,10,120
8,801000,0.2859096201182649,0.0613854730845888,2.902750078737333,0.3569720726079922,0.36,1097,0.0170749262943467,-0.0362974158170047,0.1239744758432087,10.31,2.116439690331421,0.1460460273181964,2.0,800,0.2,0.02,0.01,0.05,0.1,0.4,10,120
9,901000,0.2906519554087235,0.0552558395530645,3.06016226492268,0.3738172151549147,0.37,1055,0.0869859064739402,0.0285956705438288,0.1412322274881516,10.465,2.2153884135164983,0.132371994995029,2.0,800,0.2,0.02,0.01,0.05,0.1,0.4,10,120
1,101000,0.2931324124787482,0.0636713522823828,3.00582572702144,0.3781949856500477,0.35,1151,-0.0449808995681529,0.0227618536868288,0.1129452649869678,10.535,2.1457968739829654,0.1382171351350664,2.0,800,0.2,0.02,0.01,0.05,0.1,0.4,10,120
0,1000,0.2886357918241434,0.0531988862016249,2.949897278650636,0.3798985016201848,0.39,1123,-0.0832639994591455,-0.0506003125456157,0.1317898486197684,11.24,2.1245527352709264,0.1435312167871144,2.0,800,0.2,0.02,0.01,0.05,0.1,0.4,10,120
7,701000,0.2852213716238636,0.0598752608179031,3.1507108106374218,0.3608087728621366,0.41,1098,-0.1416401350716374,-0.0860193293395173,0.1657559198542805,11.71,2.3674069067649905,0.1499685542315263,2.0,800,0.2,0.02,0.01,0.05,0.1,0.4,10,120
2,201000,0.2833289762640454,0.0527788263415214,2.8961512371181004,0.3451724659820052,0.33,1106,0.1028281449949067,0.0830179642198926,0.1112115732368897,9.525,2.1268446006244464,0.1426210743728825,2.0,800,0.2,0.02,0.01,0.05,0.1,0.4,10,120
4,401000,0.2895375115335851,0.0583561295022109,3.0984190161135587,0.3796718213109596,0.42,1155,0.1052249454983566,0.0242197711158308,0.1826839826839826,12.65,2.2705242161640635,0.1351254468296231,2.0,800,0.2,0.02,0.01,0.05,0.1,0.4,10,120
3,301000,0.2861888604289807,0.0622413991472197,2.986447309546472,0.3495285940135371,0.45,1150,-0.0378218297429776,-0.0286195579713073,0.1852173913043478,12.825,2.19460929036639,0.1377734851629675,2.0,800,0.2,0.02,0.01,0.05,0.1,0.4,10,120
6,601000,0.2866574811106999,0.0574039143695634,3.1676461564896163,0.3313685794353748,0.29,1133,-0.0459802023130457,-0.1193121407823381,0.0812003530450132,8.89,2.3576481180997235,0.1293931211692345,2.0,800,0.2,0.02,0.01,0.05,0.1,0.4,10,120
13,1301000,0.2951587653102346,0.0621089508730022,3.1348607454401995,0.3729594523461637,0.37,1101,0.0541075691856605,0.0930845256134155,0.139872842870118,10.67,2.260001395413613,0.1661390636910061,2.0,800,0.2,0.02,0.01,0.05,0.1,0.4,10,120
11,1101000,0.2914156406035322,0.0539572458472897,2.9792929701077235,0.3468164051618053,0.31,1069,0.0353420064043656,0.12300917586931,0.1000935453695042,9.415,2.1506330550268213,0.1491798852980459,2.0,800,0.2,0.02,0.01,0.05,0.1,0.4,10,120
12,1201000,0.2907727848044388,0.05656673227903,3.144179559649748,0.3122574772049146,0.29,1108,-0.0851514026794947,-0.1251303940993484,0.0749097472924187,8.485,2.2883931808419966,0.1512044768756236,2.0,800,0.2,0.02,0.01,0.05,0.1,0.4,10,120
10,1001000,0.28358783998225,0.046868737544074,3.140758135494534,0.33161715800069,0.34,1170,-0.1348086147404752,-0.0803086757296369,0.1102564102564102,10.425,2.3443545731421405,0.1326725669853396,2.0,800,0.2,0.02,0.01,0.05,0.1,0.4,10,120
14,1401000,0.2837672837056813,0.0586183264288892,3.129652540982385,0.3665033089182882,0.38,1175,-0.0545443705989171,-0.305626260962732,0.1438297872340425,11.585,2.3519830701197035,0.1245465718465992,2.0,800,0.2,0.02,0.01,0.05,0.1,0.4,10,120
5,501000,0.25561642596076,0.0563904418424803,3.555710986164151,0.3142107143607192,0.26,1134,0.0295689742474064,-0.005661539810343,0.0679012345679012,8.395,3.0,0.0,3.0,800,0.2,0.02,0.01,0.05,0.1,0.0,10,120
0,1000,0.2497009100818028,0.0518807761920124,3.497887933159638,0.3654900037739002,0.35,1123,0.1047224139746294,0.0984470954775035,0.1059661620658949,10.285,3.0,0.0,3.0,800,0.2,0.02,0.01,0.05,0.1,0.0,10,120
9,901000,0.2595462448928993,0.0501811424557182,3.580104498989512,0.3349817889419386,0.32,1055,0.0801242435468329,-0.0965091837064385,0.1109004739336492,9.435,3.0,0.0,3.0,800,0.2,0.02,0.01,0.05,0.1,0.0,10,120
8,801000,0.2562616840189941,0.0610251591078187,3.5220475983642747,0.3130595193155998,0.33,1097,-0.2151379580464392,0.003432321658565,0.0957155879671832,9.585,3.0,0.0,3.0,800,0.2,0.02,0.01,0.05,0.1,0.0,10,120
1,101000,0.2564231323677112,0.0476879861939297,3.5696701877404786,0.3375041923654032,0.32,1151,-0.2406019891924379,-0.1672371138228308,0.0973066898349261,9.395,3.0,0.0,3.0,800,0.2,0.02,0.01,0.05,0.1,0.0,10,120
7,701000,0.2488077957683756,0.0555650980916104,3.448552909736019,0.3467284898209194,0.43,1098,0.1632940962588986,-0.0287225719201275,0.1775956284153005,12.12,3.0,0.0,3.0,800,0.2,0.02,0.01,0.05,0.1,0.0,10,120
3,301000,0.251866928630395,0.0494994458667102,3.50235514659115,0.3193248190388679,0.41,1150,0.0316084421764896,-0.0485521136621193,0.1582608695652174,11.8,3.0,0.0,3.0,800,0.2,0.02,0.01,0.05,0.1,0.0,10,120
4,401000,0.2532130049455324,0.0598193327679281,3.512116445315324,0.3068075180312501,0.37,1155,0.0014620045432601,-0.0388109008357898,0.141991341991342,11.725,3.0,0.0,3.0,800,0.2,0.02,0.01,0.05,0.1,0.0,10,120
2,201000,0.2594929850219754,0.0527500475702316,3.5858670881916,0.3637741971090827,0.35,1106,-0.0105028751355941,0.0325714781151886,0.1084990958408679,10.11,3.0,0.0,3.0,800,0.2,0.02,0.01,0.05,0.1,0.0,10,120
6,601000,0.256183244536447,0.055287791763324,3.582777593776695,0.3386636492738553,0.37,1133,0.0069122237568355,0.2469755280878269,0.1421006178287731,11.05,3.0,0.0,3.0,800,0.2,0.02,0.01,0.05,0.1,0.0,10,120
13,1301000,0.2574134736781509,0.0540671726155373,3.5657994539284283,0.341973041692867,0.3,1101,0.0146896595376302,-0.0695026620444757,0.0881017257039055,8.885,3.0,0.0,3.0,800,0.2,0.02,0.01,0.05,0.1,0.0,10,120
10,1001000,0.2658819361773087,0.047039110197953,3.6517310421466034,0.349122904411998,0.36,1170,-0.1618154979418529,-0.1218192648200516,0.1282051282051282,11.07,3.0,0.0,3.0,800,0.2,0.02,0.01,0.05,0.1,0.0,10,120
11,1101000,0.2531754926515411,0.0505723356313674,3.503509003455945,0.3469511906199563,0.33,1069,0.0396408541435644,-0.0221762831100502,0.1197380729653882,9.67,3.0,0.0,3.0,800,0.2,0.02,0.01,0.05,0.1,0.0,10,120
12,1201000,0.2586085833842519,0.0490149911313601,3.580297445910087,0.3145475778972194,0.31,1108,-0.038720762648718,-0.0242855608900629,0.0893501805054151,9.12,3.0,0.0,3.0,800,0.2,0.02,0.01,0.05,0.1,0.0,10,120
14,1401000,0.2539060658273959,0.0553663996679976,3.527299801443091,0.3055684267317547,0.29,1175,-0.1628389379183846,-0.102717885578313,0.0859574468085106,9.16,3.0,0.0,3.0,800,0.2,0.02,0.01,0.05,0.1,0.0,10,120
5,501000,0.2580414529854677,0.059828289046375,3.5900818438790054,0.3151819074988918,0.27,1134,0.0463119813028653,-0.0237259191928291,0.0767195767195767,8.625,3.0464076702514307,0.0247042014694533,3.0,800,0.2,0.02,0.01,0.05,0.1,0.05,10,120
8,801000,0.2564706760128619,0.0506244888305635,3.60181185530992,0.3058496843633068,0.33,1097,-0.0399319829720791,-0.045184991823007,0.0993618960802187,9.485,3.0348126431020104,0.0273720959519775,3.0,800,0.2,0.02,0.01,0.05,0.1,0.05,10,120
9,901000,0.2547768445476198,0.0488425200537353,3.622507854814521,0.3119481055886263,0.33,1055,-0.0067405250214677,0.0627192163890206,0.1175355450236966,9.8,3.056233344157937,0.0235659258257608,3.0,800,0.2,0.02,0.01,0.05,0.1,0.05,10,120
0,1000,0.255515966229015,0.0552947990682627,3.571782335975877,0.3340820917937043,0.32,1123,0.046756953771329,0.0232117756654512,0.089047195013357,9.515,3.0417173431262507,0.0247204465297174,3.0,800,0.2,0.02,0.01,0.05,0.1,0.05,10,120
1,101000,0.2606088172539545,0.0522571038321318,3.624963911161512,0.3228317914878307,0.31,1151,-0.1297579547876696,0.0439654250909462,0.0903562119895742,9.07,3.0441221191965244,0.0257921355784619,3.0,800,0.2,0.02,0.01,0.05,0.1,0.05,10,120
7,701000,0.2522809265765058,0.0528917235090443,3.5360094512855005,0.3599331318116672,0.39,1098,-0.0405584481694404,-0.0130834499356683,0.1475409836065573,11.1,3.064364225774133,0.0314028993696561,3.0,800,0.2,0.02,0.01,0.05,0.1,0.05,10,120
3,301000,0.2556229015993225,0.0506900677773759,3.5928526461030508,0.3223711551444113,0.41,1150,0.0426143166142942,-0.1039625081764929,0.1460869565217391,11.895,3.056117296264118,0.0258580438668444,3.0,800,0.2,0.02,0.01,0.05,0.1,0.05,10,120
4,401000,0.2574436713185264,0.050410488930893,3.6462754902540935,0.2972029200037055,0.37,1155,-0.0514483642205447,0.0705302592379196,0.1393939393939394,11.605,3.0663982905157177,0.024302330785035,3.0,800,0.2,0.02,0.01,0.05,0.1,0.05,10,120
2,201000,0.256344183973945,0.0538931981955646,3.5588919155723,0.3193382079435292,0.26,1106,-0.0178221459128901,-0.0965332962656126,0.0578661844484629,7.49,3.0323530858234244,0.0277044169041142,3.0,800,0.2,0.02,0.01,0.05,0.1,0.05,10,120
6,601000,0.2468665884592592,0.0472658981667294,3.513455070102213,0.3079760462683177,0.3,1133,-0.1114896913944628,0.0591356530597948,0.0926743159752868,9.255,3.0754644116540595,0.0235716243456463,3.0,800,0.2,0.02,0.01,0.05,0.1,0.05,10,120
13,1301000,0.2601176395829528,0.0633949180473643,3.6329490159698623,0.2991784875192513,0.27,1101,-0.1144763559518982,-0.2263438504757342,0.0681198910081744,7.86,3.0548327157764934,0.0289429754454778,3.0,800,0.2,0.02,0.01,0.05,0.1,0.05,10,120
10,1001000,0.2618653728910123,0.0571006143236621,3.65746416127498,0.3385234286418322,0.31,1170,-0.1540296149554202,0.0621061698655247,0.1008547008547008,9.755,3.052270119608566,0.0258019997607687,3.0,800,0.2,0.02,0.01,0.05,0.1,0.05,10,120
11,1101000,0.2506181476349888,0.0532818133088037,3.5344812295428314,0.3241680823390008,0.33,1069,-0.0671171066552412,-0.1341604917861117,0.1047708138447146,9.53,3.058180663439,0.0268786163223816,3.0,800,0.2,0.02,0.01,0.05,0.1,0.05,10,120
12,1201000,0.2598337393312165,0.0511063776478027,3.628416334076032,0.343144291555651,0.32,1108,-0.0055695733409883,0.0684730449166606,0.0992779783393501,9.34,3.048425790353429,0.0316721259003691,3.0,800,0.2,0.02,0.01,0.05,0.1,0.05,10,120
14,1401000,0.2552233186336258,0.0498696832979398,3.629717194651704,0.3158692081662761,0.31,1175,-0.2087211067354796,-0.0198390885667502,0.0953191489361702,9.725,3.0798671544044227,0.0218080437599903,3.0,800,0.2,0.02,0.01,0.05,0.1,0.05,10,120
5,501000,0.2559974923178643,0.0544886708205845,3.628760290127547,0.3134241364161332,0.27,1134,0.0148379530729969,0.0617560554035155,0.0705467372134038,8.68,3.0720196891001463,0.0529698783128064,3.0,800,0.2,0.02,0.01,0.05,0.1,0.1,10,120
0,1000,0.2567373821128159,0.0558069784209573,3.630422747722698,0.3348340183930218,0.35,1123,0.0659231450878788,-0.05068063361607,0.1068566340160284,10.155,3.073811515169004,0.0494704028691615,3.0,800,0.2,0.02,0.01,0.05,0.1,0.1,10,120
9,901000,0.2492528143693458,0.051277682950573,3.520309993482014,0.3430161102085619,0.37,1055,-0.0333521111603644,0.0295257733376262,0.1440758293838862,10.735,3.0701627210840643,0.0510124143532225,3.0,800,0.2,0.02,0.01,0.05,0.1,0.1,10,120
8,801000,0.2554563627427221,0.0462446628644499,3.615745409925954,0.3087545446602648,0.33,1097,-0.2389150942127224,-0.1116895720501028,0.1030082041932543,9.49,3.0566767683877627,0.0539572385908518,3.0,800,0.2,0.02,0.01,0.05,0.1,0.1,10,120
1,101000,0.2517813438461226,0.0539908926342881,3.581629660873741,0.3394972419108944,0.36,1151,-0.1341476270947552,-0.0971961204393805,0.1138140747176368,10.255,3.0874663537906897,0.0535276327783282,3.0,800,0.2,0.02,0.01,0.05,0.1,0.1,10,120
3,301000,0.2510064945519765,0.060384678053399,3.596291069688232,0.3504176477623384,0.5,1150,0.0997538565135953,0.215782521092851,0.2269565217391304,14.325,3.1075366196198413,0.0493756444722062,3.0,800,0.2,0.02,0.01,0.05,0.1,0.1,10,120
7,701000,0.2544238826962418,0.0555924498108716,3.65284180492524,0.3205456886417547,0.34,1098,0.0446645361550513,0.0032860667880121,0.1202185792349726,9.735,3.1462919779289624,0.0565043549417133,3.0,800,0.2,0.02,0.01,0.05,0.1,0.1,10,120
4,401000,0.2578742478892865,0.047466039609751,3.67842145226006,0.3307343272339988,0.4,1155,0.0191286524403341,0.1323845868221801,0.1696969696969697,12.455,3.108703567114972,0.0505632235147276,3.0,800,0.2,0.02,0.01,0.05,0.1,0.1,10,120
2,201000,0.2623555178742573,0.0469141769859405,3.763464310607053,0.3109590848892172,0.3,1106,0.003618789510078,-0.0016172001526791,0.0904159132007233,8.675,3.100566568286634,0.0550276311096946,3.0,800,0.2,0.02,0.01,0.05,0.1,0.1,10,120
6,601000,0.2542717905609258,0.0441840430505754,3.640245535713727,0.3229797920704649,0.32,1133,-0.1759787964424438,-0.1602063072434491,0.0970873786407767,9.67,3.1268089262614893,0.0586205848651919,3.0,800,0.2,0.02,0.01,0.05,0.1,0.1,10,120
10,1001000,0.2574578587971182,0.0586291111708512,3.707742651124777,0.2915126905052719,0.3,1170,-0.162561084865081,-0.0634233715012016,0.0897435897435897,9.165,3.1452981191266947,0.0488241818201468,3.0,800,0.2,0.02,0.01,0.05,0.1,0.1,10,120
13,1301000,0.2573507491812086,0.0530990139395071,3.645328924922112,0.3293565980084867,0.28,1101,0.0422114688815771,-0.101405370704771,0.0735694822888283,8.325,3.098295100874332,0.0573799671662632,3.0,800,0.2,0.02,0.01,0.05,0.1,0.1,10,120
11,1101000,0.2425232387495035,0.0613277588780281,3.4882342193713414,0.3396233866341432,0.33,1069,-0.0070731815848826,-0.0498593295294485,0.1075771749298409,9.56,3.1067659593573675,0.0478342338344661,3.0,800,0.2,0.02,0.01,0.05,0.1,0.1,10,120
12,1201000,0.2552680166903268,0.0528663480266827,3.655245277433615,0.3273579140169868,0.34,1108,-0.065785321935809,0.0687165611833013,0.1209386281588447,10.09,3.1073581241399184,0.06021761878579,3.0,800,0.2,0.02,0.01,0.05,0.1,0.1,10,120
14,1401000,0.2482924305796001,0.050810329504557,3.636714932192677,0.362033417089834,0.34,1175,0.1267349223465587,-0.1455007093201754,0.1182978723404255,10.64,3.140583188431945,0.0444431255665493,3.0,800,0.2,0.02,0.01,0.05,0.1,0.1,10,120
5,501000,0.2636220476968557,0.0561952393702914,3.7298867177946966,0.3219791210428954,0.28,1134,-0.1571174483338535,-0.1749629577412036,0.0811287477954144,8.755,3.1124462778460056,0.1006728014511038,3.0,800,0.2,0.02,0.01,0.05,0.1,0.2,10,120
8,801000,0.2523924987130267,0.050525811050756,3.6156364194145074,0.3425325554147455,0.36,1097,-0.0753313234606957,-0.0825126791431141,0.1203281677301732,10.35,3.1146961978780694,0.1019350560326423,3.0,800,0.2,0.02,0.01,0.05,0.1,0.2,10,120
9,901000,0.2610442065244274,0.0497893262498521,3.8352423114127423,0.3664663658477767,0.38,1055,0.0452722325360161,0.094478671119234,0.1488151658767772,10.865,3.206998162875373,0.1072794395258829,3.0,800,0.2,0.02,0.01,0.05,0.1,0.2,10,120
1,101000,0.2574627638102864,0.0586205245261698,3.6889749463463657,0.3674313814042868,0.37,1151,-0.1379406690874031,0.020777588626648,0.1346655082536924,10.795,3.113340299659608,0.1029107903987676,3.0,800,0.2,0.02,0.01,0.05,0.1,0.2,10,120
3,301000,0.2672669853005607,0.0576622470044388,3.854873042928074,0.3509598659246496,0.45,1150,-0.1773196730062229,-0.1689050959577574,0.1747826086956521,12.825,3.212692474840889,0.0929448110382198,3.0,800,0.2,0.02,0.01,0.05,0.1,0.2,10,120
7,701000,0.2552384764929272,0.0502153182275915,3.843923819519237,0.3446921692902311,0.44,1098,-0.0801572525550853,-0.0674253053502744,0.1821493624772313,12.34,3.291169240643723,0.1163540568090065,3.0,800,0.2,0.02,0.01,0.05,0.1,0.2,10,120
4,401000,0.2600526412864611,0.0564062499719457,3.881727687306311,0.2978902763816732,0.35,1155,-0.155197364452493,-0.0425187690626576,0.1151515151515151,10.835,3.264287072061075,0.097087037371068,3.0,800,0.2,0.02,0.01,0.05,0.1,0.2,10,120
6,601000,0.2487515012881354,0.0514594215984837,3.7391791881759815,0.3311472750168431,0.31,1133,-0.1570894063509704,-0.0693663752953122,0.0962047661076787,9.365,3.2786231587723544,0.0996322600458936,3.0,800,0.2,0.02,0.01,0.05,0.1,0.2,10,120
0,1000,0.2556455681938699,0.0577978124749787,3.666757282241443,0.3629100163622643,0.31,1123,-0.0038410674109266,-0.0256544237862368,0.0837043633125556,9.245,3.125935911180168,0.0956691368510158,3.0,800,0.2,0.02,0.01,0.05,0.1,0.2,10,120
2,201000,0.2546457858112276,0.0506757815043241,3.6824305193009055,0.2965655417828637,0.27,1106,-0.1243581209887976,0.0936110105784621,0.0714285714285714,8.015,3.136094214254681,0.1135711119410287,3.0,800,0.2,0.02,0.01,0.05,0.1,0.2,10,120
13,1301000,0.2486083613674177,0.0498429312255068,3.638943940265564,0.2872416403914784,0.25,1101,-0.1313198891958039,-0.1963503087044135,0.0626702997275204,7.32,3.162683156093188,0.1212686057696787,3.0,800,0.2,0.02,0.01,0.05,0.1,0.2,10,120
10,1001000,0.2499808779792342,0.0478904593140685,3.7067738858821495,0.340186837032839,0.37,1170,-0.0034911299462638,-0.1684165468928408,0.135042735042735,11.035,3.2255226529101204,0.0947607653858775,3.0,800,0.2,0.02,0.01,0.05,0.1,0.2,10,120
11,1101000,0.249762924783963,0.0542384361827745,3.64891685607101,0.3758454143265626,0.38,1069,-0.0877656373423203,-0.0995913041057902,0.147801683816651,10.81,3.151686405161083,0.1069412532218692,3.0,800,0.2,0.02,0.01,0.05,0.1,0.2,10,120
12,1201000,0.2582973472318095,0.0556210469946358,3.816999698761545,0.3018588687353981,0.27,1108,0.0603950914674676,0.0574547074854757,0.075812274368231,8.43,3.2567764794761582,0.1140632128276289,3.0,800,0.2,0.02,0.01,0.05,0.1,0.2,10,120
14,1401000,0.2489324763222106,0.058268621324787,3.772153182648162,0.2890455830803197,0.3,1175,-0.1133312459287635,-0.0648226096185174,0.0893617021276595,9.465,3.318793779871824,0.0882223840396839,3.0,800,0.2,0.02,0.01,0.05,0.1,0.2,10,120
5,501000,0.2422178305121166,0.0518563549998944,3.684848308315413,0.2972143678187622,0.23,1134,0.1536228303113403,-0.0625124955468446,0.054673721340388,7.42,3.315107588506287,0.2116927530133547,3.0,800,0.2,0.02,0.01,0.05,0.1,0.4,10,120
0,1000,0.2497126513893249,0.0521939014876201,3.774430404408056,0.3134304251498852,0.3,1123,-0.0824668854673497,0.0407422143488292,0.0792520035618878,8.56,3.3162794838899594,0.1992570881336305,3.0,800,0.2,0.02,0.01,0.05,0.1,0.4,10,120
8,801000,0.2464774148594533,0.0531106976539141,3.668623664365317,0.3224942959782723,0.33,1097,-0.1351916105989795,-0.2405561349781572,0.0948040109389243,9.55,3.245924262672302,0.2148527303698798,3.0,800,0.2,0.02,0.01,0.05,0.1,0.4,10,120
9,901000,0.2509392234533225,0.0526739086797834,3.9126680187883336,0.3576633125153902,0.38,1055,0.0371704499680425,-0.0724546528074706,0.1507109004739336,10.695,3.4350307087714977,0.2401479313966699,3.0,800,0.2,0.02,0.01,0.05,0.1,0.4,10,120
4,401000,0.2460154260484611,0.0578960870913129,3.9136971157122655,0.3143278967234229,0.39,1155,0.0540586320067255,0.1130851563606675,0.1489177489177489,12.125,3.446565220258152,0.1901775702748397,3.0,800,0.2,0.02,0.01,0.05,0.1,0.4,10,120
1,101000,0.2623839971977139,0.0518541682616731,3.834815434896496,0.346406228633368,0.36,1151,-0.2347266238841762,-0.1545466222781272,0.1181581233709817,10.235,3.250432996789084,0.2132362180317286,3.0,800,0.2,0.02,0.01,0.05,0.1,0.4,10,120
7,701000,0.2472655566416856,0.0535679446553214,3.918273299989928,0.360483567597986,0.39,1098,0.0760559838415233,0.0499575443251441,0.1484517304189435,11.24,3.4774470210480724,0.2448665250448298,3.0,800,0.2,0.02,0.01,0.05,0.1,0.4,10,120
2,201000,0.2695620686009543,0.0482903267103155,4.006304017473473,0.3106813118178491,0.27,1106,-0.0766331315955262,-0.061918638035587,0.0632911392405063,7.91,3.280942541080157,0.2229496590520952,3.0,800,0.2,0.02,0.01,0.05,0.1,0.4,10,120
6,601000,0.2372411575337079,0.0501233649324229,3.830436649840443,0.3465941408082538,0.37,1133,0.1333857109912122,0.0714390191806583,0.144748455428067,11.005,3.5154312579125286,0.2071799211347522,3.0,800,0.2,0.02,0.01,0.05,0.1,0.4,10,120
3,301000,0.256438828104383,0.0507224227025479,4.02069803908718,0.3619285412632457,0.45,1150,-0.0987631548912238,-0.047625438168489,0.1617391304347826,12.855,3.4396187445452706,0.1932682747047059,3.0,800,0.2,0.02,0.01,0.05,0.1,0.4,10,120
13,1301000,0.2442359298127747,0.0455435709197838,3.890717391913486,0.315165006435337,0.29,1101,-0.1261886120081722,-0.0979174129772481,0.0762942779291553,8.475,3.4570448695620457,0.2352344836740403,3.0,800,0.2,0.02,0.01,0.05,0.1,0.4,10,120
10,1001000,0.2451226319794383,0.0531090359039737,3.8081037636120287,0.332077624961669,0.35,1170,0.1499905916281902,0.127504328366546,0.1213675213675213,10.85,3.4190012920967843,0.2100271106365786,3.0,800,0.2,0.02,0.01,0.05,0.1,0.4,10,120
11,1101000,0.2309651045844565,0.0466177082230769,3.692170444314537,0.3029190427578784,0.28,1069,0.1769623447322952,-0.0265378659852054,0.0823199251637044,8.45,3.451041034463123,0.1931805472793036,3.0,800,0.2,0.02,0.01,0.05,0.1,0.4,10,120
12,1201000,0.2564125089767254,0.0496647852290257,4.028150000087646,0.2907658466326464,0.25,1108,-0.1358069257402016,-0.2062620936849733,0.055956678700361,7.27,3.4886511315649784,0.2293613476795264,3.0,800,0.2,0.02,0.01,0.05,0.1,0.4,10,120
14,1401000,0.2433145694418141,0.0503572284449956,4.0217546766128125,0.2991838871349236,0.26,1175,-0.0513861899246456,-0.0865523973569348,0.0680851063829787,8.53,3.637288558438421,0.1774907353715991,3.0,800,0.2,0.02,0.01,0.05,0.1,0.4,10,120
5,501000,0.23564493851261148,0.05970009109828086,5.2261205204842875,0.3453671443703938,0.26,1134,-0.009388981982631184,-0.0019372313635746127,0.06790123456790123,8.32,5.0,0.0,5.0,800,0.2,0.02,0.01,0.05,0.1,0.0,10,120
8,801000,0.24673775277689095,0.05260397475665033,5.4147780306110755,0.28971144440541013,0.32,1097,-0.31063565525397174,-0.06849769796808873,0.09389243391066546,9.335,5.0,0.0,5.0,800,0.2,0.02,0.01,0.05,0.1,0.0,10,120
0,1000,0.23145897619026656,0.062083908593464666,5.149102590723154,0.308554950786992,0.3,1123,-0.0010339059468728404,-0.1333163133557416,0.0730186999109528,8.78,5.0,0.0,5.0,800,0.2,0.02,0.01,0.05,0.1,0.0,10,120
9,901000,0.22139686980666703,0.042528886007716954,5.058690007437508,0.28552656857044384,0.29,1055,0.07600333168645795,-0.06261652932389837,0.08530805687203792,8.52,5.0,0.0,5.0,800,0.2,0.02,0.01,0.05,0.1,0.0,10,120
1,101000,0.23549006319995894,0.05308179984804271,5.180845830454387,0.3066428595517072,0.29,1151,-0.00018821146890922954,0.05810724790308352,0.08340573414422242,8.85,5.0,0.0,5.0,800,0.2,0.02,0.01,0.05,0.1,0.0,10,120
3,301000,0.2341866086936534,0.05378041613076064,5.190267917796647,0.2794265671698528,0.38,1150,-0.17461400345936953,-0.06877103660034309,0.13391304347826086,11.06,5.0,0.0,5.0,800,0.2,0.02,0.01,0.05,0.1,0.0,10,120
4,401000,0.23955086109621962,0.05119718734841097,5.28433833462594,0.29732012163927,0.39,1155,-0.06120294437431047,-0.0779334913816722,0.1445887445887446,12.055,5.0,0.0,5.0,800,0.2,0.02,0.01,0.05,0.1,0.0,10,120
7,701000,0.22756291934773912,0.05019681796329237,5.083752092564481,0.2804633340421584,0.33,1098,0.013663699516960495,-0.02019120438003122,0.10746812386156648,9.545,5.0,0.0,5.0,800,0.2,0.02,0.01,0.05,0.1,0.0,10,120
6,601000,0.23193372695104006,0.045300430170868836,5.181384962521574,0.26901664036691886,0.3,1133,0.11201042033431871,0.19993757627881134,0.09179170344218888,9.13,5.0,0.0,5.0,800,0.2,0.02,0.01,0.05,0.1,0.0,10,120
2,201000,0.2423534412457404,0.048171894468328855,5.360724124720362,0.3279238808744899,0.31,1106,0.014591400257372784,0.04410302898035453,0.08951175406871609,9.015,5.0,0.0,5.0,800,0.2,0.02,0.01,0.05,0.1,0.0,10,120
13,1301000,0.22992957617256124,0.042458252117863575,5.149108428688237,0.3087971708811282,0.28,1101,-0.11382814798240307,-0.21818776653107216,0.07356948228882834,8.115,5.0,0.0,5.0,800,0.2,0.02,0.01,0.05,0.1,0.0,10,120
10,1001000,0.23316835562936652,0.04518521826006559,5.175485332942174,0.3163072837322611,0.34,1170,-0.1292211444049102,-0.051926833917356384,0.11282051282051282,10.2,5.0,0.0,5.0,800,0.2,0.02,0.01,0.05,0.1,0.0,10,120
11,1101000,0.22954813685076633,0.04985547906709871,5.200635953358482,0.31629969861531665,0.3,1069,0.13354161750717067,0.13141135479908045,0.08699719363891488,8.85,5.0,0.0,5.0,800,0.2,0.02,0.01,0.05,0.1,0.0,10,120
12,1201000,0.23512885204222703,0.05783970539275848,5.22577394345482,0.27736304927075656,0.25,1108,-0.1977834783631676,-0.14665076947432143,0.05595667870036101,7.51,5.0,0.0,5.0,800,0.2,0.02,0.01,0.05,0.1,0.0,10,120
14,1401000,0.23290389645379356,0.04722303391739901,5.198416222687923,0.29983848631285953,0.3,1175,-0.030895929605218107,0.010779229277685941,0.08425531914893616,9.315,5.0,0.0,5.0,800,0.2,0.02,0.01,0.05,0.1,0.0,10,120
5,501000,0.23453166171417675,0.05446413088422781,5.261034205482049,0.34068671270115913,0.29,1134,0.035780520469820006,-0.044265981882062155,0.08289241622574955,9.14,5.059624874600015,0.04441348877105246,5.0,800,0.2,0.02,0.01,0.05,0.1,0.05,10,120
8,801000,0.24173465110021072,0.053246111883453386,5.412905345678863,0.31488492319728034,0.33,1097,-0.14354559796106398,0.030966853301364027,0.09389243391066546,9.605,5.06421650730296,0.04315863339802297,5.0,800,0.2,0.02,0.01,0.05,0.1,0.05,10,120
0,1000,0.23630715045669362,0.05389340977829662,5.362620193602058,0.2674571874530539,0.24,1123,-0.057335818855131004,-0.14170632448244352,0.04541406945681211,6.915,5.1066677771359235,0.034774051858023784,5.0,800,0.2,0.02,0.01,0.05,0.1,0.05,10,120
9,901000,0.23149926964799317,0.043991753582068104,5.245267836277998,0.3347511423207846,0.34,1055,-0.07097177109532465,-0.1734505443040503,0.11469194312796209,9.68,5.10002136081825,0.041957150490339455,5.0,800,0.2,0.02,0.01,0.05,0.1,0.05,10,120
1,101000,0.23189012836968698,0.052707450411707664,5.249140084539051,0.3029198620469534,0.31,1151,-0.08487217231755749,-0.03196432773792456,0.08340573414422242,9.075,5.087285020468521,0.042693291989965056,5.0,800,0.2,0.02,0.01,0.05,0.1,0.05,10,120
3,301000,0.2309284398156692,0.05499501041092705,5.246516972982798,0.3228232913428611,0.45,1150,-0.08360449345417206,0.02968089525544657,0.17652173913043478,12.895,5.10999806603459,0.03849095350637658,5.0,800,0.2,0.02,0.01,0.05,0.1,0.05,10,120
2,201000,0.23615271996927664,0.044789188135883694,5.275997093413768,0.3169653450920874,0.3,1106,-0.09859999434737951,-0.049202906565738454,0.08770343580470162,8.66,5.059063200820891,0.043788721585911114,5.0,800,0.2,0.02,0.01,0.05,0.1,0.05,10,120
6,601000,0.23487380666053684,0.04601839764999608,5.286199704435076,0.3312097303383328,0.35,1133,0.20877434941722028,0.24572429493928133,0.1323918799646955,10.59,5.123393474133344,0.0431550816360508,5.0,800,0.2,0.02,0.01,0.05,0.1,0.05,10,120
4,401000,0.23694909289806085,0.04637781165535614,5.381173037823882,0.33136286342866483,0.41,1155,-0.08695897598582145,0.004330849246033887,0.17835497835497835,12.67,5.098202132340572,0.04128933306472953,5.0,800,0.2,0.02,0.01,0.05,0.1,0.05,10,120
7,701000,0.22587673988138873,0.050227232129499706,5.172015528814102,0.3407785290783661,0.43,1098,0.011095739241345921,0.025055918538100314,0.1785063752276867,12.125,5.11807222689622,0.047799564760737365,5.0,800,0.2,0.02,0.01,0.05,0.1,0.05,10,120
13,1301000,0.2262573469596035,0.05313031357693408,5.1689888243116044,0.30569723900134366,0.28,1101,0.06616631798647406,0.04070166783893684,0.07811080835603997,8.44,5.0867450038451105,0.04977136473129758,5.0,800,0.2,0.02,0.01,0.05,0.1,0.05,10,120
10,1001000,0.23701176195169044,0.04818392174939627,5.37779234633907,0.3095983233101675,0.31,1170,0.11742940958871997,0.27364676256747716,0.1,9.6,5.106856455483175,0.04264308035108517,5.0,800,0.2,0.02,0.01,0.05,0.1,0.05,10,120
11,1101000,0.22656202210095155,0.04803657724461594,5.175163276066021,0.3148057688057998,0.31,1069,0.06311631044868102,0.0058533342472584645,0.08606173994387278,8.995,5.083694860146831,0.045124145204244424,5.0,800,0.2,0.02,0.01,0.05,0.1,0.05,10,120
12,1201000,0.23155309328931012,0.05894361907030199,5.23354840310773,0.3159721911416452,0.33,1108,0.09448889846668987,0.09718021085509886,0.10649819494584838,10.16,5.091890169317186,0.046581702811188,5.0,800,0.2,0.02,0.01,0.05,0.1,0.05,10,120
14,1401000,0.22830728866361086,0.04896110587814972,5.222922291646703,0.3220464553181534,0.3,1175,0.13511319853449602,0.1381174238777145,0.0902127659574468,9.74,5.11570660833886,0.038028593297295,5.0,800,0.2,0.02,0.01,0.05,0.1,0.05,10,120
5,501000,0.2305483665997834,0.053680086287740396,5.2808522147029775,0.3155574230348755,0.27,1134,0.16710346262216508,0.15515875546095934,0.07319223985890652,8.605,5.109042537858246,0.08382941823895257,5.0,800,0.2,0.02,0.01,0.05,0.1,0.1,10,120
8,801000,0.24535737385364872,0.057424834365807184,5.45624172877534,0.34113189928267906,0.33,1097,-0.22420283979297542,-0.1332834808336814,0.0902461257976299,9.555,5.125922891581467,0.08778280070874313,5.0,800,0.2,0.02,0.01,0.05,0.1,0.1,10,120
9,901000,0.2323206082896436,0.05925362326803849,5.377089913624156,0.3139205247800862,0.33,1055,-0.0732245640486614,-0.02096755143646616,0.11374407582938388,9.54,5.181568075055524,0.0762203536175185,5.0,800,0.2,0.02,0.01,0.05,0.1,0.1,10,120
0,1000,0.22991468982203359,0.05250135880748994,5.324299291670445,0.32683639178867563,0.32,1123,0.13271488905380638,0.01272879296195008,0.0881567230632235,9.495,5.140578767985192,0.08534288018985547,5.0,800,0.2,0.02,0.01,0.05,0.1,0.1,10,120
3,301000,0.2271363881110936,0.049121035746229974,5.312338660165867,0.2969435968229384,0.39,1150,-0.008420019640212772,-0.10453788053726593,0.13826086956521738,11.505,5.202242475907009,0.08370041298578644,5.0,800,0.2,0.02,0.01,0.05,0.1,0.1,10,120
1,101000,0.22992501132825233,0.05088211500132291,5.269414391049473,0.30725111006605593,0.3,1151,-0.09723156820931321,0.032107382412593206,0.08688097306689835,9.035,5.152830832382038,0.0894237199514817,5.0,800,0.2,0.02,0.01,0.05,0.1,0.1,10,120
4,401000,0.23400706479803293,0.04832447193255518,5.507758023069703,0.33475050061215245,0.41,1155,0.03280241976134371,0.018648610553846586,0.16623376623376623,12.69,5.1895238227656035,0.07948155380346013,5.0,800,0.2,0.02,0.01,0.05,0.1,0.1,10,120
7,701000,0.23285977577558736,0.04284322286982116,5.431132369002785,0.3089155636425478,0.36,1098,-0.10044698242320006,-0.010928369113722355,0.12750455373406194,10.375,5.255821400107951,0.09165984089959807,5.0,800,0.2,0.02,0.01,0.05,0.1,0.1,10,120
2,201000,0.22675169208615958,0.04929556177340657,5.204906450395095,0.3179219619833018,0.29,1106,0.04738887314505173,0.04620885266329389,0.06962025316455696,8.5,5.131626392741234,0.09671231653714417,5.0,800,0.2,0.02,0.01,0.05,0.1,0.1,10,120
6,601000,0.237764417924346,0.04703726249834102,5.516063301080821,0.3305642609325404,0.33,1133,-0.05966137989970843,-0.025961214096398125,0.11385701676963812,10.05,5.247225040009531,0.08388181662519914,5.0,800,0.2,0.02,0.01,0.05,0.1,0.1,10,120
13,1301000,0.22577120630517242,0.046927118434084696,5.23597513811148,0.3253044047187245,0.28,1101,0.08125531493239321,-0.05202275602025016,0.07629427792915532,8.43,5.161127369445541,0.09750039062385521,5.0,800,0.2,0.02,0.01,0.05,0.1,0.1,10,120
10,1001000,0.2386479078540877,0.0478481962798464,5.427590839366376,0.31811903297405986,0.35,1170,0.07986482511948827,0.03256379030579297,0.12564102564102564,10.545,5.1636204018477345,0.08237626532113182,5.0,800,0.2,0.02,0.01,0.05,0.1,0.1,10,120
11,1101000,0.2344182822047011,0.04574182377373639,5.405371376612218,0.30985803942321627,0.31,1069,0.1124305913280125,0.15931871789668794,0.09822263797942002,9.18,5.17918170130028,0.08420680021464286,5.0,800,0.2,0.02,0.01,0.05,0.1,0.1,10,120
12,1201000,0.23010274720635665,0.04488583851099906,5.307608027844057,0.2982292087907418,0.28,1108,0.07936257864185141,-0.02036502386847278,0.08212996389891697,8.6,5.168078968075196,0.09638630062020866,5.0,800,0.2,0.02,0.01,0.05,0.1,0.1,10,120
14,1401000,0.22606473890698983,0.047769425519011505,5.301584108626953,0.3598585462284728,0.34,1175,0.1087059591945686,-0.047982298698506134,0.11404255319148936,10.525,5.2640916626321825,0.07481149671478025,5.0,800,0.2,0.02,0.01,0.05,0.1,0.1,10,120
5,501000,0.23088828050238785,0.05576563984027601,5.301666711352729,0.3443191663746542,0.29,1134,0.08946781453860628,0.18531805440753554,0.09082892416225749,9.215,5.145399251431478,0.17625638095387475,5.0,800,0.2,0.02,0.01,0.05,0.1,0.2,10,120
8,801000,0.2361900440325348,0.057385879895813306,5.338401453215717,0.3103280726929066,0.31,1097,-0.14415924676216568,0.13292420771253038,0.08477666362807658,9.27,5.102731429260938,0.18874652452864976,5.0,800,0.2,0.02,0.01,0.05,0.1,0.2,10,120
9,901000,0.23814879821049142,0.04164631569038209,5.597612286607321,0.3262154304235022,0.3,1055,-0.015135904250232998,-0.07260450033673749,0.08625592417061612,8.78,5.390673230409617,0.15730752408506823,5.0,800,0.2,0.02,0.01,0.05,0.1,0.2,10,120
1,101000,0.23204039953229308,0.04669453030773819,5.463045280384095,0.33490030088507694,0.33,1151,-0.13130725354037334,0.006157125958036171,0.09643788010425716,9.585,5.303390928921343,0.16949172001095356,5.0,800,0.2,0.02,0.01,0.05,0.1,0.2,10,120
0,1000,0.22279010350705064,0.04939221983792829,5.393000252752261,0.3138663056616574,0.27,1123,0.15839512984363924,0.039435491575853875,0.060552092609082814,8.095,5.33949221260691,0.1597467975638004,5.0,800,0.2,0.02,0.01,0.05,0.1,0.2,10,120
3,301000,0.2245341342489089,0.050288948862448724,5.53404632777169,0.28369133601536123,0.38,1150,0.01074913405155821,-0.028290465792848378,0.12608695652173912,11.12,5.470280704080152,0.16679022535462015,5.0,800,0.2,0.02,0.01,0.05,0.1,0.2,10,120
2,201000,0.23271475135333347,0.044643241854160576,5.306173653657671,0.3593010795693092,0.35,1106,-0.0033870288613825376,0.05626464225333492,0.11030741410488246,9.985,5.1087443413109535,0.1869723381923193,5.0,800,0.2,0.02,0.01,0.05,0.1,0.2,10,120
7,701000,0.22920137124860432,0.04754526460761949,5.6175584492110575,0.3284217510392928,0.38,1098,0.06278629720468556,-0.018314589516687692,0.1448087431693989,11.04,5.4535067023510555,0.1999327467011619,5.0,800,0.2,0.02,0.01,0.05,0.1,0.2,10,120
4,401000,0.23685554609279186,0.04725074855845449,5.591827099562615,0.3121966700578794,0.39,1155,0.14431581049137462,0.027334013075965637,0.14891774891774892,12.32,5.366626342696038,0.1633669821452926,5.0,800,0.2,0.02,0.01,0.05,0.1,0.2,10,120
6,601000,0.23109894274954418,0.043673807901424354,5.610672443598678,0.31805727046989085,0.34,1133,0.07609194422767974,0.06785191160624407,0.1209179170344219,10.195,5.45776054360087,0.16831524866824923,5.0,800,0.2,0.02,0.01,0.05,0.1,0.2,10,120
13,1301000,0.22710774671951145,0.050042906385768735,5.361467884738377,0.3368438380954542,0.31,1101,0.14482075131989472,0.014431983110636494,0.09536784741144415,9.195,5.304434932438588,0.1863581097549309,5.0,800,0.2,0.02,0.01,0.05,0.1,0.2,10,120
10,1001000,0.22817394225382948,0.04897192815021825,5.507219081047492,0.3178724404366829,0.32,1170,0.19625471442524087,0.21855000751047401,0.1094017094017094,10.0,5.4091688797429684,0.16440172180824164,5.0,800,0.2,0.02,0.01,0.05,0.1,0.2,10,120
12,1201000,0.23406026100447783,0.04719030792861284,5.691409190999979,0.3046548967353231,0.26,1108,0.04604193635316939,-0.0023259965475712313,0.061371841155234655,8.02,5.506054527576054,0.18141526840664518,5.0,800,0.2,0.02,0.01,0.05,0.1,0.2,10,120
11,1101000,0.23503760087383926,0.046990038086220064,5.594099718050112,0.3235555112766015,0.35,1069,-0.06717261026737352,-0.06698313291636009,0.11973807296538821,9.955,5.333323577539257,0.16576540838884019,5.0,800,0.2,0.02,0.01,0.05,0.1,0.2,10,120
14,1401000,0.22775126545809912,0.04930273737038747,5.614555777101607,0.31318246723991483,0.28,1175,-0.05086151500192099,0.004688188704591218,0.0825531914893617,8.915,5.524279613855396,0.14082329842973274,5.0,800,0.2,0.02,0.01,0.05,0.1,0.2,10,120
5,501000,0.23718236708334825,0.049727362585517174,5.8442861007963485,0.3066096678774837,0.25,1134,-0.21306351524242698,-0.1841687431501073,0.06437389770723104,8.09,5.593918464977154,0.351507662524053,5.0,800,0.2,0.02,0.01,0.05,0.1,0.4,10,120
8,801000,0.23363514549120573,0.04563492915472327,5.747329426833958,0.320310536240681,0.34,1097,-0.08623532965806409,0.0007789177723714163,0.105742935278031,9.865,5.584326810931924,0.35025252574917587,5.0,800,0.2,0.02,0.01,0.05,0.1,0.4,10,120
0,1000,0.22768388061032968,0.051877921110537246,5.611650261318699,0.31515461703332626,0.29,1123,0.18929642730364327,-0.03650990301835222,0.06856634016028496,8.59,5.466376454365558,0.317168915464921,5.0,800,0.2,0.02,0.01,0.05,0.1,0.4,10,120
9,901000,0.23525209944723854,0.04729767709754336,5.90968599755876,0.3084525301101543,0.34,1055,-0.031578269832566154,0.027527905017949696,0.11848341232227488,9.82,5.740776807969626,0.32833031690209113,5.0,800,0.2,0.02,0.01,0.05,0.1,0.4,10,120
4,401000,0.23881564125036928,0.044440276483762295,6.0929474789076075,0.3268163226962427,0.41,1155,-0.004530659071135897,0.025164383611428098,0.17402597402597403,12.6,5.699255891069146,0.3382404794317347,5.0,800,0.2,0.02,0.01,0.05,0.1,0.4,10,120
1,101000,0.22685765137575906,0.05087142049065491,5.719022959448598,0.30445897857232324,0.31,1151,-0.19097781086709206,-0.03607990719776125,0.0894874022589053,9.2,5.661236447713625,0.3465734922944754,5.0,800,0.2,0.02,0.01,0.05,0.1,0.4,10,120
7,701000,0.22292604304824765,0.04321356402334432,6.071343637787074,0.3283707855036259,0.4,1098,0.2017910541483805,0.0688463449560445,0.16666666666666666,11.535,6.082701701659702,0.3657689416558485,5.0,800,0.2,0.02,0.01,0.05,0.1,0.4,10,120
3,301000,0.23512210261547783,0.052639879250954064,6.036093859185289,0.3058262168432868,0.4,1150,-0.144200834600804,-0.09325615643454829,0.1426086956521739,11.8,5.821183983026899,0.32659586601044954,5.0,800,0.2,0.02,0.01,0.05,0.1,0.4,10,120
6,601000,0.23224193485482966,0.04129583849151851,6.0950477329253605,0.28594078595349265,0.31,1133,-0.06458378004408998,-0.027470342559999555,0.09532215357458076,9.375,6.013653296290336,0.32266040280284497,5.0,800,0.2,0.02,0.01,0.05,0.1,0.4,10,120
2,201000,0.22461820782756514,0.05305284134881608,5.5676736673036915,0.2834334106594923,0.24,1106,-0.04880227485755787,-0.0658721336241934,0.05063291139240506,6.895,5.519301764818807,0.3840355350037092,5.0,800,0.2,0.02,0.01,0.05,0.1,0.4,10,120
13,1301000,0.2276520665604609,0.04325126007594163,5.797169073661023,0.29539286383855295,0.26,1101,0.04082935189814947,0.06824340451057359,0.061762034514078114,7.645,5.718929939413251,0.3756893057973757,5.0,800,0.2,0.02,0.01,0.05,0.1,0.4,10,120
10,1001000,0.23228011939678883,0.048788781768529285,5.8507366398357545,0.3362208805899337,0.34,1170,-0.08072861472142769,0.009782030697565988,0.1094017094017094,10.525,5.7404535809909545,0.3347541247835875,5.0,800,0.2,0.02,0.01,0.05,0.1,0.4,10,120
11,1101000,0.24312152945599178,0.048635069015304316,6.086422824452166,0.33331472708164533,0.31,1069,-0.08492153528988669,-0.07636578061481686,0.08512628624883069,8.975,5.697115366173774,0.33059301733549207,5.0,800,0.2,0.02,0.01,0.05,0.1,0.4,10,120
12,1201000,0.2328004331630178,0.050498555620371276,6.018681335807729,0.2776868662089716,0.23,1108,-0.13907860015033005,-0.08685133338274703,0.05054151624548736,7.21,5.8613202794830315,0.37580960129345226,5.0,800,0.2,0.02,0.01,0.05,0.1,0.4,10,120
14,1401000,0.22763775278275197,0.05180713150230517,5.972444441807166,0.30746196256121266,0.29,1175,-0.03514847292311288,0.05591740100182055,0.08340425531914894,9.34,6.014939959393811,0.2861076720194394,5.0,800,0.2,0.02,0.01,0.05,0.1,0.4,10,120
