eta_s,delta_pi,run_id,internal_cooperation,std_between_communities,mean_payoff
0.0,0.0,5,0.2458428468286028,0.048870745328630706,2.5003384592866724
0.0,0.0,0,0.24956750942478212,0.05140320290737524,2.551737664133027
0.0,0.0,8,0.24792291383364268,0.057430769315048036,2.5163362786380112
0.0,0.0,9,0.25275330826377657,0.040402038947697665,2.5710365872091914
0.0,0.0,1,0.2502430653688382,0.04491846073615476,2.5481771543505927
0.0,0.0,3,0.2557149161149235,0.04232457903214906,2.605739530504388
0.0,0.0,7,0.24285146325045998,0.04512552441376639,2.474355215185466
0.0,0.0,2,0.24979964589965462,0.0414345195296686,2.5435199480219044
0.0,0.0,4,0.24881202305385655,0.04556047488253169,2.5420375813027136
0.0,0.0,6,0.24708050525368297,0.03647075261545812,2.5183445283006516
0.0,0.0,10,0.24518737064949225,0.0439754761169045,2.503047714208086
0.0,0.02,0,0.195044314645976,0.042033775860126125,2.058732428465946
0.0,0.02,5,0.1857775111553906,0.04819562860775577,1.9578791202424557
0.0,0.02,1,0.19459125872141145,0.043492524802509494,2.0495902999088416
0.0,0.02,2,0.19050108751209588,0.038096528719499485,2.005039545961661
0.0,0.02,8,0.18374876821331815,0.038278414674077214,1.9366329025867068
0.0,0.02,3,0.18933948895778743,0.035588306064915316,2.0018481111932536
0.0,0.02,4,0.18436178559004304,0.04531551276123544,1.9287139485213538
0.0,0.02,9,0.19050749894108407,0.04365274301670815,1.9979871408905832
0.0,0.02,7,0.18583257390277327,0.04282352755305646,1.9647446578812344
0.0,0.02,6,0.19183352617625107,0.04331387090570861,2.0152650474867815
0.0,0.02,10,0.18978023849582948,0.04501161900902536,2.008949202498753
0.0,0.05,0,0.14270735510444577,0.03969423532694154,1.5499339026296146
0.0,0.05,5,0.13683148079314683,0.03777759874519579,1.4904552881830937
0.0,0.05,1,0.13192835696951127,0.036245136843534816,1.439479712596823
0.0,0.05,2,0.1386067566686426,0.028726731869710566,1.5049008549055087
0.0,0.05,3,0.13872041194324494,0.03547684959500542,1.5034037553725088
0.0,0.05,8,0.13718249001247526,0.03249161966967394,1.494390273994869
0.0,0.05,9,0.1336446416176085,0.031235591210686236,1.4582611197928437
0.0,0.05,7,0.13818061391614045,0.03525934632979355,1.508243974138443
0.0,0.05,4,0.1313770665279902,0.03411312225903475,1.438634749996585
0.0,0.05,6,0.1360913407045527,0.03642835971628302,1.4871955307960565
0.0,0.05,10,0.13998882475954952,0.038536918572763354,1.5172974097436636
0.0,0.1,0,0.08809790791692398,0.023794389091285006,0.9877482915980503
0.0,0.1,1,0.09684878453796043,0.031029262908218995,1.0772084838329576
0.0,0.1,5,0.09445267075799248,0.0331721769768212,1.0609876148906772
0.0,0.1,2,0.0870010336812149,0.024692822565696337,0.982730930970613
0.0,0.1,3,0.10001626550956493,0.03293895401988936,1.1164643008498139
0.0,0.1,4,0.08815193077511659,0.030218353078115486,0.9833069017682302
0.0,0.1,9,0.08643414291276795,0.02239153273684684,0.9715336537574486
0.0,0.1,8,0.09119749425536446,0.028286892629527324,1.017758638018789
0.0,0.1,7,0.09212811157248932,0.02699580286246008,1.0285042029958975
0.0,0.1,6,0.09390946299106684,0.027652743650909296,1.0522507981259734
0.0,0.1,10,0.09077413488869322,0.028296001296486916,1.0188557712849375
0.0,0.2,0,0.05756542600028796,0.022463199433646133,0.6574171350342555
0.0,0.2,1,0.05814045969761317,0.021707145561522142,0.6652690697354267
0.0,0.2,5,0.05502696850417009,0.023248394920857,0.6246389854279281
0.0,0.2,2,0.058832174302914264,0.018545589622890088,0.6766152246311576
0.0,0.2,3,0.0522993761604009,0.019443428001557444,0.6017759108534438
0.0,0.2,4,0.05326949603499305,0.022425064103584233,0.6044896105169196
0.0,0.2,8,0.05301581356860861,0.020116772298021255,0.6130658432046737
0.0,0.2,7,0.057251547066143334,0.021589264855218334,0.6593294858923164
0.0,0.2,6,0.05390419954792101,0.023985913568246135,0.6164053657962719
0.0,0.2,9,0.054486151835537136,0.023371258543095838,0.6204887643546926
0.0,0.2,10,0.054738584474111125,0.023077931850040728,0.6306261025949597
0.0,0.35,0,0.03343448373110544,0.016634795968063158,0.39094460144008686
0.0,0.35,5,0.035772574088506794,0.017536732004117164,0.4181918191530749
0.0,0.35,1,0.032958279295960104,0.017098887463072806,0.38596914598067883
0.0,0.35,3,0.03220926031673836,0.015082096688834984,0.37888325007340073
0.0,0.35,2,0.03492026460908232,0.01679258097600601,0.40277374252108794
0.0,0.35,4,0.0340564001295187,0.018755032611636958,0.39434163874351585
0.0,0.35,8,0.03149393271763885,0.015228931604110856,0.3682049698867988
0.0,0.35,9,0.03366906967693015,0.014473463068159907,0.39377296741398027
0.0,0.35,7,0.0323651683618749,0.014196481544775486,0.3767794389132867
0.0,0.35,6,0.03322281466051739,0.014957618515341334,0.3879755442621529
0.0,0.35,10,0.03316695441701651,0.01661872108727399,0.387230094368808
0.0,0.55,0,0.021726441143818748,0.01228277135326398,0.25688088880356674
0.0,0.55,5,0.020085705677748363,0.012414729024521513,0.2378059278801667
0.0,0.55,1,0.024661220640870035,0.013288526956399208,0.28971005315406484
0.0,0.55,2,0.023033565552960763,0.016561413090662943,0.2681962552809837
0.0,0.55,4,0.019564426711501784,0.012491199587261486,0.22595789003178318
0.0,0.55,3,0.022386117408466383,0.012377494512978936,0.2656708570021338
0.0,0.55,8,0.020382000185069596,0.012909846239119442,0.24454575616144997
0.0,0.55,6,0.022253834076661226,0.012491837653004663,0.26359192908102264
0.0,0.55,9,0.020374905987110198,0.011202615864051916,0.23964414554558686
0.0,0.55,7,0.020787170576024812,0.014125462015776092,0.24403949085261953
0.0,0.55,10,0.021982182251545787,0.01429030262885528,0.25685265906142446
0.0,0.8,0,0.01366097604296004,0.009491891221677425,0.16246263227979804
0.0,0.8,5,0.014479090157524226,0.010400411307093344,0.17298729648498132
0.0,0.8,1,0.01292302712558823,0.008742958385213601,0.15474922584474182
0.0,0.8,2,0.01246510146367446,0.009428150749436153,0.14914594410282733
0.0,0.8,3,0.01454751158549949,0.011449144174989425,0.17371060315134604
0.0,0.8,4,0.013744506046537654,0.009659326493540841,0.16145533595577632
0.0,0.8,8,0.014759365612631777,0.01274625358628651,0.17205007314811993
0.0,0.8,9,0.013662827358913934,0.011123430944437952,0.16257923080637274
0.0,0.8,7,0.01383209612608163,0.010510492435235734,0.16244088044138877
0.0,0.8,6,0.014983884058902573,0.009659014192159181,0.181990524431288
0.0,0.8,10,0.014485695510530664,0.0103290718948162,0.17049253414967439
0.0,1.0,0,0.0133659402744162,0.009713164916069682,0.15839338117673749
0.0,1.0,1,0.012998888882235193,0.008724533698306466,0.15347933629953125
0.0,1.0,5,0.010859446968461132,0.00967596072197914,0.12988937436432665
0.0,1.0,3,0.011735588541752757,0.009646192468261117,0.14004032637631655
0.0,1.0,2,0.011901922736741679,0.009318958005146444,0.14102464948474386
0.0,1.0,4,0.012517291540728566,0.010192388041838028,0.14956535750724106
0.0,1.0,8,0.013025081872362898,0.01020766457628587,0.15434939961896268
0.0,1.0,9,0.010841471610792283,0.009079318636751703,0.12911274370931566
0.0,1.0,7,0.010861209118516622,0.01045942467246156,0.13088760228066132
0.0,1.0,6,0.012233894359845083,0.009995704358618551,0.1447270919278959
0.0,1.0,10,0.01254630748399837,0.00921008668612978,0.14969488557781982
0.05,0.0,0,0.3931331532975653,0.05037816554568041,3.615824917561022
0.05,0.0,1,0.39207593324016904,0.06033087907564927,3.612462290894838
0.05,0.0,5,0.3826437854506272,0.0732566800122925,3.5400847201012398
0.05,0.0,2,0.38748136440448894,0.05031234543042638,3.5776095573860527
0.05,0.0,3,0.37377140768460804,0.060856592288173965,3.4824465702345555
0.05,0.0,4,0.381397253396796,0.0647636424086857,3.533007351032773
0.05,0.0,8,0.38622660245001156,0.052936400316316023,3.5583218936672516
0.05,0.0,6,0.3976936890419195,0.05390500667255993,3.634327770630778
0.05,0.0,7,0.368218179139094,0.05096831816135582,3.4474435872477387
0.05,0.0,9,0.3855142551229806,0.05066144339049863,3.545166426320681
0.05,0.0,10,0.38463047840627235,0.05689834018719936,3.557818394370187
0.05,0.02,0,0.303345015776138,0.04753477332330884,2.934478120356975
0.05,0.02,1,0.307850212993757,0.050887092628951865,2.9540012387295995
0.05,0.02,5,0.3096115534853794,0.05699497123657504,2.980525006285853
0.05,0.02,2,0.31476576857674143,0.05574712209948456,3.0281536053317426
0.05,0.02,4,0.3036367586740726,0.056297762103138874,2.939656849059286
0.05,0.02,3,0.30049833832451717,0.05328781299989542,2.915190741646458
0.05,0.02,8,0.3061696100189975,0.05954759629616746,2.9554464389039667
0.05,0.02,9,0.3124009124946518,0.05493403645408577,3.0196662139217683
0.05,0.02,7,0.30906315494948333,0.05905827994244168,2.9602292062241706
0.05,0.02,6,0.3136743008611384,0.05959974891307223,3.014720179388433
0.05,0.02,10,0.3038153625880455,0.04842294646490578,2.93025099283334
0.05,0.05,0,0.22173507952385493,0.05370303725898717,2.2520861847603664
0.05,0.05,1,0.2256111161394652,0.03774527917226003,2.3027659645568272
0.05,0.05,5,0.234443672850295,0.04653768258361151,2.3655131957786977
0.05,0.05,2,0.22308740254313192,0.047974205791541415,2.2580381779200445
0.05,0.05,3,0.23512625644003612,0.05713190867269046,2.362017439346248
0.05,0.05,4,0.22994348409683635,0.04969589531819603,2.3327863886167752
0.05,0.05,8,0.22671475391898865,0.04925795694863594,2.3006699969194186
0.05,0.05,9,0.2325424799424889,0.0589261323299033,2.3496094520182775
0.05,0.05,6,0.23042287053536248,0.05916726616230097,2.324636586424238
0.05,0.05,7,0.23596542843870577,0.04361309830971918,2.3828254760254954
0.05,0.05,10,0.22132370088763964,0.04376828292863172,2.2584320361379024
0.05,0.1,0,0.1558945867000374,0.03773050268708774,1.651886230871751
0.05,0.1,1,0.15998557645392933,0.04801105286510905,1.6842877598546062
0.05,0.1,5,0.15268138717377017,0.042277007564370264,1.6261585154008673
0.05,0.1,3,0.14864707534272126,0.03862564062224305,1.5943405270945066
0.05,0.1,2,0.15018213413582898,0.040509424865410135,1.6058230058883118
0.05,0.1,4,0.15545364894158087,0.04428252839794362,1.6430908738572492
0.05,0.1,6,0.14765066108358915,0.03698589123292439,1.5715006944416734
0.05,0.1,8,0.1559023522200101,0.041711344831446874,1.6530954996088354
0.05,0.1,9,0.15245813094907815,0.0395310400369783,1.605582854264383
0.05,0.1,7,0.15525705215607963,0.036876245536412576,1.6425310227616494
0.05,0.1,10,0.15776867398467392,0.03957182495963368,1.6761038521650768
0.05,0.2,0,0.09099570659669068,0.02923923258701885,1.0113116282940238
0.05,0.2,5,0.085867178979973,0.02591435337063619,0.9579706147546065
0.05,0.2,1,0.08798627937445572,0.028433086857441846,0.9709184558000976
0.05,0.2,2,0.08843968446097586,0.029742821469083292,0.9789753802428399
0.05,0.2,4,0.08283395318809138,0.027766026982824557,0.9161354292675334
0.05,0.2,3,0.08355556717593082,0.026174986582170514,0.9361577404733012
0.05,0.2,8,0.08534774211015121,0.028542268317798967,0.9521015734786238
0.05,0.2,9,0.0878573077581853,0.03139909587759186,0.9729087946111463
0.05,0.2,6,0.08837168886770161,0.02613309414452546,0.9837367175819923
0.05,0.2,7,0.08711310052187089,0.028243602738747726,0.9674518029621848
0.05,0.2,10,0.07916535497245007,0.026283789084190927,0.8817120455804404
0.05,0.35,0,0.04877254911106807,0.01982454252941686,0.5645646819407169
0.05,0.35,1,0.04803548665458027,0.01909474998750324,0.5540789743449699
0.05,0.35,5,0.04756480228301652,0.0219322978478107,0.5455818691521567
0.05,0.35,2,0.049148159543144984,0.021229251575015387,0.5597468447814038
0.05,0.35,3,0.05073354563265223,0.021719400687857677,0.5834495523227866
0.05,0.35,4,0.05136940923618918,0.022805446038878543,0.5817430380797172
0.05,0.35,8,0.04456262579991232,0.018881452370094406,0.5118909802589419
0.05,0.35,6,0.0517908442790705,0.020485336669885307,0.5925220313182326
0.05,0.35,9,0.04792681821265022,0.02000615947372141,0.5502589932946005
0.05,0.35,7,0.048327810323231656,0.021858114548965437,0.5544787221637878
0.05,0.35,10,0.04621708998185956,0.019160692148729577,0.529362803765553
0.05,0.55,0,0.025455144059437808,0.014906468385401928,0.2990909319259361
0.05,0.55,1,0.028270331219200907,0.01793706339326812,0.3270958587798244
0.05,0.55,2,0.028997492137844274,0.016964010394857367,0.33573806180447485
0.05,0.55,5,0.02687598967435301,0.016744447783847115,0.31278422165552067
0.05,0.55,3,0.028568595189030238,0.013503292116033678,0.3335445603767511
0.05,0.55,4,0.025309731245666187,0.012742513137575236,0.2937214241124231
0.05,0.55,8,0.02861119564856012,0.014670626113902456,0.3341320664354053
0.05,0.55,7,0.026152896710386352,0.013085961453448033,0.3056235637229446
0.05,0.55,9,0.029676725410304115,0.015330348218163587,0.34572223934872404
0.05,0.55,6,0.02939981922276036,0.01585336188452955,0.3440187527492285
0.05,0.55,10,0.02729033465329789,0.014874620963167988,0.31922990251071254
0.05,0.8,0,0.01920404626812913,0.011968874637830336,0.22868346474273316
0.05,0.8,1,0.017054350370858732,0.011883828656431866,0.2014484482546041
0.05,0.8,5,0.017563537614444003,0.011821086541911439,0.20386859857407366
0.05,0.8,3,0.016446016405954226,0.010171565867487593,0.19264757165199622
0.05,0.8,2,0.016016910533739204,0.01001718231230492,0.18954675067147694
0.05,0.8,4,0.014210801206638035,0.0104184875992641,0.16813254056732216
0.05,0.8,8,0.01818277224533999,0.010713101708554594,0.21324251517831874
0.05,0.8,7,0.0155792340663358,0.009561820316679678,0.18724902763713136
0.05,0.8,6,0.017137808525358126,0.009769607901575638,0.2024114644533964
0.05,0.8,9,0.01888538370636031,0.012281627129965595,0.22104098415274723
0.05,0.8,10,0.01838506813312968,0.01089910956234784,0.2152363920627645
0.05,1.0,0,0.013189322577694586,0.01017993174602324,0.15422015200874714
0.05,1.0,1,0.01226420919168748,0.008923721611016098,0.14515733863276709
0.05,1.0,5,0.015437831958802075,0.011171650817434455,0.1809320675075837
0.05,1.0,2,0.014341938225592163,0.010093992548021053,0.17149963065701854
0.05,1.0,4,0.013137958519401876,0.011357988961303436,0.15593692736021042
0.05,1.0,3,0.012050444992829513,0.010163276197428496,0.14251100266259767
0.05,1.0,8,0.013093170755091574,0.009784287698177158,0.15669274383116438
0.05,1.0,9,0.011154837488790753,0.009378292374901898,0.13154149817103955
0.05,1.0,7,0.011990909065193827,0.008404213453775719,0.1420560266242148
0.05,1.0,6,0.013348920666168648,0.008893179567690056,0.15823679169953547
0.1,0.0,0,0.4691436970641882,0.06038608576703015,4.113733962080465
0.05,1.0,10,0.014538669428379159,0.009579764480814013,0.1725960520801499
0.1,0.0,1,0.4561497966112709,0.06425088618178168,4.026653958072092
0.1,0.0,2,0.4517219679564252,0.06067337405635479,4.009710619781151
0.1,0.0,5,0.46077644075675084,0.0731756357452732,4.056607564613105
0.1,0.0,3,0.4540632962379804,0.06272183599233955,4.0217147959176165
0.1,0.0,4,0.4696936443327837,0.058869007514885795,4.123919952307717
0.1,0.0,8,0.4612589168369185,0.059747285828271005,4.038748404903943
0.1,0.0,9,0.46091360684541177,0.0654963345945788,4.04775962282953
0.1,0.0,7,0.4693825883151487,0.05881879068619025,4.112046043100286
0.1,0.0,6,0.4592923422351795,0.050271017780359285,4.051378914834285
0.1,0.02,0,0.3901917230490297,0.060799979785601525,3.5769552733894314
0.1,0.0,10,0.4611570624848679,0.061419992074202144,4.066544849130065
0.1,0.02,1,0.38689887862999717,0.06909186150164026,3.5497077111514863
0.1,0.02,5,0.38294569329766637,0.06331982314454526,3.540141501934922
0.1,0.02,2,0.3933052746681497,0.061134965498131036,3.596326930742036
0.1,0.02,3,0.38642199709693853,0.05527120242631086,3.5536587530433064
0.1,0.02,4,0.3926475559991682,0.057148154438211904,3.5844495730082024
0.1,0.02,8,0.38359238314972055,0.06662802426355577,3.517245104596354
0.1,0.02,9,0.38657976214346695,0.06746132782788536,3.5586106321200397
0.1,0.02,7,0.38725525491513724,0.06786025414445222,3.524982096404945
0.1,0.02,6,0.3862632441076331,0.059456280035572864,3.5435901328455572
0.1,0.05,0,0.3067408881230264,0.05701285086665197,2.958610269140533
0.1,0.02,10,0.38144948222409475,0.06879305212442247,3.511009309661596
0.1,0.05,5,0.3038021612218618,0.06657544044336776,2.92335320871246
0.1,0.05,1,0.2947625298604544,0.06546737653433898,2.859702104292523
0.1,0.05,2,0.30419236764391044,0.051600238255287714,2.922481425965801
0.1,0.05,4,0.303468337679441,0.059425944376096704,2.919354966214162
0.1,0.05,3,0.31294578323859573,0.05920243450817575,3.0025202624872946
0.1,0.05,9,0.31391126042634765,0.05949550184567125,2.988620814760302
0.1,0.05,8,0.3053781605835519,0.06293057955732598,2.9245944839272084
0.1,0.05,7,0.3058428789954388,0.060291728926379996,2.9428378147793586
0.1,0.05,6,0.30593178676713556,0.049714265796402486,2.952855764120311
0.1,0.1,0,0.21999960275005914,0.05487913110546214,2.2291460947794253
0.1,0.05,10,0.30117170987762404,0.06031787872062318,2.8954497644230837
0.1,0.1,1,0.22222295725244767,0.053166831080226525,2.250343557120971
0.1,0.1,5,0.2070185988622367,0.04844698912153701,2.114403377345573
0.1,0.1,2,0.20535056183447412,0.05216223218600773,2.086020348958601
0.1,0.1,3,0.20760760421769686,0.04964504993451285,2.118716187130006
0.1,0.1,4,0.21086685636145788,0.052562374840009175,2.1432260270820183
0.1,0.1,8,0.21187703848154782,0.057288604698023035,2.14723539590953
0.1,0.1,9,0.21186794433211323,0.0506529658052213,2.1505675304077343
0.1,0.1,7,0.2106460813661241,0.05311941246347737,2.13867011047495
0.1,0.1,6,0.21018735137461442,0.049312502265777304,2.1448053031527663
0.1,0.2,0,0.12495312211362108,0.03230403593898204,1.344677086742769
0.1,0.1,10,0.20652397906747086,0.0443758551132263,2.116258531151539
0.1,0.2,1,0.11973593252517466,0.034920081928631455,1.288380290232507
0.1,0.2,5,0.12340401348314599,0.042668810096743316,1.329338253142866
0.1,0.2,2,0.12279422863568627,0.0350729817382201,1.3228239263688426
0.1,0.2,3,0.11801797539148376,0.03375863595602889,1.2711158226938628
0.1,0.2,4,0.12489266691710174,0.036797449721519035,1.3438281673641663
0.1,0.2,8,0.12057086353152792,0.04156427183490859,1.3020263165342294
0.1,0.2,9,0.1184522181971439,0.040744215000549144,1.2756488368717573
0.1,0.2,7,0.1230690906677804,0.03645009893140191,1.324339439157089
0.1,0.2,6,0.1198008246965688,0.03733494566877107,1.3008168145732382
0.1,0.2,10,0.1222041227529425,0.03343995219086113,1.3162670021180454
0.1,0.35,0,0.06734322262861879,0.025684970863866695,0.7534920999802445
0.1,0.35,1,0.05859735947187203,0.024704626762386654,0.6641372777136104
0.1,0.35,5,0.06578761929977307,0.026003196857605604,0.7444362715082928
0.1,0.35,3,0.06058451826645039,0.02403629774146175,0.6896860544758205
0.1,0.35,2,0.06470106568412796,0.025993399481318437,0.7355368579290495
0.1,0.35,4,0.06543358866719831,0.024776566161512022,0.7400547239517838
0.1,0.35,8,0.061970237285328855,0.024244127751115476,0.6997861381501147
0.1,0.35,9,0.06445673664806995,0.025789517476523933,0.7366798484452254
0.1,0.35,7,0.06497749975116049,0.025739269715808814,0.7312888055317689
0.1,0.35,6,0.06307248954602705,0.024398371443424518,0.706933539158735
0.1,0.55,0,0.037290936822779876,0.018420069713628195,0.4277569332219743
0.1,0.35,10,0.060237430479156556,0.02275020107410843,0.6807096910499407
0.1,0.55,1,0.03524754373142337,0.01710030321963564,0.4083329162255696
0.1,0.55,5,0.03644741656266902,0.024601019274308474,0.4183538483918528
0.1,0.55,3,0.038102542862380885,0.0176517963296439,0.4431672437234664
0.1,0.55,2,0.03733377270365144,0.01865929966272607,0.43379343312091545
0.1,0.55,4,0.03340520230468427,0.014694336292574661,0.3870104478674156
0.1,0.55,8,0.03543949134092651,0.018571284106572578,0.41154261705914474
0.1,0.55,6,0.036991411612814135,0.015861653797550786,0.43238858238597155
0.1,0.55,9,0.034187804579969096,0.01801170341832334,0.39840829839529945
0.1,0.55,7,0.03566924103274588,0.017598111805818988,0.4126293665722238
0.1,0.55,10,0.03563063032757994,0.019425864215556657,0.41292427442263796
0.1,0.8,0,0.01926916815464153,0.011058759871318017,0.22942397312132853
0.1,0.8,5,0.017873525614548243,0.011702799423586823,0.21086017753788464
0.1,0.8,1,0.020846590638690876,0.015589392371644088,0.2484019538555829
0.1,0.8,2,0.02033207377735191,0.011871560128879246,0.24027969351192016
0.1,0.8,3,0.01786789595940114,0.01047538327468093,0.21199814697334107
0.1,0.8,4,0.02019892520293292,0.01087520324832714,0.23738622651628882
0.1,0.8,8,0.01865107594061728,0.010792390213196515,0.21876908000953768
0.1,0.8,9,0.021267909576130423,0.012022596680588903,0.2524546639630497
0.1,0.8,7,0.018938551599659972,0.013198630106130238,0.2238173304883015
0.1,0.8,6,0.02021324888783016,0.011638514324026749,0.23800278765070776
0.1,1.0,0,0.01424565623830079,0.00997211237067308,0.17205439403972922
0.1,0.8,10,0.0203742732078981,0.014522542778830607,0.23843714061346677
0.1,1.0,1,0.016093365572586286,0.011722780392091684,0.1926996912124959
0.1,1.0,2,0.014965099606868601,0.01002346789768608,0.1745879331176626
0.1,1.0,5,0.017565363257313234,0.012241908888130943,0.205320085824597
0.1,1.0,3,0.01664942320931287,0.01481082770052515,0.19830039541542666
0.1,1.0,4,0.014481065421132344,0.011139589753283914,0.17115826781998333
0.1,1.0,8,0.014393040841069238,0.010745180613327597,0.16917563748847791
0.1,1.0,6,0.013896670717020916,0.010293882007583537,0.16615072443878767
0.1,1.0,7,0.013535194526924626,0.009095373844032409,0.16000271323772539
0.1,1.0,9,0.012789059692854283,0.009151254720522256,0.15337966858226806
0.2,0.0,0,0.5209664764149875,0.058710074136444045,4.4396212490407425
0.1,1.0,10,0.01305886864751007,0.010278731751022254,0.1533669527416164
0.2,0.0,1,0.5152959974601673,0.06501424944023217,4.382617545810489
0.2,0.0,5,0.5210026630486041,0.06924885600980511,4.438950222574693
0.2,0.0,3,0.5143745139610957,0.06793714683900538,4.382938643236265
0.2,0.0,2,0.5129802817607232,0.0648211508669509,4.400854560768584
0.2,0.0,4,0.5156564189842231,0.06801741866653538,4.39608439446807
0.2,0.0,7,0.5093635670115029,0.06381766558392181,4.367449848128995
0.2,0.0,8,0.5073652921441456,0.07282997358732098,4.336560378003369
0.2,0.0,6,0.5123261478071509,0.05967712979686502,4.381985385616104
0.2,0.0,9,0.5250492480283276,0.06962547707081258,4.455813360988696
0.2,0.0,10,0.5066089894650221,0.05691553874846799,4.354841702227651
0.2,0.02,1,0.46507232372200114,0.07225964764900702,4.076541175143191
0.2,0.02,0,0.4653193694083715,0.07197732000741093,4.071100055641184
0.2,0.02,5,0.4545506982910561,0.0670504068398072,4.018423938299486
0.2,0.02,2,0.4696222346678809,0.06830539397586324,4.107371932182406
0.2,0.02,3,0.4610827064615775,0.061694852633308324,4.054862363862292
0.2,0.02,4,0.47595505816361977,0.06151676045626394,4.151923195403614
0.2,0.02,9,0.4646995470772921,0.06430304841085291,4.092769434571915
0.2,0.02,8,0.4628913653243974,0.07437727245167436,4.04087866149116
0.2,0.02,7,0.47326635684734014,0.06124776453221282,4.142889705181887
0.2,0.02,6,0.4656655473029272,0.05498664704410143,4.104749684967218
0.2,0.02,10,0.48309850208354205,0.053249640229336495,4.210271333296188
0.2,0.05,0,0.40307721573495814,0.06335651748890808,3.660436920138447
0.2,0.05,5,0.3985400384914194,0.07326527732999476,3.620225578511241
0.2,0.05,1,0.39899177727609464,0.06495148490225143,3.6255290760538634
0.2,0.05,2,0.40860977425834316,0.06623099300151901,3.6949265910849256
0.2,0.05,3,0.3955137360498861,0.06897206389400387,3.619781643377859
0.2,0.05,4,0.39185717904777745,0.0635300609826685,3.5953936593968696
0.2,0.05,8,0.3934582542680052,0.06521799897050312,3.585427180673428
0.2,0.05,7,0.40399279750025024,0.06379767806177342,3.661013394931104
0.2,0.05,6,0.39577396175059,0.0644099244475407,3.6181897735102755
0.2,0.05,9,0.4088378984144046,0.06882452530964321,3.675504490404916
0.2,0.1,0,0.31217173363185646,0.05803681314198422,2.984391358384108
0.2,0.1,5,0.302160443076912,0.061372086024246895,2.918535527749299
0.2,0.1,1,0.3090180971525865,0.060297016640409644,2.973853310961403
0.2,0.05,10,0.40046153861938316,0.05850483683021263,3.639574674050783
0.2,0.1,2,0.29755130008449965,0.05173005114502534,2.8616239446777083
0.2,0.1,3,0.30221778934249904,0.05855193201261702,2.908768896561162
0.2,0.1,4,0.300905799076846,0.05341005618229092,2.888602994454166
0.2,0.1,8,0.30536646707882487,0.05356772695800315,2.947057282359234
0.2,0.1,9,0.3033673944914648,0.05269858448766811,2.931618603773209
0.2,0.1,6,0.3023023318947189,0.056161903308068896,2.9194593323419786
0.2,0.1,7,0.30538203876340775,0.06743545821214236,2.939679151317151
0.2,0.2,5,0.17524486904288597,0.048674264999960956,1.8165925121754216
0.2,0.2,1,0.18601464577587412,0.0539661215901558,1.91236762910169
0.2,0.1,10,0.299035408351345,0.05595638429908485,2.8907548665453753
0.2,0.2,0,0.1835280859556943,0.05118250435165332,1.9066649345000541
0.2,0.2,3,0.193781257862378,0.05378525753001619,1.9849069202719627
0.2,0.2,2,0.18150063735676109,0.049684968519331844,1.8742523130365316
0.2,0.2,4,0.1751380803547468,0.05010371159337147,1.8226586580849413
0.2,0.2,8,0.17600545478529223,0.04116410624071718,1.8361154313972423
0.2,0.2,9,0.1828264096635559,0.04550125868232013,1.8896330732084334
0.2,0.2,6,0.18631435831264934,0.04207868057700463,1.929773465399615
0.2,0.2,7,0.1813871554349423,0.04172183402204801,1.8897561722935134
0.2,0.35,0,0.0958919367431763,0.03097829440015548,1.050608524391777
0.2,0.35,5,0.09871183420792715,0.037308688851991935,1.0819427093966747
0.2,0.2,10,0.18637617515638766,0.0458578397949275,1.9350605545622124
0.2,0.35,1,0.10337380435223217,0.035861655114718054,1.1304945358889908
0.2,0.35,2,0.09578844805487666,0.03140061185582084,1.0438611602603423
0.2,0.35,3,0.09931885919962083,0.030321615167548093,1.0867538171855566
0.2,0.35,4,0.10237716378654106,0.036313637945972005,1.1216842550545378
0.2,0.35,8,0.09535757308490607,0.03378479528652425,1.036937047886875
0.2,0.35,9,0.10074740861032999,0.0323963533155517,1.0987099123037327
0.2,0.35,7,0.09991393044340612,0.028742898107814194,1.0927860255972446
0.2,0.35,6,0.10048433024508693,0.030999171853800658,1.1041509496227389
0.2,0.55,0,0.04892634974183679,0.021597408939980082,0.5610657966464705
0.2,0.55,5,0.050449417793770344,0.02430960161737899,0.571903230074382
0.2,0.35,10,0.09909400014306283,0.03081264942442903,1.0757932213118004
0.2,0.55,1,0.05505876569375306,0.025091127018623673,0.6205871032395245
0.2,0.55,2,0.052046248776478475,0.020741800467366046,0.5976204578153702
0.2,0.55,3,0.05359916727609816,0.022651505434449014,0.6113118779201164
0.2,0.55,4,0.051884932645595586,0.024126458240522636,0.5901964938845505
0.2,0.55,8,0.04799335376219415,0.022678630241251718,0.5429910303457176
0.2,0.55,9,0.0501185411147986,0.027014079594347984,0.5647743927272821
0.2,0.55,6,0.05791524205687258,0.023980840189600672,0.660036897701445
0.2,0.55,7,0.05290875852726804,0.02241578423143493,0.6024690468880922
0.2,0.8,0,0.026256851684760895,0.01682086470530597,0.30668872801091107
0.2,0.8,5,0.02760320774515876,0.016731896028371832,0.32698960236945174
0.2,0.55,10,0.05254068861462838,0.0214758942022169,0.5972249663724417
0.2,0.8,1,0.021852255138348525,0.013279032231672632,0.2615506312241572
0.2,0.8,2,0.023453519044197235,0.01295337303182149,0.27526463684950664
0.2,0.8,3,0.025361143910771145,0.014729207708422728,0.2933853666773456
0.2,0.8,4,0.0259503021054559,0.018945004229594255,0.30154789530997184
0.2,0.8,8,0.02546024134603558,0.015698713539667276,0.2969367895469275
0.2,0.8,9,0.02603832901926879,0.013697477026606232,0.30502122626630424
0.2,0.8,6,0.0261153482687033,0.017328816347967246,0.30373306082823903
0.2,0.8,7,0.025750633261152008,0.015212702281344722,0.30264755661130194
0.2,1.0,5,0.018202311690914283,0.011015865403856968,0.21777925734687414
0.2,1.0,0,0.019538135631854466,0.015593062642420434,0.22878468240243163
0.2,1.0,1,0.017089005347949642,0.011025864318670826,0.20048152663531343
0.2,0.8,10,0.023189988370093687,0.01272674698589582,0.2737522309770715
0.2,1.0,2,0.016784101082192523,0.01185903690741484,0.19874669088743369
0.2,1.0,3,0.016965273025974024,0.01281514666107283,0.19984693564922146
0.2,1.0,4,0.018237303919144576,0.01392364252409647,0.21498580382665092
0.2,1.0,8,0.017245936076931336,0.012742481154522808,0.20369274673035648
0.2,1.0,7,0.020151887257590574,0.014429320604582541,0.2355930045464093
0.2,1.0,9,0.019042673220317618,0.01435580695614773,0.22242481674845446
0.2,1.0,6,0.018241475656125602,0.014326484423493078,0.21724359315927877
0.3,0.0,0,0.5346800757316235,0.057523185655396866,4.544311487006727
0.3,0.0,5,0.5363255101852874,0.05763834911333104,4.5469173277590835
0.3,0.0,1,0.5284105154994387,0.0654622583564323,4.475853173468265
0.3,0.0,3,0.5218509170979878,0.06365320536764514,4.4577265441343465
0.3,0.0,2,0.525152254218807,0.06156269325214927,4.466561776259179
0.3,0.0,4,0.534851442650235,0.07048064157133571,4.542269434416482
0.2,1.0,10,0.019033205214835543,0.012917141224845125,0.22666455985494538
0.3,0.0,8,0.5292427837200742,0.05148409417910356,4.505930972167214
0.3,0.0,6,0.5308752928049755,0.0629521955307314,4.496605618551544
0.3,0.0,7,0.5317135728901919,0.057714126118048506,4.540108448548391
0.3,0.0,9,0.5287449206137531,0.06260594812234985,4.500420857597252
0.3,0.02,0,0.4956579713146611,0.0595498546157955,4.286217202853437
0.3,0.0,10,0.5388945366304863,0.05135784496229346,4.56560577439866
0.3,0.02,1,0.48592069939007304,0.0621021537818162,4.220685332279175
0.3,0.02,5,0.505466902839216,0.07029382372928718,4.344669390329175
0.3,0.02,2,0.49505476774745477,0.06434647251760989,4.294874387904979
0.3,0.02,3,0.4857317826222075,0.060698316755288646,4.239467985166502
0.3,0.02,4,0.4952824525602629,0.06067466521485003,4.313345527306346
0.3,0.02,8,0.497058752375272,0.06626246838128245,4.286308270720555
0.3,0.02,6,0.49005365909261056,0.05966403975697378,4.257867283013241
0.3,0.02,9,0.4919983181379867,0.056033852162005085,4.273683083201428
0.3,0.02,7,0.5071629320525999,0.06819299936298875,4.347555146268971
0.3,0.05,0,0.43563812231994525,0.05363437033522961,3.914611063987682
0.3,0.02,10,0.49414579346524024,0.055397205571659745,4.3021894966586816
0.3,0.05,5,0.44200250425920445,0.06259173129225917,3.9334809295731623
0.3,0.05,1,0.44845132169490937,0.05899631829022309,3.970601318286469
0.3,0.05,3,0.4422555676715082,0.06372173078128655,3.9518370170919286
0.3,0.05,2,0.4485274373973629,0.05867095706440573,3.9947661908605876
0.3,0.05,4,0.44728826987947995,0.06023558117619167,3.9565243202065203
0.3,0.05,9,0.44725922339774776,0.06588718490582135,3.9826341028871197
0.3,0.05,8,0.4371920406661496,0.06721712221104013,3.9177387608615946
0.3,0.05,7,0.4560858944214373,0.07489008050676943,4.0100823613894745
0.3,0.05,6,0.4554408715619039,0.0532311224566381,4.031732019899131
0.3,0.1,0,0.3559347059748852,0.06682384550691195,3.3373354493056966
0.3,0.05,10,0.43844373135989256,0.0599827324528263,3.9311618839777265
0.3,0.1,5,0.3664096841656418,0.06772444853884924,3.4016284867663593
0.3,0.1,1,0.3675336659417696,0.06478322978580137,3.4248957201038626
0.3,0.1,2,0.3630405837043627,0.05706545812629242,3.3851388884303786
0.3,0.1,3,0.3665527236566855,0.05935273588659534,3.4021656667266718
0.3,0.1,4,0.3616747356872051,0.06220541377353049,3.377786000358773
0.3,0.1,8,0.3708714372471664,0.05806783936236254,3.440710759635168
0.3,0.1,7,0.36845001903958147,0.06484950264609017,3.4004036834248
0.3,0.1,9,0.37004544800363026,0.06447651752112143,3.420622267493954
0.3,0.1,6,0.3629628107001407,0.059339311953999115,3.3969069114498525
0.3,0.2,0,0.23451385573139358,0.04953637829022182,2.3688531589494803
0.3,0.2,1,0.24411963069290718,0.06014296591472092,2.433083869111528
0.3,0.2,5,0.2388809742478289,0.05344263308128843,2.3913314271544897
0.3,0.1,10,0.35634103411591506,0.05130377283867354,3.3425704324438015
0.3,0.2,2,0.22834241580644474,0.050298620990118705,2.3085369418594595
0.3,0.2,3,0.23421276748984676,0.052209127639571404,2.3513225457992597
0.3,0.2,4,0.23196304195323342,0.05307965127687978,2.337833409360778
0.3,0.2,8,0.23452934679314894,0.05334040138159595,2.3482339370567025
0.3,0.2,9,0.24126910596283896,0.049609015588981266,2.4114787436326175
0.3,0.2,6,0.2373120691183665,0.05016284967227899,2.376886271233595
0.3,0.2,7,0.2415990129774976,0.05046593062880919,2.4246748086569867
0.3,0.35,5,0.14026918598194002,0.04248474481377068,1.4947366475784003
0.3,0.35,0,0.14146042728274888,0.039107512176030326,1.5138442375337888
0.3,0.2,10,0.23545239960755282,0.04488936097047296,2.3672665254833616
0.3,0.35,3,0.13584521247757572,0.03981107836129407,1.462776677247342
0.3,0.35,1,0.13172656051975118,0.04267714513060225,1.4076952450134248
0.3,0.35,2,0.135194562591859,0.036165886912502096,1.4490743900474399
0.3,0.35,4,0.1284140141978345,0.03882437397330558,1.3776058255085764
0.3,0.35,8,0.13019773579728722,0.03886399692943212,1.4006434339296923
0.3,0.35,7,0.1307647918929646,0.03977900729029749,1.4061100513575555
0.3,0.35,9,0.13767191180568855,0.03886570508433898,1.473838227543768
0.3,0.35,6,0.13545165254994687,0.03890044988424647,1.442783751337822
0.3,0.55,5,0.06931468411680428,0.025657200532722774,0.7782935812047879
0.3,0.55,0,0.06770654642839989,0.02977686143318767,0.7545532412778406
0.3,0.35,10,0.13445915107198617,0.03565040679960932,1.438416970023617
0.3,0.55,1,0.06615375257539875,0.023896503404543294,0.7461020040968274
0.3,0.55,3,0.07012226593942282,0.03023230006186286,0.7873236090589988
0.3,0.55,2,0.06860438414044202,0.027602132128260817,0.7589373950702881
0.3,0.55,4,0.07085934414450686,0.026781629414613616,0.7983443135758573
0.3,0.55,8,0.06490500947898084,0.024766541101349855,0.7369745958975714
0.3,0.55,9,0.06986975021038681,0.032832779084416314,0.7836509201657118
0.3,0.55,6,0.06789595075976089,0.02499768853742539,0.7677465375592025
0.3,0.55,7,0.06962228271355823,0.02949925783902114,0.7884212182451745
0.3,0.55,10,0.06919240556539895,0.02649565235136957,0.7730324571047129
0.3,0.8,0,0.03386592188688984,0.015709413513550027,0.3926929889136457
0.3,0.8,5,0.034863623886521915,0.017731904204015388,0.40157138286377025
0.3,0.8,1,0.033377285876654963,0.018759618390649522,0.38221530329829245
0.3,0.8,2,0.03178398752429591,0.016798500471224966,0.36475527343602565
0.3,0.8,3,0.03082597636455448,0.0165047282643342,0.3607541641537818
0.3,0.8,4,0.03279011720197592,0.017804254600569877,0.381424405819131
0.3,0.8,8,0.032732155281972056,0.015991319326206652,0.37468615793782833
0.3,0.8,9,0.03146800642174893,0.0126640641680021,0.3664086599533261
0.3,0.8,7,0.031945484571797834,0.014848955111642128,0.37248954621271496
0.3,0.8,6,0.028971999404507776,0.017475897307854506,0.33120531008086196
0.3,1.0,5,0.020380990220373943,0.015437878424054266,0.2399984419604957
0.3,1.0,0,0.021620728645091916,0.016222132459607706,0.2529303148191767
0.3,0.8,10,0.03128385393913409,0.01707225211912766,0.36266311941332324
0.3,1.0,1,0.021207243614199022,0.015794202610320614,0.25057842612513426
0.3,1.0,2,0.02195540241361068,0.0185962815141096,0.255673554226116
0.3,1.0,3,0.02134335746300282,0.016524478998761607,0.24710721701845867
0.3,1.0,4,0.021156941828002387,0.014999184988550199,0.24826566787123172
0.3,1.0,8,0.022890566985422526,0.0158328771880278,0.26801437356710506
0.3,1.0,9,0.019776531649783106,0.014987229695309296,0.23352693231264643
0.3,1.0,7,0.019369483697001602,0.01611001188337813,0.22727203334657808
0.3,1.0,6,0.017733626375697892,0.013846530544463265,0.20950207437816615
0.45,0.0,0,0.5430668825851263,0.06020449364051747,4.603857401782768
0.45,0.0,1,0.5268603589835399,0.054234157470777436,4.500222790294519
0.45,0.0,5,0.5426490694354572,0.0582942312984317,4.604928788271274
0.45,0.0,2,0.5259612116460989,0.05828445218421412,4.506836427484713
0.45,0.0,3,0.5305209186859173,0.05582732999410366,4.5424464013170995
0.45,0.0,4,0.5315930114710746,0.05550745946175237,4.540416583713966
0.3,1.0,10,0.016444641711877196,0.011003158444808364,0.19314880607814444
0.45,0.0,8,0.5280019171702839,0.06422306713926362,4.5044346162775275
0.45,0.0,9,0.524235493062972,0.05069811620040439,4.507888796526632
0.45,0.0,7,0.5252605796553185,0.06319586257685662,4.505654826196769
0.45,0.0,6,0.5167331202830051,0.055828341465610186,4.455562103814544
0.45,0.02,0,0.5068996280181196,0.06410036389792531,4.385636868440681
0.45,0.02,1,0.5054673834236084,0.055977571061110884,4.3887496832706985
0.45,0.0,10,0.5314669680154838,0.057531669203474495,4.53107080289114
0.45,0.02,2,0.5093044250927273,0.06095943782344527,4.402901370977449
0.45,0.02,5,0.510687733375201,0.06708724632852528,4.389240331023579
0.45,0.02,3,0.506318356903797,0.057328009634204674,4.402996898279453
0.45,0.02,4,0.5049163919365725,0.05822404435542929,4.375138173033071
0.45,0.02,8,0.5047087741748721,0.06465543583867785,4.364978331681475
0.45,0.02,9,0.5044593130909628,0.06382377711951205,4.38816613288657
0.45,0.02,7,0.503009226600923,0.06074426859484598,4.363698443432959
0.45,0.02,6,0.508465028755903,0.05289457607909092,4.375057215538191
0.45,0.05,0,0.46825009940711204,0.058597551969649164,4.152799519414834
0.45,0.05,5,0.4747962624043812,0.056107440964190035,4.185305986161509
0.45,0.05,1,0.4693571478284838,0.058577618226164654,4.139448383716294
0.45,0.02,10,0.5147204582401438,0.06195944148299433,4.4240257473126405
0.45,0.05,2,0.4769424503692597,0.06466508457837533,4.201098220676615
0.45,0.05,3,0.46588325897214355,0.05931548036942198,4.119585864140247
0.45,0.05,4,0.47436981073765677,0.0662368351539905,4.180265514659118
0.45,0.05,9,0.4646907351419475,0.06415711691036353,4.110213042137593
0.45,0.05,8,0.46535783263732194,0.06489932314185043,4.12527409177842
0.45,0.05,7,0.4697860807537011,0.059850422214196924,4.131207834975107
0.45,0.05,6,0.47096373606683395,0.050576520019077434,4.168624219077427
0.45,0.1,5,0.4075896347056836,0.05829262531265667,3.747428275826519
0.45,0.1,0,0.4000082240545407,0.05476550372979322,3.691069388675788
0.45,0.1,1,0.4134337566825302,0.06776054392141416,3.7774689035060622
0.45,0.05,10,0.4616153008281491,0.05688041263872614,4.113391582497969
0.45,0.1,2,0.42017313760689334,0.052571517512763906,3.8308633017330957
0.45,0.1,3,0.4076286757690021,0.061719050583726336,3.7488302956257287
0.45,0.1,4,0.4117352808441737,0.06574374960561233,3.7689347359298835
0.45,0.1,8,0.40790997405429813,0.05549502466153116,3.7362916663130448
0.45,0.1,9,0.40884601438263446,0.058702447059271926,3.7430215221395753
0.45,0.1,7,0.4036096742656446,0.06116717811538365,3.691587629167133
0.45,0.1,6,0.4045028743579444,0.05969373074792708,3.722742633134321
0.45,0.2,0,0.30436812358296245,0.06269874638346763,2.930776978876295
0.45,0.2,5,0.30311595044563555,0.06424864346102728,2.937098894985931
0.45,0.2,1,0.3000952968183072,0.061811805980446284,2.9215575002501244
0.45,0.1,10,0.420656806791903,0.06389582521519746,3.803858688731832
0.45,0.2,2,0.2893645965188287,0.054653464348225204,2.827554617422131
0.45,0.2,4,0.29538861835437563,0.05813389536910809,2.877873633795252
0.45,0.2,3,0.29558297701585035,0.0631759718359125,2.8534724352249223
0.45,0.2,9,0.30411754246070954,0.05627508047172364,2.956069893858709
0.45,0.2,8,0.29024443508915077,0.056194225372925996,2.8404796806830945
0.45,0.2,7,0.29222920743310127,0.05485116546657345,2.867667280554045
0.45,0.2,6,0.29255001656688856,0.056522652391707506,2.8522636868407183
0.45,0.35,5,0.18337656477451458,0.04129768760447999,1.9145212189397083
0.45,0.35,0,0.18053119616996366,0.042529304382054,1.9008924208703246
0.45,0.2,10,0.3031627238291373,0.05354101962066793,2.9264364737745887
0.45,0.35,1,0.19164518434049338,0.05067420999885131,1.9790905044044147
0.45,0.35,2,0.1795660104493615,0.03598274951016323,1.887135124169037
0.45,0.35,3,0.1690219808668055,0.04466286428933631,1.7702646776246451
0.45,0.35,4,0.1803094347904586,0.04047097561835413,1.884325634253389
0.45,0.35,8,0.1856527998492638,0.044505799503185194,1.9343552766022583
0.45,0.35,9,0.18142426731027403,0.04228997843674386,1.8928277305935188
0.45,0.35,7,0.1868711330197549,0.05122484062075061,1.9474955525924904
0.45,0.35,6,0.18388023181299132,0.04229506285264868,1.9168065042117677
0.45,0.55,0,0.09901374721259396,0.03572813097882692,1.0827867370720605
0.45,0.35,10,0.17839121671504668,0.04398538000682804,1.8640440417659396
0.45,0.55,1,0.09739112998550555,0.04198126991328731,1.0636044854427382
0.45,0.55,5,0.09330812680708284,0.03166464885173577,1.025462642914363
0.45,0.55,3,0.09601200324148104,0.03622253463960323,1.0616054580092504
0.45,0.55,2,0.1008599937973303,0.03654444818009607,1.1021383794148085
0.45,0.55,4,0.09487655540518203,0.03202696054718326,1.0407915679271635
0.45,0.55,8,0.09028844222876048,0.03164343909347903,0.9974530916057844
0.45,0.55,6,0.09584755532496562,0.03168450453142592,1.0588648784648154
0.45,0.55,7,0.09667431399495044,0.03159924042405498,1.05322382278945
0.45,0.55,9,0.10283565290645975,0.03143168320349817,1.1332784282855273
0.45,0.55,10,0.09161392962198148,0.028898578543338754,1.0077245451399497
0.45,0.8,5,0.04171552602822233,0.01968795353611785,0.4813002695036683
0.45,0.8,0,0.04582344380039658,0.02303879547602112,0.5224256525936376
0.45,0.8,1,0.04391561833060363,0.023722458032347276,0.49818707489146713
0.45,0.8,2,0.038903484885244304,0.01592121124486312,0.44508047816552504
0.45,0.8,3,0.03938122334631288,0.018806718623518737,0.4567552405871097
0.45,0.8,4,0.04353727011453783,0.020099535260255735,0.4931407035070552
0.45,0.8,8,0.04195639638210706,0.020724302700098934,0.4801550101136441
0.45,0.8,7,0.04420117201043412,0.022875882941278364,0.5055096192047145
0.45,0.8,9,0.03998093663863957,0.017999988129374422,0.46421681432074047
0.45,0.8,6,0.03985123259105153,0.01888385759601141,0.4583405802845183
0.45,1.0,0,0.02432335534964086,0.019991545639517782,0.2832123719920498
0.45,1.0,5,0.022853381229580312,0.01545421169300436,0.2672423960626988
0.45,0.8,10,0.038783201900038866,0.0201964738598146,0.4431774807077668
0.45,1.0,1,0.028822476261284466,0.021179665955192425,0.33389853998584224
0.45,1.0,2,0.0215662745452729,0.012187664089686821,0.25288607011753944
0.45,1.0,3,0.024765413507450765,0.016205513326111833,0.2950399119570645
0.45,1.0,4,0.023216589850506262,0.01927171470400511,0.2698535780636298
0.45,1.0,8,0.025237012288760838,0.016511704638216947,0.29667325318263416
0.45,1.0,9,0.02642363840082844,0.020658487158497617,0.311518053940909
0.45,1.0,7,0.026234536440662058,0.016383074056167436,0.306775908361714
0.45,1.0,6,0.024069901526433974,0.018054989069251414,0.28072602294306204
0.6,0.0,0,0.5226170116611183,0.05717378047899272,4.498766453315485
0.6,0.0,1,0.500778959227402,0.048139592534215535,4.37350490715435
0.6,0.0,5,0.5301914542106965,0.06398738273827603,4.542416275483476
0.6,0.0,2,0.5161592568950191,0.05099481247293595,4.480504660764444
0.6,0.0,3,0.5130281227122965,0.0535468580774729,4.451397862785215
0.6,0.0,4,0.5147376378392138,0.058504111919618705,4.471154781157956
0.45,1.0,10,0.025863893134752933,0.017477963158656667,0.3029499516344069
0.6,0.0,8,0.512314204495809,0.0573292926072254,4.442792019710264
0.6,0.0,6,0.5223710357588075,0.05716231838584838,4.497812435433639
0.6,0.0,9,0.5275856481754733,0.060829780463730644,4.537659208198959
0.6,0.0,7,0.5079400048044115,0.05530174962019392,4.4192925928131945
0.6,0.02,0,0.4983042844263237,0.05831146378352456,4.3436717464160255
0.6,0.02,1,0.49554704456152926,0.054314492412163885,4.343624999005991
0.6,0.0,10,0.5222520982995801,0.05069295740294609,4.502678108831114
0.6,0.02,2,0.49258539962251663,0.05697143646053858,4.3292891427181335
0.6,0.02,5,0.4954744323565346,0.06371541949643622,4.337086167746737
0.6,0.02,3,0.49652938687247633,0.06474747362374624,4.34163956800264
0.6,0.02,4,0.5031693334718904,0.06265731438498542,4.386582133365016
0.6,0.02,8,0.5003400560094073,0.05598704228610696,4.37927035754497
0.6,0.02,6,0.5010484350394269,0.05061012051835545,4.367169878908008
0.6,0.02,9,0.49882181078157983,0.0546438615476649,4.359669065749732
0.6,0.02,7,0.49145679241707346,0.053719283553633396,4.332454563191662
0.6,0.05,0,0.468663276710047,0.06052233582217303,4.181365894766643
0.6,0.02,10,0.5006930908345633,0.04820462575396626,4.369139553806352
0.6,0.05,1,0.46733575749435485,0.06236060460464282,4.161588981376931
0.6,0.05,5,0.47395341681068137,0.06452558945089851,4.214439290981258
0.6,0.05,2,0.4874664488811887,0.059831204183549036,4.273795284399322
0.6,0.05,3,0.47879436588353846,0.06122476851324375,4.231732842211038
0.6,0.05,4,0.47101307202646514,0.056229047799054875,4.189768276363797
0.6,0.05,8,0.4609808366592826,0.058444483662143124,4.135873510864799
0.6,0.05,9,0.47473507419570987,0.0643112510860318,4.201278022778355
0.6,0.05,6,0.4697083732319816,0.053554893433270204,4.19291752945861
0.6,0.05,7,0.4789581306036685,0.05747435787750731,4.218667480637301
0.6,0.1,0,0.4276115743578472,0.060660742856207636,3.895093375077283
0.6,0.1,1,0.41953864165736077,0.054378350900667116,3.852446564922579
0.6,0.1,5,0.43691390354896165,0.06499954131286147,3.954077270922805
0.6,0.05,10,0.47272103121310516,0.0491426595487124,4.188277390751818
0.6,0.1,2,0.4274421940958286,0.052083601838497605,3.8820361601552786
0.6,0.1,3,0.4250023773093565,0.058523877708662714,3.88503697706981
0.6,0.1,4,0.42170956992323566,0.05551585052545675,3.8542204072247204
0.6,0.1,8,0.4275912774671545,0.06342465741455805,3.888830485000574
0.6,0.1,6,0.421453240150229,0.050610270661266436,3.845519750417773
0.6,0.1,7,0.427722321958206,0.05790215860913379,3.893669312389988
0.6,0.1,9,0.42736128135176943,0.058574725208273025,3.8992705100463416
0.6,0.2,0,0.33848104279348434,0.05139841382120988,3.2505673170159333
0.6,0.2,1,0.33567522170935676,0.05793462678548146,3.210538571528971
0.6,0.1,10,0.42789502878135827,0.05786956056522653,3.8968807420949485
0.6,0.2,5,0.3394525651957402,0.0617660302210799,3.2510914169423506
0.6,0.2,2,0.330283221432507,0.05679677139724542,3.170771283204441
0.6,0.2,3,0.32935985967522585,0.05902264718846392,3.1677600680087696
0.6,0.2,4,0.34663186163637666,0.06842550569973593,3.2804945704424084
0.6,0.2,8,0.3334844805121744,0.04768695259220759,3.22084152623473
0.6,0.2,9,0.33907500076420694,0.057409637640093554,3.2480849452178493
0.6,0.2,6,0.3272166841188302,0.055000545016534716,3.157504062768035
0.6,0.2,7,0.3322489407027968,0.05279038429455462,3.2100338285333567
0.6,0.35,5,0.2288152849025787,0.050582958493842256,2.334732995103626
0.6,0.35,0,0.22601135622385649,0.049873786132355984,2.3021694147139513
0.6,0.2,10,0.33469627755258957,0.05651035397204667,3.213515262438923
0.6,0.35,1,0.22011144271804117,0.055029969836995776,2.242038299154451
0.6,0.35,3,0.21587792040143244,0.051138639781906234,2.2208161148649843
0.6,0.35,2,0.2204845382307734,0.04955021720380991,2.240823709842245
0.6,0.35,4,0.22258336501762954,0.05490186867712659,2.2697635000121323
0.6,0.35,8,0.22206339849525797,0.049582848340220684,2.267115137099828
0.6,0.35,9,0.21570610365226467,0.051491344941048935,2.2040641804069923
0.6,0.35,6,0.22279835189020988,0.04348695932248778,2.2840746684167907
0.6,0.35,7,0.2244250605860569,0.04441329225001483,2.295264239263405
0.6,0.55,5,0.118926018030905,0.03510503064420212,1.2965221522580583
0.6,0.55,0,0.13180251185997077,0.03577018848615898,1.4261138244177003
0.6,0.35,10,0.21807193051029256,0.03804753406312761,2.2309229135889095
0.6,0.55,1,0.12184218010854357,0.033857784519384516,1.3219804154352761
0.6,0.55,4,0.12067195459254823,0.03885827024233722,1.306526793665239
0.6,0.55,3,0.12522844042081524,0.040713896228079395,1.3501498867912871
0.6,0.55,2,0.12594113918576197,0.04070026350468428,1.364833386063297
0.6,0.55,8,0.1232688210688918,0.03681985575570291,1.3286782186989037
0.6,0.55,9,0.12098546548960423,0.031558186676075496,1.3140275854628778
0.6,0.55,6,0.1198186743615365,0.04169129108775313,1.2952296777808443
0.6,0.55,7,0.12263953818179553,0.03727859217678458,1.3347857237420377
0.6,0.8,0,0.05527905063254195,0.022556857558740834,0.6193431690022458
0.6,0.55,10,0.12217795276323244,0.034180400543375344,1.3197341945108325
0.6,0.8,5,0.056283256524508406,0.02461180614950227,0.6346010475980133
0.6,0.8,1,0.05797922847048117,0.027675727519860503,0.6571619061797331
0.6,0.8,2,0.05318460372786934,0.022041594991420586,0.6057585352877944
0.6,0.8,3,0.05338888639909691,0.022467511769719995,0.601227746963213
0.6,0.8,4,0.05633884223289353,0.026632603873121795,0.6419457074198437
0.6,0.8,7,0.05470682347317366,0.025842102397337835,0.6163330037773264
0.6,0.8,8,0.051650491970673784,0.023029116937897016,0.587323512565727
0.6,0.8,9,0.05361470805198519,0.023256252070945737,0.6058048641401164
0.6,0.8,6,0.05517987076193789,0.022934611739809423,0.6245628333340058
0.6,1.0,1,0.030480937145809885,0.023048967679528576,0.35315889708585446
0.6,1.0,0,0.027919994520568623,0.018375974830940375,0.3252068739329551
0.6,1.0,5,0.028907559003451835,0.023479479622468182,0.33752698505740836
0.6,1.0,2,0.028791256450795846,0.018819883765040398,0.33835928718420993
0.6,0.8,10,0.05262538427101331,0.024956253897883054,0.5971879887331585
0.6,1.0,3,0.030141956938007163,0.02439856109855159,0.3465608040186416
0.6,1.0,4,0.026822040230065212,0.018050190973008355,0.3122701066000302
0.6,1.0,8,0.02956283841840913,0.02057893835585075,0.3382811865475718
0.6,1.0,9,0.027514079022362838,0.016307267846304815,0.3192408598439218
0.6,1.0,7,0.02604290924226509,0.018914657417101334,0.30053336572577843
0.6,1.0,6,0.027023120033260996,0.0174296689002508,0.312743554953337
0.8,0.0,0,0.5031915015411829,0.05738678209087856,4.418984211393679
0.8,0.0,1,0.5027351491191391,0.051087563140711605,4.424439361126198
0.8,0.0,3,0.493058426847793,0.054050356352933315,4.368392264094629
0.8,0.0,2,0.4982050157338814,0.04622228972539642,4.396278290336166
0.8,0.0,5,0.5050139695258696,0.054444537395124885,4.436793791198065
0.8,0.0,4,0.49446846125180294,0.05820691566354781,4.350924217804203
0.6,1.0,10,0.030068032767189785,0.01608725224953996,0.3442367535626768
0.8,0.0,8,0.49891707460321105,0.05238426844357875,4.407005446822953
0.8,0.0,9,0.49679048861974756,0.05436375394736551,4.389333111533543
0.8,0.0,6,0.49506381474661226,0.052041138081884826,4.368528660668871
0.8,0.0,7,0.49597474929235813,0.053895973965698105,4.391202971182949
0.8,0.02,0,0.4895686670491116,0.0481909505598843,4.338967231682504
0.8,0.02,1,0.477051618384565,0.05648313769923336,4.261795065832131
0.8,0.0,10,0.4970500005288153,0.054058053112594616,4.387088816420216
0.8,0.02,2,0.48132534590337295,0.050337526478610804,4.3047870944069935
0.8,0.02,5,0.4841879039057304,0.05979041930429196,4.310560461255924
0.8,0.02,3,0.48755462703294,0.06497427725070397,4.317722805250167
0.8,0.02,4,0.48692906557136983,0.054456733487271904,4.315453671299164
0.8,0.02,8,0.48249047850795146,0.05737801347346895,4.301234686167554
0.8,0.02,9,0.47638105375413303,0.05700195947030686,4.249307887437388
0.8,0.02,7,0.4806923967603647,0.05203190322504938,4.289576157414151
0.8,0.02,6,0.4825889094045447,0.050308843513362476,4.288952827792685
0.8,0.05,0,0.46448008674825403,0.05335537097631636,4.182489086628533
0.8,0.05,5,0.46695519598377283,0.06516618344616713,4.181265148299786
0.8,0.02,10,0.4885546022251248,0.049177380892728335,4.329220628855915
0.8,0.05,1,0.46495129589290707,0.057717620891953696,4.169206034344766
0.8,0.05,3,0.46838715773928263,0.052505134983204395,4.193505848313963
0.8,0.05,2,0.4626092048994711,0.05604254429511738,4.180908748475905
0.8,0.05,4,0.4616836253275546,0.05083230529966665,4.158861964090453
0.8,0.05,8,0.4652204269058425,0.061461891563465126,4.180818753798262
0.8,0.05,7,0.4607528400739067,0.06610194263571104,4.1485787359260025
0.8,0.05,9,0.4564928123606915,0.06298500406174717,4.137895230888296
0.8,0.05,6,0.4657691154194535,0.04692911033877143,4.18428500294266
0.8,0.1,0,0.4356660744745691,0.05585708880453667,3.9857211253169895
0.8,0.1,1,0.4301873068142458,0.04852631911553813,3.932144566107482
0.8,0.05,10,0.4662634019520269,0.05057478706885004,4.182466154153065
0.8,0.1,5,0.44150574327509284,0.06032730903517287,4.022979441725245
0.8,0.1,2,0.4304055035934701,0.04966686197303555,3.9477282862164014
0.8,0.1,3,0.43038379650276665,0.053570375963940355,3.942288918963166
0.8,0.1,4,0.4359830021927999,0.05155755874328834,3.9768918148321206
0.8,0.1,9,0.43270822843840606,0.06445472839411397,3.9538781757083545
0.8,0.1,8,0.43334487431850477,0.05317630387456835,3.9794980157894555
0.8,0.1,7,0.42679779419183533,0.05324868419480424,3.905836515041832
0.8,0.1,6,0.4328900468320812,0.05203009894679199,3.9585129477378183
0.8,0.2,0,0.36627918503995976,0.051609845853470414,3.4928325893303316
0.8,0.2,1,0.36671117288354393,0.0591091207944025,3.4810611189911684
0.8,0.1,10,0.4303524454102712,0.0550497497143594,3.962468602544628
0.8,0.2,5,0.3733055916521937,0.061901946183874075,3.551537857101906
0.8,0.2,2,0.3574529768730024,0.04854312599947879,3.4253234968096216
0.8,0.2,3,0.3549239137232274,0.06541373967452645,3.392356827319523
0.8,0.2,4,0.36745473495159664,0.05588922621358833,3.4646909208954355
0.8,0.2,8,0.3609847592472283,0.0581143197358944,3.431508877100793
0.8,0.2,9,0.37222475469254523,0.05094415655518932,3.530278983790495
0.8,0.2,7,0.3645201927721584,0.05337199325258537,3.455339418494448
0.8,0.2,6,0.36878736445492244,0.05821351786408493,3.492791412388952
0.8,0.2,10,0.36676365518736825,0.05984421250441133,3.493395183079068
0.8,0.35,0,0.26862193136160545,0.050677598163107886,2.6940080263848527
0.8,0.35,5,0.2691564595198863,0.05193585792762554,2.7025487340076704
0.8,0.35,1,0.26485536802084403,0.05771045994873906,2.6576508177516045
0.8,0.35,2,0.26988475567192816,0.04774924207416813,2.707586022964147
0.8,0.35,3,0.26118281615697225,0.055617095707484285,2.6197417578095172
0.8,0.35,4,0.2558180481086002,0.05422520113899586,2.5925254750604783
0.8,0.35,8,0.27067375766849244,0.053597228967852635,2.708923997857753
0.8,0.35,6,0.26464072337199546,0.04876327362039362,2.6510393372229983
0.8,0.35,9,0.27610018012096704,0.05339618460989993,2.7673464035640514
0.8,0.35,7,0.2691908087026961,0.05264999496392199,2.705730675956935
0.8,0.55,5,0.16457882218297917,0.04341434426535816,1.745461293626356
0.8,0.35,10,0.2629446125944236,0.0508155605088672,2.625081273462144
0.8,0.55,0,0.1616968584767309,0.043572073822334315,1.7138386356713822
0.8,0.55,1,0.1553737691814428,0.04173098542170588,1.658749785711886
0.8,0.55,2,0.16419303919867903,0.04280618693896195,1.7414903324427982
0.8,0.55,3,0.15931073868285373,0.03923848404191013,1.7038792896856045
0.8,0.55,4,0.15524761698618708,0.03791646387820894,1.6578686115451529
0.8,0.55,8,0.14912722421264568,0.040591759251398435,1.6049568519282713
0.8,0.55,9,0.16128813231138966,0.03973589972178653,1.7247708199853122
0.8,0.55,7,0.1527424313403328,0.03570980173611401,1.6343419220434035
0.8,0.55,6,0.15657219391097738,0.04059590726592301,1.6748656684670562
0.8,0.55,10,0.1547542844178686,0.039488388542906025,1.6531498611100852
0.8,0.8,0,0.06927161841206333,0.0330299404608829,0.7801038716582523
0.8,0.8,5,0.07212336790493191,0.025028705675324232,0.8034187058136836
0.8,0.8,1,0.0685315720987141,0.026176070895225365,0.7692467670534134
0.8,0.8,2,0.06384227146569865,0.021121733273315266,0.7195957837658584
0.8,0.8,4,0.07124167544384691,0.026327053243419104,0.7976278929907089
0.8,0.8,3,0.0718461543420657,0.02746317535939164,0.8075997234621323
0.8,0.8,8,0.06926360765460135,0.027455552710868407,0.7733765087889267
0.8,0.8,6,0.06900601027996267,0.025697582247115616,0.7751749943265216
0.8,0.8,9,0.07182757702203123,0.031216815250408734,0.7923290606672521
0.8,0.8,7,0.06539964534980035,0.028661454166018337,0.7351490491021583
0.8,1.0,0,0.02918513621020156,0.016342884062161323,0.3317699721077531
0.8,1.0,1,0.03585108993482166,0.021466909675478544,0.4072588980890029
0.8,0.8,10,0.0710255206270094,0.02911717814031235,0.794236186232249
0.8,1.0,5,0.03649435722127519,0.02163767215386196,0.4177719249728477
0.8,1.0,2,0.032611729832327074,0.018131618836989778,0.37646984473414746
0.8,1.0,3,0.032686262648251585,0.021452683141394674,0.3755980427813951
0.8,1.0,4,0.037501734758443275,0.028094406851145115,0.4265936924437726
0.8,1.0,8,0.03336458322418373,0.019703369153256566,0.38430139632921767
0.8,1.0,9,0.03868257630106118,0.024685316417997538,0.4407628148098628
0.8,1.0,7,0.03491574946715418,0.02501489659150046,0.40438104735844776
0.8,1.0,6,0.03341351767650661,0.018453018012403205,0.3787109408628622
1.0,0.0,0,0.47607995650887475,0.05077174863982682,4.273385867597782
1.0,0.0,1,0.4798767181530497,0.04866079759824752,4.31035023917561
1.0,0.0,5,0.47238139583609245,0.05471500944323651,4.258043594651188
1.0,0.0,2,0.47577331330835554,0.04384491874981347,4.298387998603888
1.0,0.0,3,0.4771484020840985,0.05237079310780915,4.290198140793804
1.0,0.0,4,0.476790422502784,0.0565326413954842,4.2804563585624384
0.8,1.0,10,0.0350825861850729,0.022890385701527398,0.4001050460784558
1.0,0.0,9,0.47843845044293565,0.04921845912353195,4.289465622831605
1.0,0.0,8,0.4739486250591581,0.04863324840335856,4.266317791818061
1.0,0.0,6,0.4728794059991882,0.047725451634263054,4.272054132047063
1.0,0.0,7,0.47454569635477234,0.050738360627798434,4.296595519256825
1.0,0.02,0,0.4589108353590202,0.0455611936294434,4.165931397356279
1.0,0.02,1,0.4647358831599533,0.05174105623898982,4.219067187829542
1.0,0.0,10,0.48126301868068205,0.049205081666731966,4.324401083165492
1.0,0.02,2,0.46312330971210325,0.05157037000587235,4.210172969840404
1.0,0.02,5,0.4665159156463561,0.04876396632214138,4.249781858727569
1.0,0.02,3,0.467502756375013,0.05746027520906096,4.19799375976713
1.0,0.02,4,0.46486471814453295,0.059960295650379886,4.203196616076399
1.0,0.02,8,0.4593859543473021,0.05469219006131053,4.166389941481776
1.0,0.02,7,0.4662137674643336,0.05341290404958705,4.2328868148038215
1.0,0.02,9,0.46157505065115456,0.05323513209898178,4.166795482178679
1.0,0.02,6,0.46370021801641104,0.05224536118092282,4.199661035681039
1.0,0.05,0,0.4470978448287579,0.06186433903090636,4.083044094135489
1.0,0.02,10,0.46907302725351935,0.04821948653771335,4.250936850275197
1.0,0.05,5,0.4600652097538891,0.054625577528729985,4.177750787894414
1.0,0.05,1,0.44474497405155056,0.05540294990185885,4.0508644764514825
1.0,0.05,3,0.44547188405513616,0.04796354980350718,4.084960711389886
1.0,0.05,2,0.46113931319949686,0.05050401196955744,4.1848687360419135
1.0,0.05,4,0.4559088481133275,0.046825726943955294,4.167002017839584
1.0,0.05,8,0.4570074302858101,0.05160570756304316,4.160073651623791
1.0,0.05,9,0.44963935303440905,0.044741168737007384,4.108975986077657
1.0,0.05,6,0.4575741133619447,0.04746131512763519,4.165368621243248
1.0,0.05,7,0.4462082441115974,0.04953157272356698,4.104964421649966
1.0,0.1,0,0.43046158160902065,0.052149174629815866,3.989516812003288
1.0,0.1,5,0.4411401418344741,0.05567348126731478,4.0481705910252614
1.0,0.1,1,0.4312477817618243,0.05430088648984598,3.982294522342881
1.0,0.05,10,0.459159309716008,0.04320482824152991,4.176988958572339
1.0,0.1,2,0.4296497186292399,0.057496786073799676,3.9593053861805405
1.0,0.1,3,0.4175836189167793,0.053720605155481535,3.901359443022959
1.0,0.1,4,0.4281059725324101,0.05946973948018309,3.968552550175687
1.0,0.1,8,0.4290098888676851,0.05930856783733994,3.9745047782118093
1.0,0.1,9,0.44201129893930485,0.04841089135274635,4.070761146109792
1.0,0.1,6,0.4193575862521966,0.048558592515603835,3.9044386569402683
1.0,0.1,7,0.42172650959494296,0.055260729127144526,3.9248413248443286
1.0,0.2,0,0.3775658605123033,0.0454045311994959,3.6133203833400938
1.0,0.2,5,0.3774301199812677,0.05703906962924045,3.5945668888919355
1.0,0.2,1,0.37852450565169954,0.06447192934664595,3.602237012972208
1.0,0.1,10,0.4233894836444959,0.05132083445508869,3.928695281722016
1.0,0.2,2,0.3837718236413157,0.051381005810929324,3.635227400914147
1.0,0.2,3,0.38316071649426997,0.05069536746719209,3.659712816415007
1.0,0.2,4,0.3804614271273072,0.04794290027537315,3.6249929900503246
1.0,0.2,8,0.3736185726811452,0.05041251878702815,3.579517757118729
1.0,0.2,9,0.3796208606627233,0.0548578200556655,3.6010069288936535
1.0,0.2,6,0.37093398559997914,0.0465619306218155,3.5593841807735616
1.0,0.2,7,0.3713017966846916,0.05384008601178922,3.5388936572569207
1.0,0.35,0,0.3072093961112966,0.0552881220056698,3.0313242723074802
1.0,0.35,5,0.2999466872559273,0.05910297426018053,2.976427430243578
1.0,0.35,1,0.29845879102888634,0.04956879368602957,2.9722000242583992
1.0,0.2,10,0.36837851332516425,0.05171529670842659,3.522700728592191
1.0,0.35,2,0.30083550721758245,0.06054913240059706,2.9742711218514586
1.0,0.35,3,0.30486208150109445,0.06023445604191523,3.013245327154694
1.0,0.35,4,0.28747156337909757,0.0483179134045601,2.8736375734325
1.0,0.35,8,0.3026371547786315,0.05094598835388084,3.0030464015438376
1.0,0.35,7,0.29819535333959374,0.05262220893358932,2.9609832137135186
1.0,0.35,9,0.2959587259046852,0.04496873559578654,2.95172037600032
1.0,0.35,6,0.29678569040084235,0.05233905781692974,2.9677717742539445
1.0,0.55,0,0.18635247171217617,0.05048222359942594,1.967694302415956
1.0,0.55,5,0.19946774405333279,0.0489647808381852,2.0870076661016346
1.0,0.35,10,0.29111113179653014,0.044154539052211284,2.9161401702520515
1.0,0.55,1,0.19527819227023152,0.04837254004296579,2.0348830886430957
1.0,0.55,2,0.1954361316403954,0.03752278569591363,2.0524614853129237
1.0,0.55,3,0.19228911812016594,0.04542791909481915,2.0315782764280104
1.0,0.55,4,0.19042197305835074,0.043793491073658875,2.008637002074752
1.0,0.55,8,0.19677466616403816,0.047397744659776045,2.0488853373914573
1.0,0.55,9,0.19605332325325314,0.050799034321932494,2.056420166527206
1.0,0.55,7,0.20020417526299045,0.048314894528762434,2.086545394542236
1.0,0.55,6,0.1960899767872395,0.04103821438446112,2.0568507850226774
1.0,0.8,0,0.08948229901702134,0.030801450602208624,0.988155817272269
1.0,0.8,1,0.09049728759439024,0.03237555204040692,0.9915885892778685
1.0,0.8,5,0.09103942848169984,0.031166914456989128,1.0106908331218003
1.0,0.55,10,0.1900204289970155,0.04651800399124149,1.9937443262348546
1.0,0.8,2,0.08875928495757447,0.03502925579154619,0.9799896321899766
1.0,0.8,3,0.08795082522871274,0.030888514951321704,0.9676399353352607
1.0,0.8,4,0.0918529686675109,0.038098859534541014,1.0113805264222009
1.0,0.8,8,0.08637383281598489,0.03322698669474776,0.949921338006058
1.0,0.8,7,0.08668449847802137,0.030516838945087426,0.9569746504788257
1.0,0.8,6,0.08775554890110981,0.030641739723098856,0.9670296140414927
1.0,0.8,9,0.08776497302720512,0.030538170406952496,0.9735746200984075
1.0,1.0,0,0.038129162324853264,0.019657741537439013,0.42701491201741926
1.0,1.0,5,0.04558155628960517,0.03533834715778441,0.5020701156110936
1.0,1.0,1,0.04149183694937528,0.025273446036007324,0.46245834284431453
1.0,0.8,10,0.08653525286439914,0.03169874605487867,0.9534145078875654
1.0,1.0,2,0.035610702613946964,0.018079153585307636,0.4019497029214301
1.0,1.0,3,0.03917779257108275,0.02703554747668589,0.4452386609203744
1.0,1.0,4,0.04607234034451212,0.024383991720132954,0.5098714195263504
1.0,1.0,9,0.042709813036795635,0.027570429798221822,0.4854309460800759
1.0,1.0,8,0.04143308408362236,0.02277272237526496,0.46631274906460085
1.0,1.0,7,0.040858944469013586,0.0273429783444062,0.455532866155764
1.0,1.0,6,0.04230964365067973,0.02624488638174395,0.4761875652368145
1.0,1.0,10,0.04178070525956896,0.028821252423488642,0.46682881355007255
