run_id,seed,b,social_adaptation_rate,final_mean_cooperation,final_std_cooperation_between_communities,final_mean_payoff,final_std_payoff_between_communities
0,42,1.05,0.03,0.2917616784240583,0.04052416790332135,1.7788673357600189,0.2291596477305701
1,43,1.05,0.03,0.3818503045426943,0.11293455834283944,2.344635841236695,0.6680877731936724
2,44,1.05,0.03,0.29215617046942344,0.09652819153676433,1.7856621541109494,0.5888022664146061
3,45,1.05,0.03,0.35690145947918167,0.050647227878294024,2.1971503832746206,0.3352993158174388
4,46,1.05,0.03,0.3178063301529896,0.11537916089403931,1.9531188257909224,0.7348242888159358
5,47,1.05,0.03,0.32987097670196264,0.03466276633671081,2.063902057999921,0.20971966776183806
6,48,1.05,0.03,0.3188405797101449,0.09743755481811217,1.9553777432712216,0.6185414847892443
7,49,1.05,0.03,0.3257580401887802,0.10581109060156559,1.9925264073371285,0.6487924809957376
8,50,1.05,0.03,0.32551369685769427,0.09297482895282408,2.0271216136553276,0.5433606625062805
9,51,1.05,0.03,0.3509719644961856,0.09404257625901155,2.158255496265512,0.6056054830917493
10,52,1.05,0.03,0.3409130624089297,0.05121904789806164,2.0875556462453178,0.31629236152033413
11,53,1.05,0.03,0.3989599702622958,0.08549569873442206,2.4800557171510667,0.5335723045552802
12,54,1.05,0.03,0.3028692728036991,0.054734185613726394,1.8661165018473043,0.3338980096972611
13,55,1.05,0.03,0.32246882525274023,0.05920201930633837,1.9832964822484598,0.33050368113774387
14,56,1.05,0.03,0.29877371638310496,0.06061219020784343,1.8318855956175575,0.3678506833661321
15,57,1.05,0.03,0.3748333541116326,0.09153543686562718,2.3150558955891163,0.5575960566880639
16,58,1.05,0.03,0.2792392894792511,0.06908629058593412,1.7531333656212076,0.42005033033214134
17,59,1.05,0.03,0.3249282257044315,0.11646374587791875,1.9859850324119894,0.6963089164703696
18,60,1.05,0.03,0.35799197421915474,0.05560782335905753,2.201843617279723,0.3242023749342311
19,61,1.05,0.03,0.30027454788252106,0.07736019732221547,1.8387510698468332,0.44740760667875407
20,62,1.05,0.03,0.3315406815406815,0.03800430558512719,2.055658955242289,0.2266918607257602
21,63,1.05,0.03,0.41298190806745394,0.07004024831584311,2.5540005715004765,0.4120990053230438
22,64,1.05,0.03,0.34567524802790384,0.04077046102468971,2.102492377256506,0.2430544367366149
23,65,1.05,0.03,0.35305842524082093,0.07296530225674855,2.172195570989809,0.4642301407864017
24,66,1.05,0.03,0.3461189938027171,0.0730700059123561,2.1214813486418844,0.46929541837571165
25,67,1.05,0.03,0.3146414982741933,0.11633400867814604,1.9448857903012045,0.7030902992960331
26,68,1.05,0.03,0.2809627280595023,0.11367057376464512,1.7239538793087186,0.7099318134696424
27,69,1.05,0.03,0.4314033294454586,0.09437993675838502,2.6483003347262946,0.5746456472839899
28,70,1.05,0.03,0.4007021205193455,0.08024650892806935,2.4489338490011567,0.482195077728766
29,71,1.05,0.03,0.34436151095137274,0.0721544249497666,2.111668641025905,0.4526551656884247
0,42,1.05,0.05,0.33510659366554857,0.10544750761297046,2.0984767659903034,0.6727255579433749
1,43,1.05,0.05,0.29992430425555333,0.06635663206701876,1.8476682361103898,0.3953986285384176
2,44,1.05,0.05,0.3230096209011871,0.07900314050922239,1.9828092222369336,0.44383829655121587
3,45,1.05,0.05,0.2530489731176179,0.06547867437408977,1.5390202463919411,0.4148433396721933
4,46,1.05,0.05,0.30280599506689826,0.1280591648945582,1.8731122256854396,0.785308831073315
5,47,1.05,0.05,0.32214108989242546,0.08329877522004374,2.0001400429162692,0.5009584969024334
6,48,1.05,0.05,0.32953209109730847,0.11976172611450847,2.0281138198757764,0.711376275948333
7,49,1.05,0.05,0.35989064856711916,0.09518029942000988,2.1808585729577197,0.5892837434708592
8,50,1.05,0.05,0.36444828191252343,0.10744355148347552,2.263054982459994,0.6679512391273178
9,51,1.05,0.05,0.37096084258504847,0.17098314160842523,2.2968894604602315,1.0648568761651607
10,52,1.05,0.05,0.25744526384951794,0.10644445419698338,1.6184456158492346,0.6553450960006846
11,53,1.05,0.05,0.34823157462692345,0.12435409287249063,2.179847208992558,0.7596710232179265
12,54,1.05,0.05,0.3189934293489082,0.08075030252509541,1.959006017565983,0.5026808224528383
13,55,1.05,0.05,0.2954659971702113,0.09533382400936422,1.8196771009306734,0.5795747969839914
14,56,1.05,0.05,0.2855892149963434,0.09806872049836302,1.7776719142829545,0.5894565401912759
15,57,1.05,0.05,0.403812055478603,0.07997749806510644,2.50382598217651,0.5257286390145419
16,58,1.05,0.05,0.26777544164362277,0.11887236170144731,1.6278041459154082,0.706694195173838
17,59,1.05,0.05,0.32414132194056217,0.14218237347227766,1.9724878447074612,0.8383881670681602
18,60,1.05,0.05,0.345298771546236,0.1945906872535866,2.138851584520956,1.1978539301179234
19,61,1.05,0.05,0.3445242349480431,0.07080425557023114,2.109479821107065,0.46251362839996485
20,62,1.05,0.05,0.30317861151194486,0.06895863925583785,1.8904390516890515,0.44868821763090266
21,63,1.05,0.05,0.28465582146517043,0.0961864519974006,1.7840580808972368,0.6506101216743373
22,64,1.05,0.05,0.32911079542173405,0.0744679272794219,2.050739001882587,0.4807521961191447
23,65,1.05,0.05,0.33437735585648476,0.11082900320352206,2.0332186234817815,0.6810712450787128
24,66,1.05,0.05,0.29433158973355983,0.08389784744249398,1.8328993839718764,0.5429781301480406
25,67,1.05,0.05,0.36409361286319664,0.0916608902545166,2.238830646415707,0.5593939439003704
26,68,1.05,0.05,0.3350823486307357,0.185602025635072,2.0616579555289234,1.1227310637131074
27,69,1.05,0.05,0.2920515652993626,0.06385942367061957,1.793144367927247,0.4047102869406293
28,70,1.05,0.05,0.2814850014398157,0.10682040236312046,1.7363129408211957,0.6065476881633591
29,71,1.05,0.05,0.3085766633547376,0.07487754335417189,1.9071839253757763,0.4761500352288326
0,42,1.05,0.075,0.3217698509393379,0.11169611465488931,1.9864514424740158,0.6689593484919439
1,43,1.05,0.075,0.26042772955781957,0.09041907233554378,1.5745956364056866,0.530048247115573
2,44,1.05,0.075,0.2549766832899363,0.11263482237153936,1.5339966643129295,0.6588320900606273
3,45,1.05,0.075,0.29557643531511646,0.04926862332037302,1.8245401385977176,0.3562983724656533
4,46,1.05,0.075,0.24266680744248018,0.056067653889360164,1.5109815479589492,0.3332972089423477
5,47,1.05,0.075,0.2662152001758607,0.11506101478197095,1.6299794675401766,0.6991025669680516
6,48,1.05,0.075,0.2808633540372671,0.12330499284948332,1.7181396997929608,0.7473615308660467
7,49,1.05,0.075,0.27527039848197343,0.0516056548279556,1.7342104376490053,0.36962194194880743
8,50,1.05,0.075,0.31046819635213313,0.06598947133668671,1.924266885175129,0.4458070831787529
9,51,1.05,0.075,0.2513331654848888,0.07115155843364708,1.548488531737347,0.42434877338623256
10,52,1.05,0.075,0.2907947806624184,0.09948112496468162,1.8074996601914122,0.5988147944357457
11,53,1.05,0.075,0.2664904397927654,0.10109199856274939,1.6659195990056457,0.6160408831402084
12,54,1.05,0.075,0.22427548063095948,0.028525246796670598,1.4110580274772682,0.18818555459420636
13,55,1.05,0.075,0.23321980261943312,0.05208434923421537,1.4410864659414382,0.3130475086361161
14,56,1.05,0.075,0.2510081549861324,0.0968036540654649,1.564443083440273,0.5477062205832854
15,57,1.05,0.075,0.27381211127684735,0.08617636336390694,1.6388746249003312,0.5193904050179359
16,58,1.05,0.075,0.2417418751461305,0.06607129591816105,1.4885103464764318,0.36503917747510783
17,59,1.05,0.075,0.29496519689017375,0.04273144595773604,1.809306815656464,0.27111165382343905
18,60,1.05,0.075,0.18189867378508354,0.09106073580577188,1.1235059666499827,0.5826340174547516
19,61,1.05,0.075,0.29219067205419613,0.10445704990895047,1.7703884771630514,0.6227623010240425
20,62,1.05,0.075,0.2558860892194226,0.049990120403328814,1.5719651027984363,0.31386791069931463
21,63,1.05,0.075,0.248528400305621,0.05662850587606593,1.5412471368396468,0.32344595688187416
22,64,1.05,0.075,0.24745157825439174,0.07524122723814021,1.5144399882193964,0.5090607708203966
23,65,1.05,0.075,0.2561821164316628,0.08023063608984282,1.5973959060449534,0.4875140907625077
24,66,1.05,0.075,0.21622708687488396,0.06503708263971777,1.3317258100787501,0.39740729105163913
25,67,1.05,0.075,0.254190324893759,0.03774705560063319,1.542220845963131,0.22354441100272013
26,68,1.05,0.075,0.18094039061780998,0.05500431216816488,1.1175347291476325,0.3719460679915834
27,69,1.05,0.075,0.2533184281228656,0.08624544720379256,1.604132879941723,0.5196591647121609
28,70,1.05,0.075,0.2902525891836043,0.05709730624985646,1.8098232934565135,0.3758247171540946
29,71,1.05,0.075,0.24148518949634643,0.02182807491073761,1.4695406032830238,0.14097398233822292
0,42,1.05,0.1,0.28370936931245583,0.12094637701367815,1.760424889320077,0.7499287611345571
1,43,1.05,0.1,0.2211353803026824,0.06629653051586065,1.348985436865001,0.3983074414605014
2,44,1.05,0.1,0.245872868764435,0.10314257011824848,1.5054860467511073,0.6094867817814652
3,45,1.05,0.1,0.2506536041293294,0.0583417908648731,1.5029724032601108,0.3693317211816114
4,46,1.05,0.1,0.25012403737102157,0.07698209523187706,1.546925540995503,0.4502640836385651
5,47,1.05,0.1,0.2236726582646932,0.10062167756133304,1.381455107634078,0.6508320491186167
6,48,1.05,0.1,0.2695910973084886,0.10263971566283805,1.6662407867494822,0.6355470127258386
7,49,1.05,0.1,0.25472497932175353,0.0510776180882442,1.5268997774047584,0.2973517058809076
8,50,1.05,0.1,0.22719238717023335,0.04779291889185286,1.4138122954244505,0.3070353059409677
9,51,1.05,0.1,0.19947329594996366,0.12329791920868181,1.2523624578355874,0.7736102998760988
10,52,1.05,0.1,0.2635658385846236,0.09373402906184383,1.6231132563604675,0.5576815571556872
11,53,1.05,0.1,0.2810432435781273,0.1069672311724739,1.711671307374796,0.6440590113554998
12,54,1.05,0.1,0.18987796730160839,0.10586306421087886,1.1720293643945932,0.6782686245176142
13,55,1.05,0.1,0.23604816087691324,0.060268753014856374,1.4272444194556178,0.3561830023037031
14,56,1.05,0.1,0.2301193856853086,0.0793162770360257,1.4016313035559054,0.4701272320126404
15,57,1.05,0.1,0.31066160320764563,0.0999893943070276,1.9135717275049835,0.61655358196583
16,58,1.05,0.1,0.1839755280180812,0.07064118340049852,1.150215165280515,0.4282303400519321
17,59,1.05,0.1,0.1914700863149123,0.06539078846655913,1.1752392062293064,0.39659861927389667
18,60,1.05,0.1,0.24891757329891204,0.046802351556768894,1.5796344962227316,0.2825111227858316
19,61,1.05,0.1,0.28293344640781976,0.10249401010800771,1.7234777590775117,0.5876765188161159
20,62,1.05,0.1,0.186003811003811,0.0638784937790674,1.165697728197728,0.3976332495813532
21,63,1.05,0.1,0.22099065212431968,0.04923964716871586,1.3911381901368416,0.3201089226746945
22,64,1.05,0.1,0.1798118568310176,0.06674023406096784,1.1276042352424842,0.4258982620324751
23,65,1.05,0.1,0.2633317045930476,0.09185623280193045,1.621230175903951,0.5885964178164985
24,66,1.05,0.1,0.18647258798074212,0.06855906712213966,1.1682537078812318,0.4372133683223098
25,67,1.05,0.1,0.28150464295423944,0.03691960495030789,1.7271208553539616,0.21457765823568004
26,68,1.05,0.1,0.23144996822416175,0.05446002700804723,1.4153973721715658,0.33190081222278695
27,69,1.05,0.1,0.18211943159431349,0.11583985415088621,1.1269232125147284,0.7303986310037658
28,70,1.05,0.1,0.1863072879678917,0.06393717449749807,1.1581408392338894,0.40262400889246075
29,71,1.05,0.1,0.2220199427451428,0.08002117872587076,1.3678105308107735,0.4880906915633307
0,42,1.05,0.15,0.16412253257725035,0.1229858715968074,1.026602502394096,0.7659328314527155
1,43,1.05,0.15,0.1987455231972542,0.09126033933126683,1.2478462659652378,0.5859233621933623
2,44,1.05,0.15,0.214683642996896,0.07497301165711953,1.293980280094738,0.44531497731167385
3,45,1.05,0.15,0.18114319202424228,0.026584305246513597,1.131165875840197,0.16180007764364904
4,46,1.05,0.15,0.19419189131314094,0.03811507402542611,1.2132666786623523,0.24029071343908096
5,47,1.05,0.15,0.17648375449492498,0.07596571701335567,1.083709541295141,0.46878186827894974
6,48,1.05,0.15,0.16524741200828158,0.06907132947807267,1.0105712215320912,0.41606549155414607
7,49,1.05,0.15,0.23763258405099014,0.09370905264354397,1.4488626356249699,0.5816691779807546
8,50,1.05,0.15,0.1912330264621195,0.0859268737174133,1.1839272648320036,0.5248973988816836
9,51,1.05,0.15,0.1337127637287528,0.06789400957144583,0.8505497358490969,0.42919290064982646
10,52,1.05,0.15,0.14158875951835898,0.06497438319265539,0.8717922963134223,0.40385032733908416
11,53,1.05,0.15,0.20107615640173776,0.12520921621965245,1.2341784599121808,0.771729672143131
12,54,1.05,0.15,0.16667290546669322,0.05441997642763157,1.0370713435543462,0.333331827796015
13,55,1.05,0.15,0.17284185168516458,0.07907693678237676,1.0727149936806126,0.4904564785147768
14,56,1.05,0.15,0.17103555905120668,0.06188431452395426,1.0914281202136025,0.37102626009225753
15,57,1.05,0.15,0.14868350387754486,0.08424622456661583,0.9038379487344667,0.5005595784019368
16,58,1.05,0.15,0.13258632904449572,0.06056714202617493,0.8109303062425763,0.3742506480436477
17,59,1.05,0.15,0.20460524137437303,0.09076997048459652,1.2688931408057513,0.5538435710434773
18,60,1.05,0.15,0.22049483534270556,0.08026769491234924,1.3394320750243671,0.48992871911832037
19,61,1.05,0.15,0.1448540666678512,0.0259144801259945,0.9029462506248785,0.16487746586103447
20,62,1.05,0.15,0.13904798904798904,0.028101915089046397,0.8537667116833783,0.16921830265073712
21,63,1.05,0.15,0.15639084549118443,0.048365223994270505,0.990004737714505,0.30370049259895365
22,64,1.05,0.15,0.1285893304690297,0.040272071026266766,0.8025115496113555,0.2562522191340817
23,65,1.05,0.15,0.18357810973055982,0.07564241433365942,1.1339864581879102,0.4454790378749478
24,66,1.05,0.15,0.16170334358081567,0.09019678916265729,1.0031715409824982,0.5483629437625015
25,67,1.05,0.15,0.21877414008684778,0.08622068963769959,1.3626679787260971,0.5154090717452892
26,68,1.05,0.15,0.14262283488089939,0.05518991433055582,0.8976392601876473,0.3479169009099218
27,69,1.05,0.15,0.11277064964194891,0.04501001347594116,0.7114741497601427,0.28907388780860305
28,70,1.05,0.15,0.08863940561429834,0.046205546370898645,0.555685207579343,0.29481825071197937
29,71,1.05,0.15,0.14602179879890284,0.049203496462676126,0.8954450455444878,0.3091750732703119
0,42,1.05,0.2,0.16184889370214942,0.097087927886654,0.9861606726531594,0.5672141271675261
1,43,1.05,0.2,0.13710944487366633,0.044809201865907616,0.8478617152711555,0.28675067540846216
2,44,1.05,0.2,0.14052069082189564,0.07912751383896348,0.9072986083528253,0.47825966486221516
3,45,1.05,0.2,0.12466686713330674,0.0733285042922808,0.7558194592775587,0.4496369011982145
4,46,1.05,0.2,0.13522773957664153,0.07189661020225521,0.8396744498838103,0.48216926974455093
5,47,1.05,0.2,0.13400089962741735,0.09896313611245577,0.8219306775869428,0.5992043477679003
6,48,1.05,0.2,0.150175983436853,0.03317909547044945,0.9473249482401656,0.22778923642475557
7,49,1.05,0.2,0.12645489709531454,0.05411737292640376,0.7795139882255631,0.3143847188771995
8,50,1.05,0.2,0.17534102341739152,0.04981771480924735,1.0910739501558342,0.3192732478274251
9,51,1.05,0.2,0.12136565948882991,0.0517121659047712,0.767841183353309,0.32168685212447695
10,52,1.05,0.2,0.15070198518554104,0.05794486336374215,0.9630059591402867,0.3622217481772482
11,53,1.05,0.2,0.18545655894493104,0.15447420038750193,1.1458776456102038,0.9526312903657155
12,54,1.05,0.2,0.151203911417889,0.09430726542381977,0.9285431295767793,0.5904264495973575
13,55,1.05,0.2,0.1374557254249602,0.07630333981247532,0.8586895411148048,0.4742797101468171
14,56,1.05,0.2,0.0962834789088049,0.05782024017497163,0.609356548136496,0.3645573692693833
15,57,1.05,0.2,0.10852430886773701,0.04886045815622136,0.6848373584917746,0.31149112346889146
16,58,1.05,0.2,0.11321559685981379,0.0632645037525339,0.7102078480629912,0.3900306976922914
17,59,1.05,0.2,0.1368837047603978,0.06799162257168413,0.85021240771271,0.4155697283476355
18,60,1.05,0.2,0.14089975384093031,0.1234029545036736,0.8328901621254563,0.7413782741486663
19,61,1.05,0.2,0.1868669489308074,0.05860524336570574,1.1494628592437908,0.3575713070130012
20,62,1.05,0.2,0.13109421442754776,0.02872378018210139,0.823512182262182,0.1799450901926579
21,63,1.05,0.2,0.166794216375349,0.04487774198115824,1.0333220843789266,0.2886576506446883
22,64,1.05,0.2,0.11568610466257812,0.06723974532602262,0.7226105297806729,0.40904330407588485
23,65,1.05,0.2,0.13015321792545023,0.04823561609647345,0.7918191923774955,0.27890947605949024
24,66,1.05,0.2,0.144350354935099,0.08447270369011091,0.8776328676416913,0.5173142670315202
25,67,1.05,0.2,0.13305125577241417,0.09015578639297002,0.8555801405475009,0.5624945971843531
26,68,1.05,0.2,0.12553454682486942,0.057051922211888505,0.7681776993712479,0.36575070653406333
27,69,1.05,0.2,0.16296979113977517,0.06081069719364443,1.0046381114350595,0.3765831093358546
28,70,1.05,0.2,0.09296936743556514,0.05129690528677838,0.5556237668751697,0.3026401787796793
29,71,1.05,0.2,0.11390022259534752,0.0712579464999259,0.7213131182358686,0.4714406317920326
0,42,1.05,0.25,0.13630151066187346,0.058586896284315196,0.8400491353679389,0.3607248535839753
1,43,1.05,0.25,0.10602275341454845,0.03543221423316948,0.6620344802216238,0.21905261505142282
2,44,1.05,0.25,0.10941384585962899,0.04936098587117011,0.6909170381158333,0.2911014031954445
3,45,1.05,0.25,0.10136099343173759,0.05466320215851973,0.6183106159987894,0.31644684484457086
4,46,1.05,0.25,0.13291133899609,0.07555771054765446,0.8355957383592282,0.48591099795708387
5,47,1.05,0.25,0.11492767121713214,0.06115692901471964,0.7231836271898195,0.36733001543515514
6,48,1.05,0.25,0.12493167701863353,0.022888337579512953,0.804618685300207,0.1811897147820992
7,49,1.05,0.25,0.12321595387534667,0.043094656050954736,0.7272617683549847,0.23154953322570682
8,50,1.05,0.25,0.1222158979738421,0.04538797909998247,0.7627537999139093,0.28780459719959284
9,51,1.05,0.25,0.09847850800719804,0.04397739376227897,0.6169373495685971,0.2703401707349461
10,52,1.05,0.25,0.10180605797044154,0.06476239744820231,0.6493306625726716,0.4099731935373078
11,53,1.05,0.25,0.15842845526566457,0.08258820073188942,0.9999608670399368,0.51826616263724
12,54,1.05,0.25,0.09320789363067189,0.040491987598270024,0.586721287139665,0.26897649877909297
13,55,1.05,0.25,0.0956878453734839,0.047779365548085505,0.5967584612398327,0.2890797614014932
14,56,1.05,0.25,0.1466665010831919,0.07218831873175435,0.9227608753846365,0.47270773914956965
15,57,1.05,0.25,0.09625376630595418,0.06013080689418182,0.5946996439931003,0.3713932482685815
16,58,1.05,0.25,0.06997252307762626,0.032444051682633715,0.4438144528377291,0.196095237155895
17,59,1.05,0.25,0.17077232043646798,0.07434906550945548,1.0394190005346293,0.45996352823758513
18,60,1.05,0.25,0.11089790984314311,0.09752710659558302,0.6907933727304923,0.5926698686132182
19,61,1.05,0.25,0.12057720398112041,0.041713234579766355,0.7432798776414906,0.23900157756634652
20,62,1.05,0.25,0.11652729986063319,0.011358063804517331,0.7296216437883105,0.08296202382599223
21,63,1.05,0.25,0.12165911576302058,0.03144151990821377,0.7565665517419312,0.19887327333539936
22,64,1.05,0.25,0.10181733134680018,0.03189375794755296,0.639189939133548,0.19082030992050222
23,65,1.05,0.25,0.11736353483177439,0.026509092941209147,0.7331941574759178,0.150058073787958
24,66,1.05,0.25,0.11822956031958964,0.06380190020235349,0.7418416107835171,0.3978945642292972
25,67,1.05,0.25,0.11421843748556834,0.04257639706270985,0.7294270788951515,0.28634462402650146
26,68,1.05,0.25,0.10805418934451191,0.041137796743191284,0.6801170459880137,0.2628257327478915
27,69,1.05,0.25,0.13707633744163697,0.047211982974391255,0.8336206176305285,0.2631356922162662
28,70,1.05,0.25,0.1166126472286368,0.08181397883637066,0.7093143290272265,0.4803650721963922
29,71,1.05,0.25,0.08242339564192584,0.038903757984530184,0.514774384585202,0.26850422122491346
0,42,1.1,0.03,0.3267196125325271,0.06333145096985661,2.074267519516267,0.4060586082690375
1,43,1.1,0.03,0.3434169561819402,0.08204917939115164,2.1424381780285695,0.5217349094139758
2,44,1.1,0.03,0.3591530959000838,0.11274866210059604,2.255825168807097,0.7291434504047983
3,45,1.1,0.03,0.36005919409984904,0.052042235133205016,2.2713260787193144,0.3178859958838177
4,46,1.1,0.03,0.3162621840475227,0.04894850940378265,2.0248819569027736,0.31408662461833403
5,47,1.1,0.03,0.2903077877458645,0.18282599853609718,1.8518562226721524,1.1558177319182064
6,48,1.1,0.03,0.3157525879917184,0.14913201061799763,1.9696616977225674,0.9003427299515073
7,49,1.1,0.03,0.32958400233542545,0.0575958239156603,2.0732062107721503,0.3489973183471229
8,50,1.1,0.03,0.429171371983201,0.11386106712491925,2.6763367024788276,0.7142694764803947
9,51,1.1,0.03,0.35131374392221976,0.11870890912842998,2.1925528852636855,0.7404516938460048
10,52,1.1,0.03,0.3372243244620564,0.10657934102859482,2.0862768491529833,0.6862863612588349
11,53,1.1,0.03,0.33103175119454187,0.036254635696290255,2.11386222227385,0.2147122205386213
12,54,1.1,0.03,0.29950549766598084,0.1243576648692662,1.8863655627087894,0.745522502314292
13,55,1.1,0.03,0.2671113291796672,0.06749553723986866,1.7340493625517097,0.4079750818765602
14,56,1.1,0.03,0.28524811303831876,0.0706837325338889,1.7976095376081467,0.4043406682539667
15,57,1.1,0.03,0.30111919191894776,0.14304582267998242,1.9011081226148896,0.8748963676792735
16,58,1.1,0.03,0.3357688996866729,0.09047004076104445,2.1356188349058294,0.5641144705968782
17,59,1.1,0.03,0.28843575424296797,0.062016191852877496,1.8099119580844083,0.3680109159558253
18,60,1.1,0.03,0.32071359787384124,0.0653252498959785,2.06773835720286,0.39976435810000793
19,61,1.1,0.03,0.3133231258445416,0.11805893693787184,1.9782961891833342,0.7237303684899081
20,62,1.1,0.03,0.34033158199824864,0.09411755131574318,2.1917771117771117,0.5899881333467736
21,63,1.1,0.03,0.37493425164488575,0.0814025713496288,2.39805166552602,0.4920651664203757
22,64,1.1,0.03,0.32229825716364646,0.09199842939785108,2.057123165055496,0.6094283037563126
23,65,1.1,0.03,0.31690388105542366,0.08655716965095474,2.0086195030015355,0.5270061493041682
24,66,1.1,0.03,0.306367876374231,0.06529978557469016,1.9485905644517902,0.42286664627576237
25,67,1.1,0.03,0.3292058072046994,0.0713313022001764,2.096976506595513,0.41619732909958995
26,68,1.1,0.03,0.3307573449508933,0.1215495444357331,2.0691651254877064,0.7251795632621155
27,69,1.1,0.03,0.44879237605846833,0.09264539641080839,2.842404907134526,0.5504734577600195
28,70,1.1,0.03,0.37202227893442463,0.12341416604834991,2.3574315090957794,0.7709038836848713
29,71,1.1,0.03,0.2650855404796709,0.09443456094650354,1.6944496454113238,0.5532451104480418
0,42,1.1,0.05,0.29078699316617285,0.05081728624774172,1.8789434141058616,0.31724524807663435
1,43,1.1,0.05,0.30952869985994885,0.09183707336445086,1.9459574525113947,0.528700742586518
2,44,1.1,0.05,0.3230114597584477,0.06842193647587326,2.014421679391559,0.40793767146022025
3,45,1.1,0.05,0.2893050953710715,0.08060551396702925,1.8283589372445714,0.5249773069600733
4,46,1.1,0.05,0.27505599506689826,0.1234734409549589,1.743986473625354,0.7691585637342355
5,47,1.1,0.05,0.2563743718551878,0.08309823274912344,1.6305211414779166,0.5182228157268104
6,48,1.1,0.05,0.2569927536231884,0.09180103561669709,1.6009943064182195,0.5658264836695172
7,49,1.1,0.05,0.3627404758429426,0.10181521480278498,2.301866673964871,0.6013929835501912
8,50,1.1,0.05,0.3572686694715529,0.11254258885604634,2.262297055374412,0.6756088365057787
9,51,1.1,0.05,0.29137800677833114,0.07968484954208409,1.865536651697712,0.48005743990975674
10,52,1.1,0.05,0.286986961664726,0.07767015166329065,1.8325353307100027,0.507663096598556
11,53,1.1,0.05,0.36487080361498964,0.056401435605152206,2.2865654392119508,0.3291788860764154
12,54,1.1,0.05,0.3216425300325214,0.06955379190600859,2.022945855180195,0.432832422372801
13,55,1.1,0.05,0.2776367154068694,0.0979555205103689,1.7772136596613806,0.6220721896352971
14,56,1.1,0.05,0.2611416428640422,0.0880913589977256,1.6645311310731192,0.5608382839294197
15,57,1.1,0.05,0.25865931946809406,0.1219985803135293,1.6353418439152285,0.7533945241920517
16,58,1.1,0.05,0.23128214503994377,0.06751174928456034,1.4619046048602917,0.45180920699228144
17,59,1.1,0.05,0.322111531031756,0.11766462309489042,1.98999011593308,0.687870315964642
18,60,1.1,0.05,0.22232618857365308,0.07207110570979655,1.4302077863538312,0.45835518400476166
19,61,1.1,0.05,0.3243786624367619,0.08195639570418953,2.0390492065978525,0.5105259166094092
20,62,1.1,0.05,0.26009052675719346,0.05107735297491019,1.6525251600251605,0.34812135843317843
21,63,1.1,0.05,0.21134548937387518,0.08816406247287868,1.353278419587991,0.5563466572804586
22,64,1.1,0.05,0.3160660868761766,0.06799603922917424,2.0140168970814134,0.42966795054163026
23,65,1.1,0.05,0.33561147563869886,0.08661734733353305,2.102569523942482,0.5129242597333501
24,66,1.1,0.05,0.2923159010455026,0.09079789607811395,1.884249536916813,0.600686667028215
25,67,1.1,0.05,0.2792963050559189,0.0692491536949059,1.7458029575706426,0.4204847992955141
26,68,1.1,0.05,0.2865499452596227,0.13603487837639464,1.8502678867194995,0.8581961081578623
27,69,1.1,0.05,0.22970014338165906,0.045749074302657726,1.493919898567025,0.3071848198970768
28,70,1.1,0.05,0.2665884313107886,0.11307433432595178,1.6860947660032715,0.7071775274783709
29,71,1.1,0.05,0.25848947939658584,0.0702477386535478,1.658420827882385,0.4443968499699344
0,42,1.1,0.075,0.26024108920074807,0.12714931335158983,1.6597774995111536,0.773667303243237
1,43,1.1,0.075,0.2009259561545668,0.0823635137677829,1.2824197316180845,0.5194124381794301
2,44,1.1,0.075,0.22064154052105858,0.0983566161951655,1.3694993894993894,0.601963277706825
3,45,1.1,0.075,0.2793059266894935,0.07312848405864464,1.7632607152654352,0.4138683480337652
4,46,1.1,0.075,0.27397723199060964,0.09605013460128706,1.7332460503461893,0.6069790767676938
5,47,1.1,0.075,0.23552363758774636,0.1021376252998175,1.4899066183937482,0.6278136571188241
6,48,1.1,0.075,0.2653043478260869,0.11683402565306167,1.6776232919254657,0.706657514113722
7,49,1.1,0.075,0.24240354206198605,0.04767536867298225,1.5751205420133314,0.3670368768708855
8,50,1.1,0.075,0.2899731124769468,0.07661146403746821,1.8469881290954562,0.5058552259030645
9,51,1.1,0.075,0.28286932564494616,0.03270756968169904,1.808515479257948,0.20179977349590855
10,52,1.1,0.075,0.2628377015522267,0.13894509285044102,1.6648114271546444,0.8726898848742356
11,53,1.1,0.075,0.27214600902972996,0.13270040313694145,1.7641238435982625,0.8277882569381366
12,54,1.1,0.075,0.23707033030242694,0.0717037347507897,1.5279317669963055,0.4811164185577836
13,55,1.1,0.075,0.23477782174116774,0.06929555218017916,1.4944919781761778,0.46369797588712797
14,56,1.1,0.075,0.22343257302921166,0.06622535638057778,1.4667065640049122,0.4068551880246939
15,57,1.1,0.075,0.24277642676866185,0.07260975949667367,1.5452945307306212,0.4829613020153664
16,58,1.1,0.075,0.2747590451461832,0.07392444221008963,1.7676033232484998,0.44558082180085035
17,59,1.1,0.075,0.3132470523184243,0.08029344502312107,1.963003721795861,0.47717620342318817
18,60,1.1,0.075,0.18794095694704213,0.08722169328931578,1.1951579603628286,0.5589280206367835
19,61,1.1,0.075,0.20478358279365594,0.048158627317668325,1.2874239877420761,0.28810327431274046
20,62,1.1,0.075,0.23453120953120948,0.06097656820196916,1.478112967279634,0.4002165239847634
21,63,1.1,0.075,0.2821116413008448,0.04297202662984578,1.7704386115426256,0.24756721814781568
22,64,1.1,0.075,0.22349190949724546,0.08295137622621325,1.4590462908423132,0.540717107283501
23,65,1.1,0.075,0.20635069105123555,0.07833844058345053,1.3324916934245428,0.471137370479234
24,66,1.1,0.075,0.24068709567095956,0.09656634157877668,1.5171350568600261,0.5768203785045952
25,67,1.1,0.075,0.2571642618604163,0.04050272152985622,1.6282243301352337,0.27726778280291264
26,68,1.1,0.075,0.21839701710669454,0.07357609341256448,1.4079890228922487,0.46472708812007557
27,69,1.1,0.075,0.2997437660538664,0.10947208600648033,1.9242381635686097,0.6994313185383285
28,70,1.1,0.075,0.2667883357454442,0.12211745811537014,1.6848742699127475,0.7569072424621575
29,71,1.1,0.075,0.28347044594922355,0.09762702556205227,1.8136091021550638,0.6111990376470408
0,42,1.1,0.1,0.26279236797376776,0.10131829146932575,1.7150025319755926,0.6454863074026547
1,43,1.1,0.1,0.22977769025748285,0.11461055058902148,1.4712856690358598,0.6913865138021196
2,44,1.1,0.1,0.23705481265722234,0.08387766235852356,1.4789843991350016,0.473242170940303
3,45,1.1,0.1,0.22347106618547413,0.08732629239499103,1.4177408445339066,0.5595538966781203
4,46,1.1,0.1,0.20996840475227424,0.05416521573851534,1.3364220811820409,0.31154112580390975
5,47,1.1,0.1,0.2021713001800423,0.07941675089868837,1.3009003346679404,0.48499452674865867
6,48,1.1,0.1,0.26917805383022775,0.06596130309113311,1.7085789855072466,0.435596550877268
7,49,1.1,0.1,0.18780713277866978,0.054952145801420764,1.215120651486401,0.30051392158005474
8,50,1.1,0.1,0.20967727398385988,0.08986393826203415,1.3524565072223926,0.5519007267263746
9,51,1.1,0.1,0.2128123854074048,0.1087539055288343,1.3423765877332627,0.6439862925258123
10,52,1.1,0.1,0.27684632275118376,0.09740757960465521,1.7765740666370688,0.5852572510317136
11,53,1.1,0.1,0.32310501126780194,0.09206485284077859,2.0596727264983077,0.5852959622367435
12,54,1.1,0.1,0.2306458706665782,0.08750296282686867,1.4816842901705713,0.5719302459857144
13,55,1.1,0.1,0.219479698218346,0.06047832053782206,1.4093809194059574,0.38337249384315086
14,56,1.1,0.1,0.20722084695947346,0.06223745642739335,1.3230572146099817,0.39723492061802207
15,57,1.1,0.1,0.22832028208369337,0.048017471147909226,1.421742414596305,0.3037752946420826
16,58,1.1,0.1,0.16957193662200862,0.10380111175397025,1.0519027566578358,0.6345082421979674
17,59,1.1,0.1,0.24135978765601437,0.06225962938168667,1.5561333266352126,0.3814889245070558
18,60,1.1,0.1,0.21685806192905582,0.12323665935682994,1.3938918305044066,0.789335052852085
19,61,1.1,0.1,0.3131431846807147,0.12828816123294387,2.0111720545990552,0.8304245089007218
20,62,1.1,0.1,0.20770094103427436,0.054247429345205135,1.3401304559637892,0.3372440882593591
21,63,1.1,0.1,0.2066195181037011,0.037550035636828856,1.340893677826904,0.2521965056760886
22,64,1.1,0.1,0.19219188524306158,0.0672535653219464,1.2328608964808336,0.40411873920643676
23,65,1.1,0.1,0.23873726092419378,0.14218058987556426,1.5143102750244308,0.9074401799083335
24,66,1.1,0.1,0.162218456858844,0.07146202149044667,1.0476250778653866,0.4783845835070101
25,67,1.1,0.1,0.22532675646696854,0.061870768375676365,1.4254574605029582,0.41178871900685793
26,68,1.1,0.1,0.20025899703319058,0.11474974477661362,1.2714935468483852,0.7161258052820628
27,69,1.1,0.1,0.19520191187244612,0.07637734613978811,1.2617939318389955,0.49587585201157797
28,70,1.1,0.1,0.1652847615370938,0.08077603612632178,1.073862702521863,0.5157023190017074
29,71,1.1,0.1,0.1393373831889476,0.058899380745650855,0.8903023766290804,0.38556056815514483
0,42,1.1,0.15,0.14375216220687995,0.06889467781719673,0.9378510922591741,0.4594057407877094
1,43,1.1,0.15,0.16225366062944224,0.09144466039126685,1.056801594694259,0.5844229478379399
2,44,1.1,0.15,0.18855421686746987,0.07360446673684053,1.184589272842285,0.40818587857500593
3,45,1.1,0.15,0.16911339222337957,0.051773076704087845,1.1011949196937105,0.31958616179561533
4,46,1.1,0.15,0.19898676310801272,0.04945943874932004,1.277607797592139,0.32250093592728324
5,47,1.1,0.15,0.2005425855960096,0.05591843215963093,1.2599905511088125,0.32700170405491763
6,48,1.1,0.15,0.16524016563146998,0.033612151295605186,1.069636542443064,0.21040646954708475
7,49,1.1,0.15,0.22616965893056973,0.051281131421890794,1.407169817058337,0.28484896346622834
8,50,1.1,0.15,0.1702931371175313,0.06917036155503488,1.0780673639750111,0.392025976425573
9,51,1.1,0.15,0.16239173209074934,0.07949430004255345,1.038360151139497,0.5082418427148377
10,52,1.1,0.15,0.15200648317809176,0.07392032893405924,0.9684396214839543,0.47478874966443463
11,53,1.1,0.15,0.16079708663429595,0.09253215041037473,1.0166299630601956,0.5805224008317338
12,54,1.1,0.15,0.1523044180438486,0.056819637214623624,0.998346983473817,0.3613917758651719
13,55,1.1,0.15,0.12375141397391695,0.05056880309065373,0.8002813182357251,0.32762546273280607
14,56,1.1,0.15,0.15300390501027994,0.08014944652213743,0.9949719363607512,0.5265342697600488
15,57,1.1,0.15,0.17901170089183926,0.07717440978091741,1.1519884163650491,0.4708038403496936
16,58,1.1,0.15,0.18930521299742226,0.10366506040733252,1.1998266334529333,0.6447145290050801
17,59,1.1,0.15,0.2247490387722209,0.10077768925889721,1.4358512711446723,0.6349235054746506
18,60,1.1,0.15,0.20054886740485117,0.08199076342199044,1.248154562138335,0.5239513735818387
19,61,1.1,0.15,0.14530221007374108,0.05864034994188748,0.9306273399646041,0.35450036988006717
20,62,1.1,0.15,0.13412451745785078,0.02800264629624917,0.8719207952541286,0.1709763565948944
21,63,1.1,0.15,0.16769781991533864,0.031145121547630408,1.055904205186143,0.18663788030524123
22,64,1.1,0.15,0.12729115415266276,0.040623837066947124,0.8179278842266958,0.2567405900473398
23,65,1.1,0.15,0.15807727209269856,0.07261128996492885,0.9936121387686724,0.45192948912052855
24,66,1.1,0.15,0.15562297328836877,0.07792309615070445,0.9952050862961196,0.4983243362130923
25,67,1.1,0.15,0.20488525119795892,0.066488824090497,1.3409417201373999,0.41829603820694705
26,68,1.1,0.15,0.1666927608863093,0.08127349251344375,1.0745314824669665,0.5006361551545033
27,69,1.1,0.15,0.12987408594569363,0.07117376893367479,0.841777276413137,0.4599863347838502
28,70,1.1,0.15,0.11730685063023347,0.06125194232365169,0.7712127555407862,0.3987247119961895
29,71,1.1,0.15,0.16919676510993514,0.0454022443466343,1.092457290629738,0.2736421576265832
0,42,1.1,0.2,0.14796000481326052,0.049099777297595286,0.9417913476628111,0.3180863926981306
1,43,1.1,0.2,0.13120468296890442,0.04487146577313531,0.8295019614415373,0.28466100017330015
2,44,1.1,0.2,0.15596819512482163,0.08898164496596228,1.0121682333730528,0.5338641940149602
3,45,1.1,0.2,0.09373903208176035,0.02585141359457973,0.5896470531334704,0.15236344676369015
4,46,1.1,0.2,0.16608465781563525,0.08750760297806233,1.0649289684900107,0.570828077582358
5,47,1.1,0.2,0.12443572382863302,0.09008530418593047,0.8123495185673427,0.5815232489921598
6,48,1.1,0.2,0.15832298136645964,0.0526291694964615,1.0054454451345756,0.3140215929756917
7,49,1.1,0.2,0.1095621077215005,0.05413321308000764,0.7271708023159636,0.31490032317027034
8,50,1.1,0.2,0.1425458318658805,0.0348880894016892,0.9209315327529162,0.22958946376424885
9,51,1.1,0.2,0.13465669834687907,0.06436610061549072,0.8810576785627509,0.4150864790840051
10,52,1.1,0.2,0.11890156182393626,0.0747185991530934,0.79867331721213,0.5007131771540336
11,53,1.1,0.2,0.17046863988724453,0.1476156345422552,1.0835807061155898,0.9248096925387119
12,54,1.1,0.2,0.14485502533129796,0.07265622706846456,0.9504463352580697,0.4939426640168618
13,55,1.1,0.2,0.13315415280701387,0.07532715066830385,0.8622995325011388,0.48436788165295847
14,56,1.1,0.2,0.08771205033737633,0.05494217393805294,0.5687950048985111,0.3584935070043868
15,57,1.1,0.2,0.119669192353046,0.04964015154773944,0.7774785287046413,0.33188024218906015
16,58,1.1,0.2,0.11652165250629495,0.060792295864860034,0.7610997185505264,0.3883367113620652
17,59,1.1,0.2,0.14108692465820943,0.046548171759959824,0.9089332527525006,0.29470265549834335
18,60,1.1,0.2,0.1176674306086071,0.08793371505855756,0.7227848230201172,0.5545294633406082
19,61,1.1,0.2,0.16658149493748825,0.030204369130019663,1.065017773527083,0.20506590684546447
20,62,1.1,0.2,0.1583530666864,0.06562507729019794,1.0239488289488288,0.4219510798108524
21,63,1.1,0.2,0.18081994521272166,0.05622818262047907,1.1597484184835545,0.36508640732381675
22,64,1.1,0.2,0.10575055149394223,0.07096926319904993,0.6685166256655464,0.44493351851284174
23,65,1.1,0.2,0.1430531900041882,0.0722908085363162,0.911494311042859,0.4607325048788857
24,66,1.1,0.2,0.12850401639968487,0.07962937587071324,0.7894678393326394,0.4975614891284264
25,67,1.1,0.2,0.14712828976161782,0.09313377941850026,0.96350785786456,0.5757459860631554
26,68,1.1,0.2,0.10931833060865319,0.04029797098617505,0.6935363781815396,0.2652907106244899
27,69,1.1,0.2,0.13035978511204765,0.07257877320204345,0.8272153947004421,0.44337471048086674
28,70,1.1,0.2,0.101959301486242,0.0622385318932068,0.6336914557557318,0.38319818403642525
29,71,1.1,0.2,0.11943410962329226,0.058983209193938395,0.7569300617966637,0.35903684140409114
0,42,1.1,0.25,0.12870445577566195,0.07742307586489144,0.8134446775867517,0.49837901334835266
1,43,1.1,0.25,0.09604281418342726,0.04355846227924674,0.6175647167331169,0.27144908359154113
2,44,1.1,0.25,0.14604388248966563,0.07855576333234697,0.944888234255704,0.45290063063060565
3,45,1.1,0.25,0.14917728301650807,0.03937733041400502,0.9610282782030234,0.25967087563321856
4,46,1.1,0.25,0.14252672361147461,0.08093955960816925,0.930628910791755,0.5312186777471544
5,47,1.1,0.25,0.13794864274466023,0.055013912989848555,0.8824034091931129,0.36390940593968246
6,48,1.1,0.25,0.13412215320910975,0.03181460600096428,0.8986226708074534,0.1976794256066353
7,49,1.1,0.25,0.14942636111516566,0.04903751045046434,0.9197782318882887,0.3047401725808027
8,50,1.1,0.25,0.13934357836324412,0.08609515696236932,0.9005138836817983,0.5567787305307347
9,51,1.1,0.25,0.06873437879326029,0.01804432485223318,0.4364246070776822,0.0978312816484257
10,52,1.1,0.25,0.10994937581840074,0.07017524913221017,0.711339694349925,0.45887680696854555
11,53,1.1,0.25,0.15842845526566457,0.08258820073188942,1.0318496898450387,0.5363093919212947
12,54,1.1,0.25,0.09976659808411317,0.029430832803506266,0.6473689077675273,0.2045491179687292
13,55,1.1,0.25,0.09341135363975009,0.07157492080880884,0.6130400660404807,0.4644602554525168
14,56,1.1,0.25,0.1054996343364932,0.06893215129665103,0.664541093678851,0.42856959991902877
15,57,1.1,0.25,0.08215120220339009,0.05196520979302582,0.517922028459965,0.3253100285234352
16,58,1.1,0.25,0.06997252307762626,0.032444051682633715,0.4620747994606577,0.2044552074897243
17,59,1.1,0.25,0.1211611395645652,0.06690121690689256,0.7911695568921967,0.42007365463633606
18,60,1.1,0.25,0.06881998776522104,0.04269731393868033,0.4546452587304515,0.26390003835836623
19,61,1.1,0.25,0.12948935924159027,0.07497647966462354,0.8263260415961036,0.4753850199272342
20,62,1.1,0.25,0.10562986396319729,0.025652038565772816,0.7023492248492249,0.16178105146637276
21,63,1.1,0.25,0.09530628279360803,0.023251999185698598,0.6014480932180375,0.15138163996155432
22,64,1.1,0.25,0.09859152489518727,0.02682709220316545,0.6315097074483443,0.14404290175071643
23,65,1.1,0.25,0.11088580203825212,0.022948056099990444,0.7187727907301411,0.12702256980870072
24,66,1.1,0.25,0.09026470360869777,0.04191095467260777,0.5607081103402615,0.2485743804852756
25,67,1.1,0.25,0.12981672808385897,0.046786870044514144,0.860024576055198,0.317285706843522
26,68,1.1,0.25,0.12114650243682504,0.02993548548999382,0.781263057198541,0.17093310473926662
27,69,1.1,0.25,0.13090367352469773,0.05806557279400686,0.8276245272217994,0.3445309402305352
28,70,1.1,0.25,0.09207255698219459,0.045539215468720286,0.5860843472637016,0.280431469661385
29,71,1.1,0.25,0.10118400684735877,0.03230078877430497,0.6448762896155572,0.2127676802545514
0,42,1.2,0.03,0.30861799256952904,0.0473718452165753,2.114445998726491,0.3098352438531182
1,43,1.2,0.03,0.30442791614363984,0.09455851018972922,2.0429407909562856,0.5552032710835607
2,44,1.2,0.03,0.22221413125027584,0.09049567884707985,1.5486421877988144,0.6318806952458642
3,45,1.2,0.03,0.3224851628096011,0.06182983958375258,2.0997861725945546,0.3738244132771126
4,46,1.2,0.03,0.3167343401778137,0.11027964674627093,2.138452952326568,0.6935586586014423
5,47,1.2,0.03,0.2616266214493509,0.12315038173397266,1.7666032792599082,0.8386964282321661
6,48,1.2,0.03,0.265620082815735,0.08854490119253554,1.7868666666666666,0.5844103239654221
7,49,1.2,0.03,0.3063046757164404,0.13123938656402273,2.04539775215297,0.8412345863970248
8,50,1.2,0.03,0.30302206922842906,0.04185305558093746,2.049684481859758,0.28256989026560453
9,51,1.2,0.03,0.29580671364861766,0.09525443212437766,1.9783151111557298,0.5898955663864082
10,52,1.2,0.03,0.34436093035017956,0.04829550990095316,2.281712702007482,0.32357875959482607
11,53,1.2,0.03,0.3430215753239009,0.07123138724541397,2.3035914473123773,0.42984901347330323
12,54,1.2,0.03,0.29337797836331053,0.09355182084123348,1.9722115174443045,0.613388654410146
13,55,1.2,0.03,0.30238222519206204,0.11797465443716125,2.0111318060727377,0.7679622278912367
14,56,1.2,0.03,0.24502918408742805,0.08050174655493365,1.6459252501000399,0.5751306832778977
15,57,1.2,0.03,0.2828919269186423,0.04356987492544088,1.9476648827544927,0.2808495964023135
16,58,1.2,0.03,0.2651401182404222,0.09302296209528402,1.7875569470789436,0.579700717614903
17,59,1.2,0.03,0.31202117894246434,0.06805863565090522,2.0696141489257984,0.4522842224363446
18,60,1.2,0.03,0.2584101812093698,0.06285966378962894,1.7547982402992546,0.3934886368369015
19,61,1.2,0.03,0.2608823638485734,0.05894580118385789,1.778354395032873,0.38484249933762615
20,62,1.2,0.03,0.2466499549832883,0.07147631797000559,1.6448946115612777,0.48260792230424265
21,63,1.2,0.03,0.24304196042859366,0.08085967605761663,1.6524043246825197,0.5095064372539891
22,64,1.2,0.03,0.22108208308790406,0.07591092606575316,1.552906690689858,0.5203352330150339
23,65,1.2,0.03,0.3306641770208013,0.10510915648209349,2.2006165014658663,0.6879807104001662
24,66,1.2,0.03,0.2891676160110155,0.09016947830693525,1.9699002052725993,0.49108266851172233
25,67,1.2,0.03,0.3042274148105767,0.08823033532920312,2.0964021659970387,0.5767950379149829
26,68,1.2,0.03,0.21095771418352066,0.06233450012082453,1.4132828984441885,0.39816052853023715
27,69,1.2,0.03,0.2577483993124502,0.09307397133993137,1.7388626627123807,0.5712628086788277
28,70,1.2,0.03,0.25420068180237104,0.12477396358595143,1.707822310654204,0.7726466017604774
29,71,1.2,0.03,0.2610878610150985,0.06194208218543532,1.7385524466290896,0.4325001791851362
0,42,1.2,0.05,0.3018331753982221,0.058029781871107494,2.052288254140156,0.3809618323063366
1,43,1.2,0.05,0.2532509339067216,0.056460521536663553,1.7710008157263915,0.4121430185400431
2,44,1.2,0.05,0.2650230960471924,0.14226849101424355,1.7826884093149153,0.9481600850174388
3,45,1.2,0.05,0.24525519497297998,0.07341676498304081,1.6446348973968692,0.4924593145599678
4,46,1.2,0.05,0.3176873170905803,0.09125111437508748,2.1217384020557235,0.5973982821344413
5,47,1.2,0.05,0.2451787469271685,0.1242022400327807,1.6583849737225163,0.8498353556169586
6,48,1.2,0.05,0.2793623188405797,0.08219690819800951,1.8629391304347827,0.5203432952562239
7,49,1.2,0.05,0.33168649345594314,0.09294300848341137,2.20318839098915,0.6075254630709915
8,50,1.2,0.05,0.34124788402767525,0.04332119510450759,2.2547922528588504,0.30007097876891115
9,51,1.2,0.05,0.28126132284283706,0.09848366634888987,1.8952526969955357,0.6553597034085676
10,52,1.2,0.05,0.27359961815773615,0.058625296622892634,1.834693251055311,0.354577905216504
11,53,1.2,0.05,0.3427178480434294,0.0794636529948869,2.259261482703343,0.4783627113394544
12,54,1.2,0.05,0.34198531005951194,0.08473665317685496,2.2846598615074885,0.5714170393755852
13,55,1.2,0.05,0.23170002868897752,0.047008514786192404,1.575432738123545,0.3261046417620828
14,56,1.2,0.05,0.23584115025320473,0.05420284338479661,1.5936090077410276,0.35077100092155655
15,57,1.2,0.05,0.29172727776138413,0.054888840314986226,1.9392923682767116,0.33807008457511545
16,58,1.2,0.05,0.21161905230694225,0.05468979833618137,1.4342088820367493,0.3599374199111547
17,59,1.2,0.05,0.25991627145720597,0.07835108660765136,1.7483711453094917,0.5120448436657015
18,60,1.2,0.05,0.24834710477712507,0.07115387355954272,1.6757662279122727,0.475646178260169
19,61,1.2,0.05,0.278338507616152,0.10542519625507255,1.8794914154640856,0.7019162983886493
20,62,1.2,0.05,0.245348478681812,0.06581584750000515,1.6678488178488178,0.4198360298159538
21,63,1.2,0.05,0.2606552574784816,0.047617985061356706,1.7824640507823388,0.28246364888835424
22,64,1.2,0.05,0.2586142776295578,0.09950941892239083,1.7407135349895477,0.6399578090374012
23,65,1.2,0.05,0.29363604634929497,0.08912719005745359,1.990220996789055,0.5928217040371104
24,66,1.2,0.05,0.23596026199946837,0.09164567456316923,1.617916849869556,0.5898452290974048
25,67,1.2,0.05,0.2687932164194231,0.12910922310397782,1.7872129502260852,0.8040260984250559
26,68,1.2,0.05,0.23426848652655105,0.06587750783495545,1.5976174967142707,0.41052148923729787
27,69,1.2,0.05,0.2733629912993484,0.16779719170018087,1.7958080293125842,1.0641058794137626
28,70,1.2,0.05,0.24871690547462225,0.0966398064464652,1.7408351961369994,0.6364851964543453
29,71,1.2,0.05,0.2284451007953312,0.08375752127913677,1.5698838514894784,0.563342113569235
0,42,1.2,0.075,0.294712307406906,0.09499906232743248,2.0136912193091967,0.5665981146342294
1,43,1.2,0.075,0.20962183858538896,0.058610272817818956,1.4312725181991006,0.40519700339337467
2,44,1.2,0.075,0.23780212424790742,0.09364988552196211,1.5891557438545392,0.5771775407994963
3,45,1.2,0.075,0.22249067947158072,0.07145206613758415,1.4864388800261434,0.4436352989074923
4,46,1.2,0.075,0.20114851848326948,0.10620723056678048,1.3409474188457178,0.7133925547057962
5,47,1.2,0.075,0.2760813692091011,0.09104915124390192,1.8195766354775582,0.5642884611115583
6,48,1.2,0.075,0.19512836438923398,0.06574721671061926,1.3395556935817807,0.4238047661301009
7,49,1.2,0.075,0.26804675716440424,0.08782216260454725,1.8163291003746411,0.5749873971797941
8,50,1.2,0.075,0.2543035563482957,0.11579922587827036,1.716339600777087,0.729450314183781
9,51,1.2,0.075,0.23511714717633642,0.09476607389662463,1.6073257401464036,0.6154709956806023
10,52,1.2,0.075,0.2599153893992342,0.03703743944413866,1.7688580198955322,0.21395226552057559
11,53,1.2,0.075,0.2408772467842235,0.07906216242517017,1.640572156525645,0.509984721607402
12,54,1.2,0.075,0.2123496825291476,0.0260753131525666,1.4607298245614035,0.2271374807231882
13,55,1.2,0.075,0.2447675983382145,0.05491461163875898,1.6601583349704054,0.37426463231605295
14,56,1.2,0.075,0.22205922368947578,0.08602976050399506,1.541445356073464,0.5251670103459265
15,57,1.2,0.075,0.24270374099429937,0.09554818193792397,1.6572099463734555,0.5993003859679448
16,58,1.2,0.075,0.2371438298809919,0.07356896081695882,1.589218913545261,0.45510985681209287
17,59,1.2,0.075,0.20169742175232325,0.0387957330078513,1.3832575580631477,0.26240209091303274
18,60,1.2,0.075,0.17063922329642411,0.08065369672704599,1.1749167361824564,0.5773537687704594
19,61,1.2,0.075,0.25506448237445856,0.07338095901115106,1.6994506076551938,0.4612584965746914
20,62,1.2,0.075,0.21024130190796858,0.04969119987337447,1.4534085667418999,0.3325500175233373
21,63,1.2,0.075,0.22166118703355675,0.056916420977983315,1.5047497032506634,0.3763590920100806
22,64,1.2,0.075,0.20157998683344305,0.08787988124328606,1.4027328690389567,0.6193877249209435
23,65,1.2,0.075,0.2487187630880916,0.045417318609223406,1.6746585229652382,0.29948432120546736
24,66,1.2,0.075,0.20444606870950865,0.05950980795460908,1.4140729740483635,0.40742923582502655
25,67,1.2,0.075,0.2640374417831294,0.04093245238738407,1.7848150189913128,0.30997010145081844
26,68,1.2,0.075,0.1738384486771584,0.10370083052173634,1.1701268426429716,0.6620456714442688
27,69,1.2,0.075,0.26648841779952875,0.1163656007283608,1.806660771377477,0.7632083134558414
28,70,1.2,0.075,0.18891425050967423,0.04820650571301531,1.2719694120404594,0.30844160767446316
29,71,1.2,0.075,0.18875266070269708,0.03313482371578359,1.2847308394288748,0.22230379596724414
0,42,1.2,0.1,0.2596079699572322,0.08196807278251085,1.754914188589564,0.5520720860634144
1,43,1.2,0.1,0.20222900001731783,0.04169462351682871,1.3881677694782468,0.26647634324393776
2,44,1.2,0.1,0.2254931815172779,0.09807180231129299,1.5208210129896877,0.5915286432141819
3,45,1.2,0.1,0.21205365036463064,0.058496086940919394,1.4013879562491662,0.4007169857685067
4,46,1.2,0.1,0.16931811368340907,0.06167197000738599,1.1510386431590882,0.4217448069740388
5,47,1.2,0.1,0.1796977733111779,0.057638581058627486,1.2136842183952432,0.34128376390873333
6,48,1.2,0.1,0.19735921325051758,0.029248552340226094,1.3547399585921325,0.20334476367474835
7,49,1.2,0.1,0.1975744416873449,0.10213125554729084,1.3459163625748065,0.6680134781207551
8,50,1.2,0.1,0.2007042132622392,0.061086268421369695,1.3700492029048623,0.37203205575847625
9,51,1.2,0.1,0.2049776121030848,0.05948211154072105,1.3929375063440717,0.40883674500104844
10,52,1.2,0.1,0.2026739856807483,0.07133081670570754,1.3724547547193637,0.44018871411099864
11,53,1.2,0.1,0.23509430104778942,0.07924228460798406,1.5774043321020066,0.5268833248758196
12,54,1.2,0.1,0.21137404039733632,0.06612364761288565,1.4121647220194244,0.4088112326121076
13,55,1.2,0.1,0.2314707268344245,0.12135261054816973,1.5338773671582362,0.7508502167748546
14,56,1.2,0.1,0.23963243228325815,0.11764171395582396,1.6149319424321456,0.728826185267216
15,57,1.2,0.1,0.22770877361320768,0.11291528375249324,1.539055312759332,0.7334139872396889
16,58,1.2,0.1,0.19483111566618208,0.0731486248369229,1.345633330461998,0.4639280111924353
17,59,1.2,0.1,0.1991063161244511,0.07494443624513918,1.3596575912554545,0.4838819938506616
18,60,1.2,0.1,0.21378022473357156,0.06737412543508849,1.4263558681570854,0.4388344244983363
19,61,1.2,0.1,0.19507997769503788,0.06491349211330714,1.320434163978134,0.4278037219989078
20,62,1.2,0.1,0.22572550905884237,0.08671003868192305,1.5494770661437325,0.5946219333032327
21,63,1.2,0.1,0.15687547843814614,0.09203661104548835,1.0832515880344293,0.6124793431836374
22,64,1.2,0.1,0.2064568102283358,0.0950191052717566,1.4225125024542922,0.6017452932359794
23,65,1.2,0.1,0.20452464051375122,0.06847994628961679,1.3755860672902416,0.4257944167957459
24,66,1.2,0.1,0.17859881301957464,0.08140621594638403,1.2244942530225322,0.5731437178877803
25,67,1.2,0.1,0.16729592961591697,0.0414046213769492,1.1475948691283397,0.28221698927774125
26,68,1.2,0.1,0.1669728237470173,0.09281392539059288,1.1687793566503244,0.6230894008894018
27,69,1.2,0.1,0.2314095839359896,0.11660414355429832,1.5402983104073762,0.7469604082672862
28,70,1.2,0.1,0.151921100668093,0.06727776322569701,1.0030024387466554,0.4301006968367039
29,71,1.2,0.1,0.1500483678994472,0.07649646232582813,1.0313677205843104,0.5238547859587094
0,42,1.2,0.15,0.1853931330816399,0.042331490811831955,1.271933877833431,0.2591403983445864
1,43,1.2,0.15,0.20607431590320108,0.07650583345607408,1.4046130570969368,0.48525932986409365
2,44,1.2,0.15,0.1966238580696412,0.09091656193328816,1.345458316783618,0.5486364480231969
3,45,1.2,0.15,0.18222574407404854,0.05119357492076237,1.2085175892641753,0.31639056487151707
4,46,1.2,0.15,0.13615785727315266,0.05179492263115372,0.9379441790192488,0.3559608218715427
5,47,1.2,0.15,0.1861916710993933,0.06458262683078339,1.2382356019315708,0.39940764529734535
6,48,1.2,0.15,0.17471635610766043,0.04631065369551094,1.1925639751552795,0.2895426159198965
7,49,1.2,0.15,0.16783012212329101,0.07886776955042801,1.1528944679608817,0.49532892519043764
8,50,1.2,0.15,0.16390671922988073,0.06827800054059056,1.1166857757429098,0.43560323368050896
9,51,1.2,0.15,0.12281327401063931,0.049919481970345625,0.8570949567129655,0.3130799652960054
10,52,1.2,0.15,0.15335561432318845,0.06563113407936683,1.0852530190140732,0.43782214574335704
11,53,1.2,0.15,0.13238524266431245,0.10731706648595757,0.9000664265966591,0.7220959031035661
12,54,1.2,0.15,0.14286515785049003,0.07348446482070192,0.991999699121701,0.4609381358337531
13,55,1.2,0.15,0.13330230700147067,0.06675744183187671,0.9367334342362593,0.45872090455994774
14,56,1.2,0.15,0.179190903947786,0.07054264066432069,1.2205498696030137,0.4474576663921727
15,57,1.2,0.15,0.16447445537237282,0.07671757503417681,1.1212027527107018,0.5287767237661859
16,58,1.2,0.15,0.10157299374224667,0.07944262002563568,0.6904800181421521,0.5375525920668781
17,59,1.2,0.15,0.1918121121547434,0.10755325981391371,1.309115171745103,0.6853693805782084
18,60,1.2,0.15,0.17644559182084535,0.05536899157976946,1.2307685841316673,0.36379093757111636
19,61,1.2,0.15,0.16560501761792554,0.08233550320492614,1.092864540188071,0.5263980588037442
20,62,1.2,0.15,0.1490244323577657,0.03680796564721498,1.0238304904971571,0.24237967809371883
21,63,1.2,0.15,0.12460134016997455,0.057326792300322435,0.8656738132742369,0.3956855761505128
22,64,1.2,0.15,0.1353204439670605,0.10331775329189694,0.9476636291188802,0.710335233741388
23,65,1.2,0.15,0.13446321373726094,0.05692585306898516,0.928130671506352,0.3637145927306188
24,66,1.2,0.15,0.0961353192310691,0.06749637160390377,0.6566239444945369,0.4609595129016564
25,67,1.2,0.15,0.18270521525387803,0.039050845249498624,1.2603451903198697,0.26306816914052417
26,68,1.2,0.15,0.15102870973838717,0.06638255667365588,1.0394089630218661,0.4323029323405543
27,69,1.2,0.15,0.09286591312806047,0.02727436637480117,0.6445425961652597,0.16944781996155742
28,70,1.2,0.15,0.11322865716882465,0.05358800397815226,0.785554202090554,0.37837985033770316
29,71,1.2,0.15,0.14765886256305855,0.03727163333592699,1.0151687725978291,0.26148068513297934
0,42,1.2,0.2,0.1748390566009356,0.09442053543282687,1.1969301926808356,0.6328307970771967
1,43,1.2,0.2,0.1309476548564546,0.042205050544483425,0.9077189999670402,0.2793859184568317
2,44,1.2,0.2,0.15141812671933155,0.0855629030761621,1.049366550450888,0.5324375478303849
3,45,1.2,0.2,0.1306485324953757,0.04915102274469154,0.8919373785958475,0.3370827421161658
4,46,1.2,0.2,0.19139092452037085,0.0645323662223036,1.3083165044770673,0.39732942545004696
5,47,1.2,0.2,0.12584874742475521,0.0877474537552222,0.8580530833906259,0.5984814439548806
6,48,1.2,0.2,0.12605072463768113,0.028690964557118472,0.8751846790890271,0.20057741249519614
7,49,1.2,0.2,0.11945664866442855,0.057551758750214066,0.8049551890235002,0.38590705918010876
8,50,1.2,0.2,0.11745337286935316,0.0402679798088757,0.8254117742104473,0.2882066179891558
9,51,1.2,0.2,0.12335638237023924,0.0390563220521657,0.848959906973327,0.2564996216981653
10,52,1.2,0.2,0.10168082714178314,0.04992313185220065,0.6866167928580506,0.3274270556347171
11,53,1.2,0.2,0.1516063161644557,0.11796558494962632,1.0300462421299632,0.7871857244341351
12,54,1.2,0.2,0.1456701400411495,0.048583907659236064,1.0271877347846285,0.36903868851815497
13,55,1.2,0.2,0.13141259934132246,0.07511027165217359,0.9183002345208893,0.5206630877508932
14,56,1.2,0.2,0.11468076885926784,0.044805290631290136,0.8161515309572106,0.31358674890823046
15,57,1.2,0.2,0.1349124548711555,0.1001478669504805,0.9437506274532721,0.6775557024571801
16,58,1.2,0.2,0.08737418130315266,0.05882696904185906,0.6094659140251846,0.416548291898194
17,59,1.2,0.2,0.13625802571129228,0.08518729078344497,0.9290138034166653,0.5758877732272228
18,60,1.2,0.2,0.1344385026737968,0.09648471043474297,0.8762196757490873,0.6477886233659715
19,61,1.2,0.2,0.1527018216415961,0.03430579376860914,1.0261279319773717,0.22820064893179745
20,62,1.2,0.2,0.1187177020510354,0.03116703222339345,0.8486868686868686,0.22372705958673464
21,63,1.2,0.2,0.12785301402452934,0.034153570020349674,0.9118494055960517,0.2249130434233654
22,64,1.2,0.2,0.09811741334904081,0.035747460580557486,0.6816040100250627,0.2611410711199983
23,65,1.2,0.2,0.11296698310763646,0.04544515321047495,0.7685647075247802,0.2914793522704988
24,66,1.2,0.2,0.09906811433683113,0.07238230496699913,0.6959948034077486,0.5028283555177778
25,67,1.2,0.2,0.13595779517206957,0.041231824209551536,0.9519256903178409,0.2554819720081328
26,68,1.2,0.2,0.10950008433879403,0.023343331994260644,0.7554375087278313,0.16382528797492335
27,69,1.2,0.2,0.1449833118073018,0.045454712750627235,1.010976511879131,0.2966647515795096
28,70,1.2,0.2,0.09713042628325151,0.06658839094236478,0.648880672694897,0.439262902649338
29,71,1.2,0.2,0.1212167921360257,0.06760362898123115,0.8454346977170163,0.43830492838431295
0,42,1.2,0.25,0.10489047325381425,0.03271847418043553,0.711819211928864,0.2329113171500966
1,43,1.2,0.25,0.1060940962347093,0.044919514760911106,0.727612555773239,0.3176215681592536
2,44,1.2,0.25,0.1333778336790385,0.06178373737650824,0.9180774379569561,0.35838717800414993
3,45,1.2,0.25,0.13625602705727746,0.028937083490327867,0.9573229680414913,0.1987296255018152
4,46,1.2,0.25,0.13874261620944267,0.07030444342199851,0.970137877814525,0.4868066461245333
5,47,1.2,0.25,0.09856367976814795,0.033350186788577436,0.6939115734696115,0.2742880131971586
6,48,1.2,0.25,0.13412215320910975,0.03181460600096428,0.9769602484472051,0.20671349593452285
7,49,1.2,0.25,0.1182337128399747,0.03912641895989252,0.8466204933586337,0.2759300832453205
8,50,1.2,0.25,0.13536911014921946,0.06108789515431261,0.9034162403163892,0.3977521671184733
9,51,1.2,0.25,0.14043549064164756,0.09799613155604771,0.9696577103631452,0.6324852485998054
10,52,1.2,0.25,0.1300310360827094,0.10605696897567943,0.9016863230191939,0.7289342280016569
11,53,1.2,0.25,0.15266059521873476,0.08709416552584198,1.0220813976720953,0.5605447392461512
12,54,1.2,0.25,0.12090020132297959,0.08684340200053278,0.8284099024357868,0.5578871238457941
13,55,1.2,0.25,0.08555818062895706,0.04903835908182598,0.6026110396620189,0.3363233853651525
14,56,1.2,0.25,0.09054772253729078,0.05537537165032278,0.6118758013550248,0.38639747718469036
15,57,1.2,0.25,0.10359738432334024,0.030391531742973623,0.7274903269110361,0.22814748089530462
16,58,1.2,0.25,0.06456953114607891,0.04135076455777727,0.4425657855182731,0.28977304783007607
17,59,1.2,0.25,0.08680069348599626,0.04254887097489313,0.6088791505806688,0.27266537707724714
18,60,1.2,0.25,0.0864076288822739,0.05530993912890533,0.5950871684096837,0.37845431625703496
19,61,1.2,0.25,0.12163300286300624,0.04617047195180859,0.8316935121505878,0.30078314424248714
20,62,1.2,0.25,0.09660740494073827,0.02130601606752464,0.6803527336860671,0.16947905008657738
21,63,1.2,0.25,0.08874122425848877,0.026834887125460248,0.6278398828211285,0.19798861843985055
22,64,1.2,0.25,0.11282122356582702,0.06100141641724067,0.7891761662220066,0.41773941967866185
23,65,1.2,0.25,0.11113430127041743,0.05328881329088526,0.7673893619991623,0.3494497491887622
24,66,1.2,0.25,0.080451513057144,0.04839334057100411,0.5334326204432799,0.31479673659851276
25,67,1.2,0.25,0.12265753360072082,0.0633787121095223,0.8429655161353213,0.4040134890538562
26,68,1.2,0.25,0.10415618093037449,0.05037190624910559,0.752993378025636,0.3364757510058266
27,69,1.2,0.25,0.12525356529952716,0.06323591049581005,0.8786001172422211,0.4478438548587429
28,70,1.2,0.25,0.08963353259195068,0.05016235018778203,0.6017215039726296,0.3256145306567965
29,71,1.2,0.25,0.07683444506146422,0.019665517777404044,0.5276754284515625,0.15190883225221619
0,42,1.3,0.03,0.25608351007024355,0.07975591236015757,1.8615261545558013,0.5184007867174996
1,43,1.3,0.03,0.3322151524445256,0.1194705393407538,2.3455417807549575,0.7513123784485735
2,44,1.3,0.03,0.26781484914015036,0.15121135725733856,1.881161973902938,0.99678629477795
3,45,1.3,0.03,0.27155479028014295,0.07175585672239707,1.9347715637545098,0.5603839067974203
4,46,1.3,0.03,0.2681261668530459,0.13248594351764492,1.9315286381625385,0.8942106505202497
5,47,1.3,0.03,0.2893346611656471,0.08697275894514919,2.030952480236113,0.5953214468631154
6,48,1.3,0.03,0.23544927536231883,0.03443006726120364,1.7067168737060043,0.2726959048906607
7,49,1.3,0.03,0.265545905707196,0.049034009823943264,1.9250625699411281,0.35324397841749633
8,50,1.3,0.03,0.2855290341067599,0.03191529697144244,2.0090108522082484,0.22225289612619606
9,51,1.3,0.03,0.21309887111821285,0.06428777415956577,1.5574143260856421,0.41046582128227005
10,52,1.3,0.03,0.2878273404832563,0.08852072152820334,2.081896404656939,0.5989574407981717
11,53,1.3,0.03,0.289237731260987,0.0761849382052784,2.0463819157586607,0.489011756545238
12,54,1.3,0.03,0.22596973518284993,0.045314292679798064,1.675383739297803,0.3381139606538603
13,55,1.3,0.03,0.24084917751881796,0.059519956359826515,1.7315743044333285,0.42813570933057227
14,56,1.3,0.03,0.3361722068137599,0.04720340007405737,2.426684858771095,0.3666424731178313
15,57,1.3,0.03,0.2603780181990506,0.06679815082206664,1.8639837145471403,0.4420868673013297
16,58,1.3,0.03,0.2433818530427073,0.08781564824865841,1.7519136419491563,0.605359881259485
17,59,1.3,0.03,0.2593530713663068,0.1209615103338513,1.8498770974168441,0.8407344222070565
18,60,1.3,0.03,0.23382061706605314,0.10778794519308746,1.7026757227446887,0.7266443395708347
19,61,1.3,0.03,0.26325260150972113,0.035963369866393334,1.8840741918228208,0.25105070264744006
20,62,1.3,0.03,0.22854861188194522,0.033865675249861775,1.5937161603828272,0.2223154030470736
21,63,1.3,0.03,0.22247687111410458,0.0753914271762281,1.581742511198259,0.5129081035311505
22,64,1.3,0.03,0.2708170195072936,0.11996563627702697,1.927138237298315,0.7568669195773646
23,65,1.3,0.03,0.294959863185816,0.09237688783801878,2.0692709060449532,0.5884246547219023
24,66,1.3,0.03,0.2527759461032136,0.07141735165390087,1.8075464536232624,0.48547567792792706
25,67,1.3,0.03,0.26899609507617106,0.08380796494432806,1.9598855468352228,0.6064808846450481
26,68,1.3,0.03,0.18636031797322122,0.052822991067081854,1.3954176001272778,0.3798737160940056
27,69,1.3,0.03,0.24731790390826686,0.08203259029685747,1.7729026265213377,0.49460458719123546
28,70,1.3,0.03,0.18592152534594752,0.08698271979734797,1.3663233221948254,0.5681724716136739
29,71,1.3,0.03,0.26358393492761667,0.06828236845226407,1.832225358826135,0.4396861278019108
0,42,1.3,0.05,0.28960649088238094,0.05631914448939853,2.050446279500023,0.3725163806056905
1,43,1.3,0.05,0.2627728261774319,0.06940283179673819,1.9241872597637737,0.5033768009466122
2,44,1.3,0.05,0.22076915721494034,0.09727535619723605,1.5433381879165013,0.643390337849596
3,45,1.3,0.05,0.24307172985322856,0.0271015778351506,1.7557527615275206,0.1827598734001189
4,46,1.3,0.05,0.2582256100946172,0.07855407530552921,1.9223052705671477,0.5304157869746507
5,47,1.3,0.05,0.2532673108195206,0.08910537543464683,1.818711093333483,0.6495656978787973
6,48,1.3,0.05,0.2259782608695652,0.03665295476101933,1.664717391304348,0.2702861000200659
7,49,1.3,0.05,0.35452622488201235,0.060110355049789094,2.4830231231450397,0.3907997224563687
8,50,1.3,0.05,0.23651420305002974,0.08806768408293297,1.725770774398534,0.5914766756651794
9,51,1.3,0.05,0.2405631001294739,0.13644792163611533,1.7408865395871271,0.9233386822019516
10,52,1.3,0.05,0.2772427888085942,0.07412288186308878,1.9822494030169886,0.4885455063447766
11,53,1.3,0.05,0.24838888243539406,0.04647316168614793,1.7662015387713066,0.33710634054805294
12,54,1.3,0.05,0.2650790469237406,0.08086933858864012,1.8976695825313599,0.542061804428372
13,55,1.3,0.05,0.24807346672817845,0.09785083337408587,1.7284794052488082,0.6387791045179184
14,56,1.3,0.05,0.2389603013619241,0.12875420302555185,1.6939810627699359,0.8722090384807492
15,57,1.3,0.05,0.21768011587663705,0.09124613378626881,1.5584825882988584,0.6306871200590505
16,58,1.3,0.05,0.18175027233737842,0.04906401338858099,1.3351546284462619,0.3480070572918205
17,59,1.3,0.05,0.26174682174849967,0.03903676080392344,1.8365215232719698,0.27553711933423103
18,60,1.3,0.05,0.20584412657434967,0.028271965194603437,1.5489863339275105,0.1890034399396516
19,61,1.3,0.05,0.2506072379088197,0.13354156836692205,1.784835570808723,0.9198953855851578
20,62,1.3,0.05,0.25675158175158175,0.07542239536191575,1.8116057091057094,0.5124889094911117
21,63,1.3,0.05,0.21468460741819023,0.038925289029387605,1.6016738785446065,0.2703603061045185
22,64,1.3,0.05,0.2525559289929894,0.09338571021145131,1.7625372186225938,0.6050233238009928
23,65,1.3,0.05,0.21684105821583133,0.04450625678728806,1.5495688259109313,0.2958065671419754
24,66,1.3,0.05,0.2348554289787975,0.08826203445335055,1.6869933159114545,0.6228135127290003
25,67,1.3,0.05,0.22622026212784246,0.05431730978324199,1.623467993691526,0.3639893361135183
26,68,1.3,0.05,0.21199682038391718,0.11424097567360855,1.5422353502353503,0.8322286515673892
27,69,1.3,0.05,0.2498845674956732,0.11198990633154736,1.7949563000035347,0.7421238155556084
28,70,1.3,0.05,0.24376487547844997,0.07652206026431935,1.7848458794943514,0.5262621647312322
29,71,1.3,0.05,0.22865524129167109,0.10822216337551648,1.6338910687479693,0.7787179138083801
0,42,1.3,0.075,0.24573587734207739,0.03851668605127114,1.8038552336687572,0.28410087396674494
1,43,1.3,0.075,0.2373074381264102,0.06736766410638555,1.7284773142367773,0.46172860220860173
2,44,1.3,0.075,0.18789186048222192,0.1129692979321578,1.3587649131323831,0.7928028328265476
3,45,1.3,0.075,0.20485586641226927,0.09820227292552684,1.4888198322225479,0.6597503538766716
4,46,1.3,0.075,0.1686235079746524,0.07540689912313424,1.2258521112406515,0.5464328145217466
5,47,1.3,0.075,0.24300112178936853,0.09855162411992913,1.7220078674765413,0.6151186752078861
6,48,1.3,0.075,0.21006832298136646,0.057946311284965385,1.5144321946169772,0.36058656523383953
7,49,1.3,0.075,0.19509426847662142,0.08219818554076495,1.4169200724954993,0.5595591792098688
8,50,1.3,0.075,0.2546906735640106,0.09576889315421758,1.8041993552043771,0.595005704252514
9,51,1.3,0.075,0.23904895144485758,0.05453266463416689,1.7270197797660791,0.3638661475876043
10,52,1.3,0.075,0.22330064637445712,0.08247820315895875,1.6252378336223203,0.5817097794303155
11,53,1.3,0.075,0.22269143259840937,0.08534425873231934,1.5916120282817958,0.5775673456618078
12,54,1.3,0.075,0.20797854029778104,0.023172986234263063,1.48540646003407,0.1775642018255355
13,55,1.3,0.075,0.19526080624800535,0.049079519902628016,1.4310600856889415,0.354865845677278
14,56,1.3,0.075,0.19554456265264725,0.08363041916371958,1.4518542506657837,0.5690512930055064
15,57,1.3,0.075,0.20929100595351152,0.11601627640572207,1.4860786012141576,0.7831433768444037
16,58,1.3,0.075,0.17675703169544157,0.03895854222845939,1.256406431674229,0.2728422353119798
17,59,1.3,0.075,0.1776296727018904,0.037803818502622995,1.3201813954137942,0.24940677450472312
18,60,1.3,0.075,0.24822932307719325,0.04058348372223886,1.8155978855492036,0.3561736757952546
19,61,1.3,0.075,0.20961457157745783,0.04898471767122404,1.4862309898809722,0.31361111731161556
20,62,1.3,0.075,0.2145431728765062,0.025246892405849257,1.5665746599079935,0.1365417425363615
21,63,1.3,0.075,0.17713192490557975,0.08707072127801005,1.3101318931304067,0.6225940402784831
22,64,1.3,0.075,0.18275527528498664,0.07810653354430774,1.3249625215111511,0.5528803798538448
23,65,1.3,0.075,0.2351022616222253,0.08650563194002864,1.6718320187072457,0.5581692958720241
24,66,1.3,0.075,0.15409278583236485,0.05149838029189208,1.148850563415159,0.3923898350995822
25,67,1.3,0.075,0.2069195737181178,0.026934957128886997,1.4824299779276833,0.20359950247388175
26,68,1.3,0.075,0.13967687645107,0.042295832266895324,1.0241776485647454,0.330273644339874
27,69,1.3,0.075,0.246905753273044,0.09156630994888978,1.7464294945211791,0.660143338746311
28,70,1.3,0.075,0.2083920689665057,0.05527905615029193,1.4800691018931158,0.37047710812453166
29,71,1.3,0.075,0.16130212191332735,0.02590479067846494,1.168532837261918,0.19373421953931066
0,42,1.3,0.1,0.27697882666746887,0.11140200782703968,1.9517849801202314,0.7594303017717223
1,43,1.3,0.1,0.2823017059195189,0.06136117500211157,1.9557638509525652,0.4004656287207038
2,44,1.3,0.1,0.21590832193241832,0.057276858333881284,1.5678057651852833,0.3448272733852996
3,45,1.3,0.1,0.20792771439692928,0.048273740610990205,1.4612117588719964,0.33005572049954873
4,46,1.3,0.1,0.19412810400755035,0.09736352692298211,1.4202594175053733,0.6833086780624963
5,47,1.3,0.1,0.21548708832584498,0.04716262056352002,1.5451804861445462,0.3042693202834577
6,48,1.3,0.1,0.2305734989648033,0.09005638698161131,1.6158799171842653,0.5020245616847719
7,49,1.3,0.1,0.20566352843867075,0.09391970830170673,1.4811850824697126,0.615431203051506
8,50,1.3,0.1,0.20451130980107024,0.08035830731085924,1.4514941901490679,0.5383827108071441
9,51,1.3,0.1,0.16604752253458838,0.047735280593776255,1.2217901883310591,0.26809213887683125
10,52,1.3,0.1,0.18485301933657516,0.09432471039643688,1.331277154556734,0.6455353398138499
11,53,1.3,0.1,0.2084973243810453,0.07754652096824413,1.47240049872608,0.5482000994496385
12,54,1.3,0.1,0.17013375810269685,0.0569298101954841,1.249075498329683,0.3645306900133757
13,55,1.3,0.1,0.17322830483163468,0.052013850235547734,1.2435559077010943,0.35488536995829223
14,56,1.3,0.1,0.1666326116653558,0.02741636134962073,1.208153719418802,0.20988736884770826
15,57,1.3,0.1,0.21337752030547463,0.11462204334024916,1.5379119842723887,0.7871140417301656
16,58,1.3,0.1,0.1604209143386875,0.07245144616852507,1.1862789496537696,0.5136194750341972
17,59,1.3,0.1,0.22159980884593958,0.13330289800729722,1.5796823609465396,0.8914585881756177
18,60,1.3,0.1,0.1899048438602191,0.05792454993444208,1.3946774730790958,0.41750327674452065
19,61,1.3,0.1,0.21414277330097115,0.06569706374975665,1.5310855421045015,0.4112741524337443
20,62,1.3,0.1,0.1362063862063862,0.039750697272774825,0.9800224158557492,0.26245015070323074
21,63,1.3,0.1,0.15222756727102865,0.056633049495891874,1.1295405516387298,0.3927679833751805
22,64,1.3,0.1,0.13700726470554264,0.03497058140065236,1.020270896134345,0.28986399977870836
23,65,1.3,0.1,0.1477293033645121,0.05309893809363636,1.0832917073851738,0.3575924273522534
24,66,1.3,0.1,0.13672338597284853,0.05627060131945112,1.0010774530516742,0.40041351318801266
25,67,1.3,0.1,0.17588372837621136,0.045112440030362015,1.2883388060041803,0.34015780555811126
26,68,1.3,0.1,0.18310187342445405,0.068449854569714,1.3368814190749676,0.4969128177464679
27,69,1.3,0.1,0.1692747741370757,0.0995391759696676,1.2046771934321434,0.6676560568594808
28,70,1.3,0.1,0.14659031053873778,0.07266148980201091,1.047012628204354,0.4786872701830254
29,71,1.3,0.1,0.1712272804317432,0.057466143687869016,1.2421696444374106,0.38288861587665507
0,42,1.3,0.15,0.17162269552617462,0.03349036357829144,1.2465098220597746,0.24074235117021417
1,43,1.3,0.15,0.17410127029190628,0.02801020177813672,1.2554696461182049,0.19353672964495228
2,44,1.3,0.15,0.11429785074363388,0.028737627498115523,0.8595991291172013,0.20692946333706042
3,45,1.3,0.15,0.12519515577510093,0.03679837886247372,0.9244795035830174,0.2651766446819739
4,46,1.3,0.15,0.17041426752956293,0.04358797523839652,1.2252195228294749,0.3104744452444738
5,47,1.3,0.15,0.11936931586033091,0.046216791552731985,0.8951378443656248,0.3392267575486515
6,48,1.3,0.15,0.15955590062111802,0.035923887668808045,1.200425155279503,0.2626796286555974
7,49,1.3,0.15,0.13831533109521724,0.09242542359062106,0.9834772539288668,0.6221866236812139
8,50,1.3,0.15,0.13517135431065058,0.055591155681939224,0.9960417602365093,0.38015245680560344
9,51,1.3,0.15,0.1320938854004715,0.061633653527726213,0.9388597390923253,0.42437888326977297
10,52,1.3,0.15,0.1485917328469782,0.07348880819501036,1.0831898408339078,0.5407543169121195
11,53,1.3,0.15,0.1747197918360709,0.08666729129759736,1.2400731338429012,0.6041358644432271
12,54,1.3,0.15,0.149269308201146,0.07321469959887046,1.076223667617973,0.47905814881792025
13,55,1.3,0.15,0.15843766002128573,0.12011044105395784,1.1519845598493204,0.8367810624768631
14,56,1.3,0.15,0.19529431082777937,0.10535956368029054,1.3901658649666764,0.7201459209708436
15,57,1.3,0.15,0.15764427990744098,0.11039502462434203,1.121869251962492,0.7123890807665978
16,58,1.3,0.15,0.13234088846150918,0.1304152735775348,0.9459731752809661,0.8647197806359512
17,59,1.3,0.15,0.16516402463769472,0.08660783035356358,1.2038753191607066,0.5838322987882583
18,60,1.3,0.15,0.21453778585624428,0.1300679052773294,1.520314305032358,0.9216971062398928
19,61,1.3,0.15,0.1388987071179149,0.05114208374922922,1.0223067595329307,0.3650679835451026
20,62,1.3,0.15,0.14928189094855762,0.054204876641066664,1.0986798386798386,0.3794473810690958
21,63,1.3,0.15,0.14481931514091523,0.04755276032282611,1.0671859607146608,0.3488651619253749
22,64,1.3,0.15,0.15360347874294028,0.09940182625827829,1.1263939803425616,0.7183449775681058
23,65,1.3,0.15,0.12570989808739355,0.049155118003894806,0.9493786821164317,0.35730884791081646
24,66,1.3,0.15,0.13817649642124244,0.06269386954361807,1.0061959066202908,0.44747640258314764
25,67,1.3,0.15,0.13634489642164907,0.05310270275243127,1.0268734958488084,0.3772327863363098
26,68,1.3,0.15,0.14273927757798727,0.08541435540796308,1.0544386586967232,0.5788512540001677
27,69,1.3,0.15,0.09539755869768071,0.025862530048559235,0.7041573057014822,0.1698759262692282
28,70,1.3,0.15,0.10816319644717054,0.0493615437414103,0.8091892801154895,0.3589562631655755
29,71,1.3,0.15,0.10099709043439335,0.024765419099434183,0.7340644955270228,0.1522451143594832
0,42,1.3,0.2,0.15539461215649114,0.039469948529611214,1.1599669088338374,0.3189314273518773
1,43,1.3,0.2,0.11698743785826293,0.04916333129842805,0.8710424707314444,0.3434773240173143
2,44,1.3,0.2,0.154640907954161,0.0638951333660127,1.118673742589405,0.394891915198503
3,45,1.3,0.2,0.12516580705544905,0.01605107213275773,0.9675825749548161,0.12607102491796332
4,46,1.3,0.2,0.16385725134232715,0.04800552456714715,1.2037569406441584,0.3473326711595167
5,47,1.3,0.2,0.10845877540875112,0.05165119970560556,0.8143865141388211,0.3889037626271123
6,48,1.3,0.2,0.14914596273291925,0.03906999307122122,1.112326293995859,0.30031568549963816
7,49,1.3,0.2,0.11117087529801002,0.055737172786893836,0.8151162482362674,0.39499047572691615
8,50,1.3,0.2,0.11548744049715409,0.03679073610311262,0.8555383992961275,0.2779349262493538
9,51,1.3,0.2,0.11820659842811362,0.06603034392339935,0.8929247533980742,0.48074665211337136
10,52,1.3,0.2,0.11537655476156142,0.0693872449014599,0.8335187752689631,0.47747684182211614
11,53,1.3,0.2,0.17834224690038644,0.1343035162414177,1.2472982606540746,0.9374205000253545
12,54,1.3,0.2,0.15424574677551384,0.07091749865546404,1.1593444835291256,0.5281418922269205
13,55,1.3,0.2,0.11857357567001872,0.04735087790564834,0.8574240490444867,0.3385944606194785
14,56,1.3,0.2,0.12988478149880642,0.0835126133300198,0.9242425107974224,0.5953769776178881
15,57,1.3,0.2,0.11165253671811526,0.08724404945990023,0.795892049755355,0.6198899571489966
16,58,1.3,0.2,0.10261739806612627,0.054474086911097466,0.7888396675579525,0.4007032643679119
17,59,1.3,0.2,0.1883508345465203,0.07954110105410599,1.291215746197088,0.5145144259626825
18,60,1.3,0.2,0.07689160512689926,0.06867962560502147,0.5309131652661065,0.46941568263719397
19,61,1.3,0.2,0.14164477975069908,0.032586461416628965,1.0441086562875923,0.23143740491463624
20,62,1.3,0.2,0.09232403399070066,0.02056058434762512,0.6929250687584021,0.1414469657645476
21,63,1.3,0.2,0.12114432174942695,0.034691190247501266,0.8996862271372651,0.23529159866944244
22,64,1.3,0.2,0.10058672025686337,0.05008756567971271,0.7280167584860768,0.33365183366836165
23,65,1.3,0.2,0.12257922658104148,0.04711123726734212,0.9197905905346921,0.35138254605303076
24,66,1.3,0.2,0.10045925010607064,0.060271867276900606,0.7305871611162005,0.421700403498185
25,67,1.3,0.2,0.15871780669612606,0.05807903307797016,1.1572395227989467,0.3867162927268569
26,68,1.3,0.2,0.09640777124648094,0.03928412273626168,0.7119520851133754,0.2974581957932223
27,69,1.3,0.2,0.11000530932486408,0.04322556302727234,0.8371792170929824,0.31639359467481054
28,70,1.3,0.2,0.11627434269713761,0.07002670927909135,0.8350081755004378,0.5076904527770033
29,71,1.3,0.2,0.0961078590110848,0.05072149219724814,0.7392823570946297,0.32964282035972264
0,42,1.3,0.25,0.10271372631600058,0.047777636306910204,0.7510026999383301,0.33615308802606875
1,43,1.3,0.25,0.11505707906043425,0.07200316288630783,0.8697352487987839,0.5387595920362072
2,44,1.3,0.25,0.13276549421127734,0.05709857073098371,0.9638599820527531,0.32066616367085654
3,45,1.3,0.25,0.09555969293755195,0.03075447781037823,0.7227453189079742,0.21696956278447724
4,46,1.3,0.25,0.12460700944585881,0.07184969412481906,0.9273910982099661,0.5687993734300913
5,47,1.3,0.25,0.07581028373888986,0.014368550862915679,0.5602913778970116,0.11005772628636992
6,48,1.3,0.25,0.14195548654244308,0.03795171331495346,1.0916420289855073,0.26006622747533137
7,49,1.3,0.25,0.10973702135941225,0.03356320465014114,0.8330844159003552,0.25957298281855407
8,50,1.3,0.25,0.11064978180711926,0.07629521280094956,0.795217444321999,0.5264369176692921
9,51,1.3,0.25,0.12505087525703215,0.07828708181851299,0.9313903726919872,0.5388433282241843
10,52,1.3,0.25,0.12056345309914467,0.11398626720237964,0.875657235404071,0.8276996219964975
11,53,1.3,0.25,0.1313988569569965,0.06591850991902658,0.9696889955006235,0.4644102903721874
12,54,1.3,0.25,0.10493865179973896,0.05982493329420041,0.7724742372956349,0.41765221635425215
13,55,1.3,0.25,0.08948519842244589,0.08731459956548945,0.6663079246912993,0.6121517429257746
14,56,1.3,0.25,0.10626145630666062,0.09252390802014664,0.7820357494722027,0.6623058412859454
15,57,1.3,0.25,0.11547903225861685,0.06410997281242627,0.8605008447390887,0.455366900245086
16,58,1.3,0.25,0.06316200250450771,0.046823130006669385,0.46683447454268123,0.34942596188215275
17,59,1.3,0.25,0.11153802275001785,0.036872079355147226,0.8402001936082302,0.2737881083979862
18,60,1.3,0.25,0.0832041656788107,0.048851754891617055,0.620643075202913,0.36285196094597183
19,61,1.3,0.25,0.11936027559027898,0.05025738707093228,0.8723519520507554,0.33502001823544414
20,62,1.3,0.25,0.0808361391694725,0.019065286730116333,0.6223876432209765,0.1313803748466932
21,63,1.3,0.25,0.09863120159038814,0.023190275346181653,0.7391569410194851,0.14383457443172987
22,64,1.3,0.25,0.10814882829192798,0.05681077482530416,0.8137495235785316,0.3974990747955994
23,65,1.3,0.25,0.09324968588580204,0.02737720968188986,0.6813455605193355,0.19553402452660074
24,66,1.3,0.25,0.08370196787824769,0.043623566617330044,0.6063956156878546,0.3213781811510083
25,67,1.3,0.25,0.10942353438792748,0.013271608703845668,0.8191932063909434,0.11218804313681338
26,68,1.3,0.25,0.08644689225334387,0.03858400925420957,0.6579826613375,0.28513494685019863
27,69,1.3,0.25,0.11644405369188097,0.062293919766495086,0.8637896021192549,0.461646668106245
28,70,1.3,0.25,0.08660322956164765,0.04575341424726042,0.6223482617403588,0.31829941458627964
29,71,1.3,0.25,0.06307192817015761,0.029584045261957945,0.47704638823363055,0.21730816498177455
0,42,1.5,0.03,0.2291284990147857,0.0910901609947586,1.8536420338031276,0.6524636286435352
1,43,1.5,0.03,0.21835724927809724,0.03848555131617621,1.7862818831313572,0.29643772626425263
2,44,1.5,0.03,0.2263460435147182,0.06601079178261739,1.8439819718434176,0.5169645121162937
3,45,1.5,0.03,0.21969707417182532,0.0867241593831573,1.7309897918705341,0.6011598214032322
4,46,1.5,0.03,0.3055967962597254,0.11709431699002934,2.399066162649599,0.8398518560811528
5,47,1.5,0.03,0.25328401968761366,0.0875828152543776,2.000931944272158,0.6373623024533103
6,48,1.5,0.03,0.20071221532091096,0.08637468460109139,1.682577122153209,0.6767533751171312
7,49,1.5,0.03,0.17335133557144944,0.0772418793817068,1.3799391208096141,0.6093414685420855
8,50,1.5,0.03,0.2818214718962268,0.05459026783998978,2.2136200452164823,0.406881394996331
9,51,1.5,0.03,0.22865980844769745,0.09250146383719368,1.7894999069264865,0.7413670595882299
10,52,1.5,0.03,0.2311865910155026,0.09190904387475503,1.8777393249851488,0.6961464227166548
11,53,1.5,0.03,0.2751865808609995,0.12590039432152458,2.1928797752634965,0.8791823666226091
12,54,1.5,0.03,0.19738541182717198,0.0697755875906522,1.5993181566779497,0.6179499195009346
13,55,1.5,0.03,0.21966902233423138,0.05519189194200344,1.7473073687390273,0.3630172142181056
14,56,1.5,0.03,0.2254814201542686,0.05999041484843037,1.8538987595038012,0.5446893571807893
15,57,1.5,0.03,0.26003320619995446,0.018398288864256474,2.134501283248829,0.13246692434847762
16,58,1.5,0.03,0.23706528420654163,0.05949045357554617,1.9202201376717454,0.4789310211551019
17,59,1.5,0.03,0.2674704811515019,0.06526276890725748,2.1106120143404867,0.4821499996600178
18,60,1.5,0.03,0.15151181475725087,0.06447529938086305,1.28137336857418,0.5242456091187909
19,61,1.5,0.03,0.23297753947296043,0.032261625713617785,1.8707420676451274,0.22765663002677414
20,62,1.5,0.03,0.17327394827394826,0.04515453144815043,1.473217523217523,0.35457527755067986
21,63,1.5,0.03,0.21264378492100566,0.056072352263910615,1.744008262450255,0.42582032992236346
22,64,1.5,0.03,0.21717080720233764,0.030626395361873917,1.793645981312729,0.28945532223024717
23,65,1.5,0.03,0.23386360463492953,0.05743830648846456,1.8449186793243055,0.3784012742312941
24,66,1.5,0.03,0.22076677214316906,0.05794849683457084,1.8090391572203923,0.42762101509980976
25,67,1.5,0.03,0.24470897216584828,0.02396482579423426,1.993364404713115,0.19107240206399453
26,68,1.5,0.03,0.22740624095462808,0.057811774246618604,1.7862980030721967,0.40562848418437497
27,69,1.5,0.03,0.1745248609417815,0.045940288730359324,1.435091798701265,0.3088940311569727
28,70,1.5,0.03,0.19763974858901473,0.020177613202801533,1.584403223937795,0.14588468323907913
29,71,1.5,0.03,0.19110868777373752,0.03785970443500377,1.5610760148596676,0.31082546272448597
0,42,1.5,0.05,0.23927044006237183,0.025472249439296466,1.9258735942521645,0.22544526038888185
1,43,1.5,0.05,0.22945216392067086,0.06606565829944211,1.8225812550522023,0.4301960827760904
2,44,1.5,0.05,0.19100541359577503,0.10252357086046456,1.5203570693028523,0.7285215192843887
3,45,1.5,0.05,0.20682369230291897,0.05491679157231979,1.6718484483376497,0.38836932427202175
4,46,1.5,0.05,0.22838642365985393,0.04769881213473438,1.916373147112708,0.3952346668065068
5,47,1.5,0.05,0.18396301996350561,0.05392238366544102,1.4737115453664749,0.3649364761338993
6,48,1.5,0.05,0.21742339544513462,0.057342923240579415,1.7540170807453417,0.40049919522114985
7,49,1.5,0.05,0.22742774777404756,0.06475647308016462,1.8506300175156913,0.4966100813378097
8,50,1.5,0.05,0.24801763215596276,0.05143767910204497,1.9531061337635336,0.39695473558593025
9,51,1.5,0.05,0.20665710995470282,0.12170745809932698,1.6317322271047499,0.8388884003612136
10,52,1.5,0.05,0.24407069809069695,0.03972085175969765,1.9296725029226038,0.3049616594363341
11,53,1.5,0.05,0.2215802801849313,0.08837141326699743,1.7660368275135716,0.6554330236542787
12,54,1.5,0.05,0.18487931682927367,0.0646355752070507,1.5001250193579787,0.47165353317916636
13,55,1.5,0.05,0.24986367942113646,0.08206336040613196,1.946240907645447,0.5352010076798055
14,56,1.5,0.05,0.20605003380662607,0.08824089710478478,1.6282732955251062,0.6697035580956084
15,57,1.5,0.05,0.318522448791967,0.04406221749843982,2.4455147739549665,0.33870830732144586
16,58,1.5,0.05,0.23053014228346175,0.07474957481374707,1.814112880400674,0.5475507338319401
17,59,1.5,0.05,0.20064519918977144,0.04436513272605326,1.61253665119455,0.302607450262183
18,60,1.5,0.05,0.17060626549470365,0.07710256671289013,1.4086392467122693,0.6285034763653763
19,61,1.5,0.05,0.21014274686068518,0.02667195441871033,1.6527292456194764,0.18725054810413366
20,62,1.5,0.05,0.14209093375760043,0.04698546938320991,1.1805076096742764,0.38750909445720516
21,63,1.5,0.05,0.18466094441970024,0.020855103161653888,1.5091965077183793,0.17007281691983997
22,64,1.5,0.05,0.20973978725615883,0.0745717377447145,1.7416325953131675,0.492025041305847
23,65,1.5,0.05,0.188155800642189,0.11777092959427829,1.4654273698171156,0.81534879155149
24,66,1.5,0.05,0.17791506522065054,0.042033376827325504,1.4626403482301047,0.3298969112304592
25,67,1.5,0.05,0.18368476005364753,0.09277313156931952,1.517931518333085,0.708540060147627
26,68,1.5,0.05,0.19718988944795396,0.05880644783433606,1.6143632798471508,0.40925546352879655
27,69,1.5,0.05,0.16896933920416393,0.0643964677862399,1.3953746171112498,0.5210664874814207
28,70,1.5,0.05,0.21679730970583422,0.041424054894786566,1.6738469096677497,0.2884752797509605
29,71,1.5,0.05,0.17377514030436658,0.06356060824504763,1.4651024434919655,0.5211238105538857
0,42,1.5,0.075,0.2418041704896991,0.044191872824572515,2.0100787670030935,0.3555679774006717
1,43,1.5,0.075,0.23100042289061656,0.06979143572135568,1.820438245959216,0.48236116254828487
2,44,1.5,0.075,0.1411598776056607,0.04576966867888912,1.2134380010886034,0.3581653804704702
3,45,1.5,0.075,0.21285233977175574,0.06960957316472487,1.6975364620142552,0.5835717372130439
4,46,1.5,0.075,0.20820783268695425,0.08856352174366708,1.6590281670592528,0.6669375030766302
5,47,1.5,0.075,0.1418531623971158,0.059967443651540296,1.162367307292028,0.4158902419698029
6,48,1.5,0.075,0.1788064182194617,0.04262306733432656,1.4989047619047622,0.31003165069570976
7,49,1.5,0.075,0.2263991874665499,0.06336976835889413,1.8318083734734594,0.4630709517830447
8,50,1.5,0.075,0.19257529453198668,0.08510099301467025,1.5690073517809513,0.6061790204670146
9,51,1.5,0.075,0.21073544641243064,0.07804852924401445,1.730258124623861,0.6290425745883158
10,52,1.5,0.075,0.24880703901569748,0.05606663130609548,1.969374395500053,0.40244479932301036
11,53,1.5,0.075,0.20035210525908198,0.057156446063915664,1.6310645904483114,0.40236752995545844
12,54,1.5,0.075,0.19334833300148227,0.08895614541411757,1.5835936594323134,0.7121468962139005
13,55,1.5,0.075,0.22018679623416668,0.041680117942859515,1.7324359099688302,0.2696240959019583
14,56,1.5,0.075,0.16227939451642728,0.061865651597555124,1.3712477128782548,0.41730671348036047
15,57,1.5,0.075,0.19656210498695498,0.06527374972267876,1.6004218810579243,0.4967827655188101
16,58,1.5,0.075,0.15846007935433626,0.07867538668544591,1.2815167477965428,0.5964906628021239
17,59,1.5,0.075,0.19406000282297314,0.07282748540200075,1.54225250274467,0.5263291920934162
18,60,1.5,0.075,0.1787557405407304,0.021373729778655037,1.5423885918003566,0.16664663105095787
19,61,1.5,0.075,0.1694052001269021,0.04950392026005031,1.363646153994706,0.38615509792066716
20,62,1.5,0.075,0.1289041205707872,0.028947048033114514,1.0558214933214933,0.24095889522073283
21,63,1.5,0.075,0.20605173740490076,0.10737535518269505,1.6820737170434423,0.7879509077527813
22,64,1.5,0.075,0.19704791933751428,0.08979215286318681,1.6172045898155527,0.7128359756226422
23,65,1.5,0.075,0.1866121038670948,0.023239881958374488,1.4952259877146445,0.138749479318079
24,66,1.5,0.075,0.16649161209658941,0.049869748616080095,1.4260068879969519,0.42384062994296345
25,67,1.5,0.075,0.21685907242166141,0.022643144397603218,1.7865192137169508,0.14134714670182322
26,68,1.5,0.075,0.19034944712364069,0.08817335137995291,1.490037681005423,0.6200161360937934
27,69,1.5,0.075,0.1737884707721296,0.025867637473806153,1.4101051330228134,0.1895383138262595
28,70,1.5,0.075,0.14932937450676262,0.06481312015550716,1.2456573761442609,0.49954228855429594
29,71,1.5,0.075,0.16411715239025448,0.039360428241448045,1.3488787356359513,0.360942368365956
0,42,1.5,0.1,0.22853862390886898,0.09385832666143182,1.8248866878249577,0.682433763869474
1,43,1.5,0.1,0.19538385116484858,0.05598298498757498,1.566182967507811,0.3464151692885827
2,44,1.5,0.1,0.1678924489165453,0.07416607192944683,1.3599774556099857,0.579989169012349
3,45,1.5,0.1,0.16863214412865518,0.058212297266992105,1.376872665137563,0.44093467949892007
4,46,1.5,0.1,0.17409873936250367,0.05586372921319167,1.419165810115238,0.44090898780161886
5,47,1.5,0.1,0.1265111976865255,0.031031613336258028,1.0445169157286691,0.24597066065440304
6,48,1.5,0.1,0.14990683229813664,0.03826929081496753,1.270105072463768,0.3007097936655832
7,49,1.5,0.1,0.17094304967644627,0.09090172894705316,1.3624793825718873,0.7422700596451348
8,50,1.5,0.1,0.15319556317999872,0.05328651553141031,1.255541051441007,0.41776268882297607
9,51,1.5,0.1,0.18364086395395562,0.11426527581195843,1.501181277415863,0.900986372061906
10,52,1.5,0.1,0.1938517067815952,0.07586152955824853,1.5637932496957987,0.6245971395336416
11,53,1.5,0.1,0.22697910616515266,0.05689814117039617,1.8048974126648545,0.44094828138933784
12,54,1.5,0.1,0.19738204906971085,0.03166734543633895,1.5813637530143136,0.25633445090392587
13,55,1.5,0.1,0.1348695714820291,0.04286841978236674,1.1287134743289906,0.3140248797400993
14,56,1.5,0.1,0.1307277945661023,0.024701760125648554,1.0632922548329677,0.19927763259734366
15,57,1.5,0.1,0.1700154365742263,0.07827956160009912,1.4085140289980456,0.5958399318333096
16,58,1.5,0.1,0.14653243466393365,0.0800387636537677,1.1660271382219871,0.6387760277687876
17,59,1.5,0.1,0.18529131401535662,0.05631410732876386,1.5082673185402489,0.43508701530064803
18,60,1.5,0.1,0.13313342055735564,0.052472193551890374,1.1224980023357305,0.4276569982701079
19,61,1.5,0.1,0.21602940956615518,0.05564152840086994,1.7096728900320728,0.42832995619003306
20,62,1.5,0.1,0.13162732329398993,0.039462482675953245,1.0923753715420381,0.2975814552564725
21,63,1.5,0.1,0.15972208673264315,0.061300560647786426,1.3153586172277567,0.43859745767834674
22,64,1.5,0.1,0.16385664622385457,0.07789297297637839,1.3518262822956006,0.5741751600295009
23,65,1.5,0.1,0.1382727209269859,0.08489811315184315,1.110212201591512,0.6110834294539231
24,66,1.5,0.1,0.11085539415827976,0.06617043182656078,0.9375163699033842,0.5512783127146346
25,67,1.5,0.1,0.1731752804351317,0.03372331210594775,1.4178121958486731,0.2494940662355426
26,68,1.5,0.1,0.1339153842379649,0.039198022602121144,1.1286615680164067,0.3152833634408264
27,69,1.5,0.1,0.14082414415413388,0.054854979622561785,1.1588028012604512,0.4392067080425132
28,70,1.5,0.1,0.1400702283367921,0.10861317797689142,1.137077860101451,0.823406810576374
29,71,1.5,0.1,0.12969671969186886,0.03173425883431624,1.0370924665006644,0.27579583832684323
0,42,1.5,0.15,0.21846637486274684,0.04727120454958763,1.7458495655530986,0.3783116695498549
1,43,1.5,0.15,0.15747061580583008,0.0543751225046013,1.2637615405285072,0.4300995320485592
2,44,1.5,0.15,0.16161164805743117,0.07798982467552047,1.3050894052400075,0.5701426549298555
3,45,1.5,0.15,0.1307766320481389,0.0637415403707646,1.0959275399331478,0.5026045749399674
4,46,1.5,0.15,0.1465751544568433,0.04747655404795359,1.2006417761149046,0.38647874894078155
5,47,1.5,0.15,0.1513301859222209,0.06948829876186051,1.2845523915582195,0.5865901646583741
6,48,1.5,0.15,0.15883643892339544,0.054564150761033055,1.3329937888198757,0.40689818663621025
7,49,1.5,0.15,0.11969663796039506,0.06588370925353608,1.0067772344669879,0.49245502857873147
8,50,1.5,0.15,0.12770890532436072,0.0456602523589529,1.06296087171117,0.37555933569752326
9,51,1.5,0.15,0.12026910146263434,0.04158395841389577,0.9563209479518342,0.2947040168123327
10,52,1.5,0.15,0.17313066423522466,0.10907521579020128,1.4158063969866757,0.8505041948617581
11,53,1.5,0.15,0.1530248201410992,0.06616242402873378,1.2551572690875017,0.5018929407482741
12,54,1.5,0.15,0.139134399681423,0.033115202355653905,1.1407631247096301,0.2974275737972815
13,55,1.5,0.15,0.11153838238737539,0.043915219740380734,0.9153440123909675,0.3775066139911794
14,56,1.5,0.15,0.09870505443556733,0.060092866639482496,0.8366206620579266,0.4940436092378712
15,57,1.5,0.15,0.099440669938297,0.05635181854037351,0.8448096055126569,0.4683631057031912
16,58,1.5,0.15,0.13065930550013097,0.06806877634038189,1.0688874541978044,0.529558927317286
17,59,1.5,0.15,0.12665004068362593,0.026091452153509775,1.0769974609512443,0.2310825627639936
18,60,1.5,0.15,0.12830940526680892,0.056712695052815676,1.1107356673076754,0.5015251767155131
19,61,1.5,0.15,0.1619040580299585,0.026473124286588455,1.3378288031577454,0.16850692892829655
20,62,1.5,0.15,0.15064503397836732,0.05221274757146989,1.278477540977541,0.3973009956127226
21,63,1.5,0.15,0.09779600882100528,0.018289643026917105,0.8112032918536061,0.13216929797088292
22,64,1.5,0.15,0.14273413949620595,0.09899894192225529,1.1704436783202246,0.7800740074154807
23,65,1.5,0.15,0.07984887616920286,0.02925819239628028,0.6935646726232025,0.2130691899187574
24,66,1.5,0.15,0.10398967746920973,0.04800016691808972,0.8327164238557121,0.39771086293284097
25,67,1.5,0.15,0.14229620013367442,0.02857890611732782,1.1772870537350677,0.2167963326890713
26,68,1.5,0.15,0.10064353548224517,0.027003411663312816,0.8669436840404583,0.24905788075340743
27,69,1.5,0.15,0.11023644167802744,0.04422374923680097,0.9231056646682184,0.33388559949549257
28,70,1.5,0.15,0.10431838730296872,0.06741246109710453,0.8404395003096298,0.5274217238748371
29,71,1.5,0.15,0.10521404083130981,0.05239488200291291,0.8612949814441446,0.38172167709495164
0,42,1.5,0.2,0.14119123184372948,0.0856307041976969,1.1163636443401572,0.6667989094785581
1,43,1.5,0.2,0.11611168557942997,0.043266959856947076,0.9522267861262828,0.3376745417088709
2,44,1.5,0.2,0.11954631713667858,0.02261404523242002,0.9958940156229312,0.158631240443479
3,45,1.5,0.2,0.14422476352165128,0.04519318106056776,1.1728680381389571,0.3511350032188728
4,46,1.5,0.2,0.15711160547875674,0.05167854004437586,1.3175687580797386,0.48035211656690424
5,47,1.5,0.2,0.09574419114244273,0.047266603674261005,0.7759795712624756,0.3798085079504943
6,48,1.5,0.2,0.15503209109730848,0.03965020353378054,1.3237520703933747,0.300032606702633
7,49,1.5,0.2,0.09137972558750547,0.05296174117819558,0.7161323164501534,0.3762730024691408
8,50,1.5,0.2,0.09555746166634478,0.03405061762313795,0.8262379747762212,0.27840773273359065
9,51,1.5,0.2,0.1644923123497467,0.07717621667165857,1.293912439593543,0.6271728663917117
10,52,1.5,0.2,0.12269066458997675,0.05944203956343761,1.0357750092100708,0.5121615142986178
11,53,1.5,0.2,0.15552411929156115,0.09300190030244793,1.2256283135469181,0.6824037309301453
12,54,1.5,0.2,0.1383327360014159,0.07694017356870944,1.1512020530519236,0.6398226292169643
13,55,1.5,0.2,0.12421379363272038,0.028530178098312757,1.0577319595320667,0.24233331445475262
14,56,1.5,0.2,0.07869785155441486,0.03559648688492129,0.6550053952615529,0.323854474671613
15,57,1.5,0.2,0.10048790226580957,0.07880922704136437,0.8194164817015299,0.5921324471135817
16,58,1.5,0.2,0.07281073856021865,0.035233690654823915,0.640878751707419,0.31018794418654594
17,59,1.5,0.2,0.11733577028320438,0.060139389843777015,0.9773013224178371,0.5158584807977408
18,60,1.5,0.2,0.08117582665250009,0.048167223370207984,0.6944534010051251,0.4109368841851585
19,61,1.5,0.2,0.15956184371900947,0.06576781469860417,1.27555757354802,0.5136290295968261
20,62,1.5,0.2,0.0918279251612585,0.03738913931574986,0.8038154746488079,0.31781136461796744
21,63,1.5,0.2,0.10633504339891149,0.03239998920269951,0.9022406457873906,0.2730751285371537
22,64,1.5,0.2,0.07393137220932515,0.047730287688882204,0.6413906309552683,0.3895369703756368
23,65,1.5,0.2,0.09733561356973335,0.048233403084210986,0.8024197263716321,0.36660699150608905
24,66,1.5,0.2,0.0898843171065988,0.05920332330919593,0.7860973451974576,0.5204631467470189
25,67,1.5,0.2,0.13267635680596593,0.06087341255912162,1.082399788629018,0.454272344913658
26,68,1.5,0.2,0.08372966760063535,0.04361417615754997,0.6885256649772779,0.3585200567441132
27,69,1.5,0.2,0.08382797551628818,0.02996947323411084,0.7467512788733099,0.2577185097361143
28,70,1.5,0.2,0.09353867824890354,0.05380394908056366,0.7499003400177877,0.4200914268408324
29,71,1.5,0.2,0.062410041793985516,0.030232622595002503,0.548141300754689,0.24803524738126298
0,42,1.5,0.25,0.13194801678624613,0.0891186543354934,1.091403128117965,0.6926967297072748
1,43,1.5,0.25,0.11505707906043425,0.07200316288630783,0.9805283629999202,0.600453254332623
2,44,1.5,0.25,0.10089736234314547,0.04934172607138591,0.8656871074039747,0.37742512299656095
3,45,1.5,0.25,0.11719520967756474,0.049350941668540496,0.98457421933371,0.40533400360531374
4,46,1.5,0.25,0.15303206912687273,0.07424467143297671,1.280345809837652,0.6227487025285385
5,47,1.5,0.25,0.11390564447873823,0.054680570107333216,0.9240974174315604,0.4428198930699006
6,48,1.5,0.25,0.13213975155279503,0.040950064320255115,1.1302246376811593,0.34513343747211944
7,49,1.5,0.25,0.09863973629153895,0.03095145326715117,0.8408058434291832,0.24990572668549796
8,50,1.5,0.25,0.08673673832885839,0.05430149195705504,0.7198107837902319,0.43707986739468574
9,51,1.5,0.25,0.08598176183432969,0.0332930103176964,0.7199089263077799,0.23278411890829007
10,52,1.5,0.25,0.11323423572426519,0.08192211288324566,0.9513784412865391,0.691758614406691
11,53,1.5,0.25,0.12707817763631718,0.06126378003228812,1.0550953000487886,0.4893379771959526
12,54,1.5,0.25,0.06350947987876375,0.046754207725392016,0.5744604765381297,0.4269797730586355
13,55,1.5,0.25,0.09691643064538061,0.03724879538193525,0.8092429549142943,0.3299226328768189
14,56,1.5,0.25,0.08762448427646921,0.06201926590873788,0.788017496653834,0.5349408992445819
15,57,1.5,0.25,0.08712838746961589,0.06458832922652069,0.7326040412150409,0.5354649143677696
16,58,1.5,0.25,0.09132086118968219,0.04560367615442659,0.8048776107910646,0.38131464070641685
17,59,1.5,0.25,0.09103892055581385,0.039683158995123806,0.7451921848795213,0.3119836905777503
18,60,1.5,0.25,0.0928400200205474,0.05211897208139878,0.7977285752336463,0.4709470212016625
19,61,1.5,0.25,0.10103888107166695,0.027696112489003097,0.8680101167144212,0.2280123396677382
20,62,1.5,0.25,0.07528058361391696,0.017035893252545488,0.6731543148209814,0.14206824430689655
21,63,1.5,0.25,0.08702803819538743,0.014497544611725722,0.7493426576718484,0.13805159076806478
22,64,1.5,0.25,0.10025409144982271,0.042168536496634504,0.8903228693854451,0.3758806719303054
23,65,1.5,0.25,0.09860463492949881,0.03468661274263567,0.8101800921401647,0.2645872132962136
24,66,1.5,0.25,0.07549662388498027,0.04178932086718426,0.6293930149866203,0.35316448676938517
25,67,1.5,0.25,0.11821334711428082,0.019869014692266845,1.0204212840666393,0.18781001263850094
26,68,1.5,0.25,0.08169895202153268,0.04013743787237416,0.7164190154512735,0.31361435620964245
27,69,1.5,0.25,0.12393905702299354,0.05443104724320714,1.0371104567705711,0.45525668770342076
28,70,1.5,0.25,0.08664845796508501,0.04949785871577303,0.7228509857787573,0.39875374154362875
29,71,1.5,0.25,0.06826396230956018,0.03710870487254831,0.6183317382383596,0.315790279414445
