run_id,seed,final_mean_cooperation,final_std_cooperation_between_communities,final_mean_payoff,expected_global_cooperation,observed_global_cooperation,num_intercommunity_edges,corr_size_cooperation,corr_degree_cooperation,intercommunity_mutual_coop_rate,mean_external_payoff,corr_climate_cooperation,std_climate,avg_degree,channel,b,Tin,social_adaptation_rate,epsilon_perception,epsilon_execution,delta_D,delta_pi,rho,num_epochs,rounds_per_epoch,het_b_lo,het_b_hi,spread,eta_s,rho_s
5,501000,0.1895850832861234,0.0467137404442521,2.3629111492758885,0.3103780224037415,0.26,157,-0.0276739784651279,0.0267696758595504,0.0573248407643312,1.08,0.0878419011818642,0.2572937832622239,3.14,social,2.5,800,0.1,0.02,0.01,0.05,0.1,0.0,10,120,1.5,3.5,1.0,0.1,0.0
0,1000,0.1810450718147175,0.0431740059139388,2.268630636069405,0.2731021872690072,0.25,156,0.0934648471622942,-0.0108541113436757,0.0833333333333333,1.295,0.1026022262101385,0.2543861279214818,3.12,social,2.5,800,0.1,0.02,0.01,0.05,0.1,0.0,10,120,1.5,3.5,1.0,0.1,0.0
8,801000,0.1875291167251797,0.0511659869906666,2.3692980386165576,0.2720598351820235,0.27,151,-0.0109402712472854,0.1359696798701432,0.0529801324503311,1.09,-0.0430655219353495,0.2722812369563111,3.02,social,2.5,800,0.1,0.02,0.01,0.05,0.1,0.0,10,120,1.5,3.5,1.0,0.1,0.0
9,901000,0.1820328824586938,0.0428307203973817,2.2946358565763902,0.2685646019310352,0.26,146,0.0744506187995495,0.0588685240586922,0.0958904109589041,1.06,0.0476072481669098,0.3135057501768533,2.92,social,2.5,800,0.1,0.02,0.01,0.05,0.1,0.0,10,120,1.5,3.5,1.0,0.1,0.0
1,101000,0.1815155864842034,0.0466665396249359,2.278980042876165,0.2857039736268006,0.27,164,0.0379112481815855,-0.0054486841976747,0.0792682926829268,1.19,-0.0085051572337691,0.2900025002031934,3.28,social,2.5,800,0.1,0.02,0.01,0.05,0.1,0.0,10,120,1.5,3.5,1.0,0.1,0.0
3,301000,0.1792402924681169,0.0438907235075016,2.268091260903489,0.2907938884834738,0.39,164,0.0937556633916435,-0.1180176784486955,0.1951219512195122,1.78,0.0010131912936307,0.2883406846475662,3.28,social,2.5,800,0.1,0.02,0.01,0.05,0.1,0.0,10,120,1.5,3.5,1.0,0.1,0.0
2,201000,0.1836598756610681,0.0414991947202633,2.3279660893791028,0.2477147020739034,0.22,152,0.0646318209383666,-0.1484286917706712,0.0394736842105263,1.02,-0.0431051448286068,0.3049835997835932,3.04,social,2.5,800,0.1,0.02,0.01,0.05,0.1,0.0,10,120,1.5,3.5,1.0,0.1,0.0
4,401000,0.1848840572246825,0.0452389405663931,2.3290289347541027,0.2410507936447903,0.33,155,-0.032913994824431,-0.2092195508911424,0.064516129032258,1.31,-0.0725174893860786,0.3154125109350522,3.1,social,2.5,800,0.1,0.02,0.01,0.05,0.1,0.0,10,120,1.5,3.5,1.0,0.1,0.0
7,701000,0.1816128353850113,0.0386185213178597,2.2876785559438044,0.2670801151919869,0.34,137,0.0893863286416731,-0.1008382641675852,0.0948905109489051,1.1,0.0211859739968857,0.2797355256341045,2.74,social,2.5,800,0.1,0.02,0.01,0.05,0.1,0.0,10,120,1.5,3.5,1.0,0.1,0.0
6,601000,0.1863558841155024,0.0462830677129873,2.3188501516617115,0.3138088648920301,0.31,165,-0.1166479099766575,0.0653606359375331,0.0848484848484848,1.42,-0.0431417541003514,0.280205840600384,3.3,social,2.5,800,0.1,0.02,0.01,0.05,0.1,0.0,10,120,1.5,3.5,1.0,0.1,0.0
10,1001000,0.1835994262279778,0.0473105426480069,2.307869487297657,0.2508578994440132,0.28,153,0.0662142671721855,-0.0503923364168851,0.0588235294117647,1.02,-0.0950766045303219,0.2879241099594853,3.06,social,2.5,800,0.1,0.02,0.01,0.05,0.1,0.0,10,120,1.5,3.5,1.0,0.1,0.0
13,1301000,0.1849594698266701,0.0482423117746827,2.314460906462565,0.2689945182165243,0.24,142,0.0433877137288358,0.2543780427193008,0.0704225352112676,0.935,0.0270970365492297,0.3191635242588703,2.84,social,2.5,800,0.1,0.02,0.01,0.05,0.1,0.0,10,120,1.5,3.5,1.0,0.1,0.0
11,1101000,0.18865770027945,0.0466932048471561,2.365336515546691,0.2584517214209496,0.2,155,-0.2712440393478083,0.1479648460000684,0.0580645161290322,0.96,-0.168482927722867,0.2965985950506954,3.1,social,2.5,800,0.1,0.02,0.01,0.05,0.1,0.0,10,120,1.5,3.5,1.0,0.1,0.0
12,1201000,0.1900971603419526,0.0516854952346302,2.3889620604980144,0.2587437968476205,0.23,120,-0.0904316001105858,0.068990601261844,0.075,0.885,-0.1577316677966102,0.3179475535465346,2.4,social,2.5,800,0.1,0.02,0.01,0.05,0.1,0.0,10,120,1.5,3.5,1.0,0.1,0.0
19,1901000,0.1937436475430607,0.04623913724919,2.4225692141328805,0.2983480546582912,0.25,140,-0.1313874710439185,-0.0639234735745107,0.0285714285714285,0.905,-0.056313954525728,0.2416515340074189,2.8,social,2.5,800,0.1,0.02,0.01,0.05,0.1,0.0,10,120,1.5,3.5,1.0,0.1,0.0
18,1801000,0.1806403572343746,0.0461186942198068,2.2824951617659948,0.2599399238649229,0.24,147,-0.1569305012862438,-0.0913693541769388,0.0476190476190476,1.085,-0.1231991083479394,0.2914089946667187,2.94,social,2.5,800,0.1,0.02,0.01,0.05,0.1,0.0,10,120,1.5,3.5,1.0,0.1,0.0
21,2101000,0.180719348405211,0.0472753572122004,2.2936216681045165,0.2556659187519494,0.29,141,0.0108413985157409,0.0317157029991379,0.1134751773049645,1.205,0.0594234839724092,0.2965010333600242,2.82,social,2.5,800,0.1,0.02,0.01,0.05,0.1,0.0,10,120,1.5,3.5,1.0,0.1,0.0
16,1601000,0.1866833087684351,0.0436858330353447,2.343502876542792,0.2637311210785008,0.24,153,-0.0745852554238064,-0.1554824983430404,0.0457516339869281,0.935,0.0018274524694541,0.2625377796313755,3.06,social,2.5,800,0.1,0.02,0.01,0.05,0.1,0.0,10,120,1.5,3.5,1.0,0.1,0.0
17,1701000,0.1779051243850575,0.0459654118548494,2.2495401882694988,0.2644382358308471,0.28,142,0.0134369983615084,0.1264908246649055,0.0985915492957746,1.15,-0.0172428980729659,0.3221758606614285,2.84,social,2.5,800,0.1,0.02,0.01,0.05,0.1,0.0,10,120,1.5,3.5,1.0,0.1,0.0
15,1501000,0.1814331222101256,0.0370081468785511,2.31103412878843,0.2413032519176925,0.24,167,-0.0572365231092246,-0.0220400245174873,0.0419161676646706,1.085,0.2004249164096837,0.2653208094824913,3.34,social,2.5,800,0.1,0.02,0.01,0.05,0.1,0.0,10,120,1.5,3.5,1.0,0.1,0.0
14,1401000,0.1898430857941678,0.0440301648252529,2.382811364623161,0.272148496077727,0.3,152,-0.0033970718954388,-0.0332532858455577,0.1184210526315789,1.245,-0.1554034557085609,0.2919636007068742,3.04,social,2.5,800,0.1,0.02,0.01,0.05,0.1,0.0,10,120,1.5,3.5,1.0,0.1,0.0
20,2001000,0.1861861446760706,0.0439726681466628,2.3545249338279697,0.3016420473895983,0.33,156,0.0488939919024715,-0.0730723608881105,0.0833333333333333,1.25,-0.1883421311909816,0.3117079238154768,3.12,social,2.5,800,0.1,0.02,0.01,0.05,0.1,0.0,10,120,1.5,3.5,1.0,0.1,0.0
5,501000,0.1895360068999074,0.0530335439088038,2.3837957393223603,0.2509598057908938,0.2,157,0.0040649202379386,-0.0189683106280824,0.0318471337579617,0.805,0.2409238549404418,0.2268629677972047,3.14,social,2.5,800,0.1,0.02,0.01,0.05,0.1,0.25,10,120,1.5,3.5,1.0,0.1,0.25
0,1000,0.1900132077768998,0.0492912199197005,2.370773216819467,0.2748388937258925,0.26,156,0.0536103316698775,0.0828870696263109,0.0705128205128205,1.24,-0.0553004568197056,0.2608526988801092,3.12,social,2.5,800,0.1,0.02,0.01,0.05,0.1,0.25,10,120,1.5,3.5,1.0,0.1,0.25
8,801000,0.1856784878949994,0.0432112807371352,2.365881243096784,0.2644811360324325,0.28,151,0.0319646378581735,0.0164002784538246,0.086092715231788,1.055,-0.0169492576160567,0.2602201992451208,3.02,social,2.5,800,0.1,0.02,0.01,0.05,0.1,0.25,10,120,1.5,3.5,1.0,0.1,0.25
9,901000,0.1833063035653898,0.0455918674899475,2.322509118804321,0.241520626896171,0.24,146,0.0373206794936337,0.0292733468716005,0.0821917808219178,1.05,-0.1419499339959742,0.3018114768336367,2.92,social,2.5,800,0.1,0.02,0.01,0.05,0.1,0.25,10,120,1.5,3.5,1.0,0.1,0.25
1,101000,0.1879811408083752,0.0402260884198122,2.360411103121093,0.3029001728949065,0.32,164,0.1936152844293486,0.2066086872834997,0.1097560975609756,1.32,0.0352527010364651,0.2952021874299214,3.28,social,2.5,800,0.1,0.02,0.01,0.05,0.1,0.25,10,120,1.5,3.5,1.0,0.1,0.25
3,301000,0.1791689096482996,0.0516560087738774,2.261289073862885,0.2457426443550946,0.34,164,0.0232310415852247,-0.1084059060179607,0.1524390243902439,1.565,-0.0239185215656538,0.2685028567212973,3.28,social,2.5,800,0.1,0.02,0.01,0.05,0.1,0.25,10,120,1.5,3.5,1.0,0.1,0.25
7,701000,0.1861438612575428,0.0473633330044298,2.348117191455884,0.260999214586097,0.32,137,0.2152018930463829,0.0210726232654955,0.0802919708029197,1.06,0.0054151604754716,0.294049327363189,2.74,social,2.5,800,0.1,0.02,0.01,0.05,0.1,0.25,10,120,1.5,3.5,1.0,0.1,0.25
4,401000,0.1965064367386594,0.0417956526995781,2.474426552604703,0.3012445469319029,0.35,155,0.0231375395759075,0.0891092113646337,0.064516129032258,1.445,-0.2116330918523281,0.3159193090366841,3.1,social,2.5,800,0.1,0.02,0.01,0.05,0.1,0.25,10,120,1.5,3.5,1.0,0.1,0.25
2,201000,0.1899468808250473,0.0481778848700734,2.388138697348582,0.2880910412713641,0.27,152,0.0171394794727194,-0.140481532783766,0.0921052631578947,1.18,0.0953640322700759,0.3302868505510959,3.04,social,2.5,800,0.1,0.02,0.01,0.05,0.1,0.25,10,120,1.5,3.5,1.0,0.1,0.25
6,601000,0.1936423398839511,0.0432202302529327,2.398651914915153,0.2973253375897149,0.33,165,-0.0835936878048325,0.0197296977517943,0.0787878787878787,1.52,-0.242857689504614,0.2864980958020742,3.3,social,2.5,800,0.1,0.02,0.01,0.05,0.1,0.25,10,120,1.5,3.5,1.0,0.1,0.25
10,1001000,0.1894513560916548,0.0425219780528283,2.364355071198049,0.2815162110111427,0.29,153,-0.1790320441665217,0.0835541110854111,0.0784313725490196,1.08,-0.0412872196912823,0.2802799678636006,3.06,social,2.5,800,0.1,0.02,0.01,0.05,0.1,0.25,10,120,1.5,3.5,1.0,0.1,0.25
11,1101000,0.1799406578881976,0.0427560984004677,2.2857360319796607,0.2772858164986724,0.29,155,0.0529666318397167,0.1083923283978513,0.1354838709677419,1.41,-0.0042210654829109,0.3264705437025008,3.1,social,2.5,800,0.1,0.02,0.01,0.05,0.1,0.25,10,120,1.5,3.5,1.0,0.1,0.25
13,1301000,0.195687768462554,0.0461464095742237,2.45241573040404,0.2744225732765214,0.25,142,0.1172497850275677,-0.0008273714454691,0.0633802816901408,0.975,0.0076319964746783,0.3001414866732375,2.84,social,2.5,800,0.1,0.02,0.01,0.05,0.1,0.25,10,120,1.5,3.5,1.0,0.1,0.25
19,1901000,0.1892891928907767,0.048042528362827,2.3711539923974216,0.2796358724303298,0.28,140,0.1885737270492125,0.1433149657703946,0.0428571428571428,1.02,0.0925740234429045,0.2463685622324949,2.8,social,2.5,800,0.1,0.02,0.01,0.05,0.1,0.25,10,120,1.5,3.5,1.0,0.1,0.25
12,1201000,0.1863580429600707,0.0449726294647738,2.340408928985664,0.3031116012299795,0.3,120,-0.066814001960643,-0.1516444558981994,0.125,0.975,-0.0871687920009795,0.3159492482721266,2.4,social,2.5,800,0.1,0.02,0.01,0.05,0.1,0.25,10,120,1.5,3.5,1.0,0.1,0.25
18,1801000,0.1861772946788286,0.0496402972705695,2.3441412979448093,0.2443850619150691,0.25,147,0.0969522960049739,0.0287248793727115,0.0408163265306122,1.065,-0.0011804455117531,0.2714086906961618,2.94,social,2.5,800,0.1,0.02,0.01,0.05,0.1,0.25,10,120,1.5,3.5,1.0,0.1,0.25
16,1601000,0.1863498621651421,0.0386110055661737,2.3466000640438893,0.2665366970147372,0.25,153,0.186615376239325,-0.0044659699603365,0.0522875816993464,1.0,0.0602796059677829,0.2749538823592317,3.06,social,2.5,800,0.1,0.02,0.01,0.05,0.1,0.25,10,120,1.5,3.5,1.0,0.1,0.25
17,1701000,0.1798640237827722,0.0448487086130882,2.2760832856498614,0.2886181421200486,0.25,142,-0.0086769337845898,0.1184427285243585,0.0845070422535211,1.11,-0.0074642994747417,0.3213174176478789,2.84,social,2.5,800,0.1,0.02,0.01,0.05,0.1,0.25,10,120,1.5,3.5,1.0,0.1,0.25
21,2101000,0.186828261876981,0.0494206984285294,2.3473637849353013,0.2657861907734371,0.28,141,-0.1205388283837113,-0.0450245142944579,0.0921985815602836,1.07,-0.2151550227379459,0.2742031451692031,2.82,social,2.5,800,0.1,0.02,0.01,0.05,0.1,0.25,10,120,1.5,3.5,1.0,0.1,0.25
15,1501000,0.1839378945658226,0.0465459542064456,2.3461576768892227,0.2856751529755989,0.26,167,-0.0270619811932109,-0.0516887806527717,0.0778443113772455,1.22,-0.0044724509755423,0.2715578981269876,3.34,social,2.5,800,0.1,0.02,0.01,0.05,0.1,0.25,10,120,1.5,3.5,1.0,0.1,0.25
20,2001000,0.1874367716526446,0.0479167323667113,2.3470256250839787,0.3241937035444022,0.35,156,-0.015807550738878,0.0591135377424162,0.1089743589743589,1.435,0.129547371982002,0.3001842658960094,3.12,social,2.5,800,0.1,0.02,0.01,0.05,0.1,0.25,10,120,1.5,3.5,1.0,0.1,0.25
14,1401000,0.1842309453957808,0.0512284859555084,2.324505223819066,0.237787078872947,0.24,152,-0.0168382855400297,-0.1276332396565449,0.0657894736842105,1.025,-0.0546306257477854,0.2866986356950257,3.04,social,2.5,800,0.1,0.02,0.01,0.05,0.1,0.25,10,120,1.5,3.5,1.0,0.1,0.25
5,501000,0.18665790753294118,0.0553504982127883,2.352182736227102,0.27905482406532556,0.24,157,-0.050618879652515276,0.20554503842724506,0.044585987261146494,1.055,0.1330065477296513,0.25473962233406466,3.14,social,2.5,800,0.1,0.02,0.01,0.05,0.1,0.5,10,120,1.5,3.5,1.0,0.1,0.5
8,801000,0.18610254566056533,0.052769496330563825,2.323168581962882,0.2723116463308109,0.26,151,-0.07271645235992125,-0.08735112504936426,0.0728476821192053,1.09,-0.05459940765519966,0.2768142417215744,3.02,social,2.5,800,0.1,0.02,0.01,0.05,0.1,0.5,10,120,1.5,3.5,1.0,0.1,0.5
0,1000,0.19069324080928854,0.04730280316271936,2.3860770093329737,0.2775603808085978,0.25,156,0.059510381960691174,-0.13458361757592763,0.057692307692307696,1.245,0.16028557348838848,0.26444828416662997,3.12,social,2.5,800,0.1,0.02,0.01,0.05,0.1,0.5,10,120,1.5,3.5,1.0,0.1,0.5
9,901000,0.17933946876095444,0.047148204010328126,2.2784891014870716,0.24209198786685157,0.24,146,0.0006246652880129154,-0.005097149881889124,0.0684931506849315,1.055,-0.10985858024201604,0.2836940640544279,2.92,social,2.5,800,0.1,0.02,0.01,0.05,0.1,0.5,10,120,1.5,3.5,1.0,0.1,0.5
1,101000,0.19391209767987921,0.053219939693016034,2.4461410664573764,0.3062033793064886,0.31,164,0.048193117233612054,0.137332829287412,0.10365853658536585,1.3,0.049704489465799064,0.2763379336510924,3.28,social,2.5,800,0.1,0.02,0.01,0.05,0.1,0.5,10,120,1.5,3.5,1.0,0.1,0.5
3,301000,0.184841414867832,0.046556662498039865,2.3456239585344103,0.2719391400729365,0.34,164,0.07612257316924975,-0.26300315375802147,0.11585365853658537,1.595,-0.26380190017537997,0.28905509757657905,3.28,social,2.5,800,0.1,0.02,0.01,0.05,0.1,0.5,10,120,1.5,3.5,1.0,0.1,0.5
7,701000,0.1799912845193095,0.0501395131790718,2.289677866802998,0.2636583496984407,0.32,137,0.25706142227510087,-0.14426221022257577,0.072992700729927,1.01,-0.13185961939464763,0.2916813985580334,2.74,social,2.5,800,0.1,0.02,0.01,0.05,0.1,0.5,10,120,1.5,3.5,1.0,0.1,0.5
4,401000,0.19065768863968938,0.04912304851785036,2.407156232725896,0.3126290406532903,0.39,155,0.1466326491219008,0.02682501130636317,0.1032258064516129,1.535,-0.25319887003523966,0.3207386526430861,3.1,social,2.5,800,0.1,0.02,0.01,0.05,0.1,0.5,10,120,1.5,3.5,1.0,0.1,0.5
2,201000,0.18853691751285534,0.046447318467672936,2.3755641631910733,0.27324638452946326,0.19,152,0.018437961868685338,-0.06281232045547061,0.03289473684210526,0.94,0.03883491838376156,0.2807495131453475,3.04,social,2.5,800,0.1,0.02,0.01,0.05,0.1,0.5,10,120,1.5,3.5,1.0,0.1,0.5
10,1001000,0.18481425821742653,0.0489650244567546,2.3476455574699293,0.2580714471303984,0.28,153,-0.14336707365365495,0.031868125254962035,0.058823529411764705,1.035,-0.17512677267687127,0.27827379446572614,3.06,social,2.5,800,0.1,0.02,0.01,0.05,0.1,0.5,10,120,1.5,3.5,1.0,0.1,0.5
6,601000,0.1870684107483184,0.046507110600158406,2.36180813991478,0.23706549350312817,0.21,165,-0.039775391049598444,-0.05686516678840307,0.04242424242424243,0.95,-0.16325882992635454,0.21151543844674725,3.3,social,2.5,800,0.1,0.02,0.01,0.05,0.1,0.5,10,120,1.5,3.5,1.0,0.1,0.5
13,1301000,0.1910694459314493,0.04791797259846413,2.4032649801445403,0.30511611084300283,0.3,142,-0.06870595182801859,-0.09816331550807669,0.09859154929577464,1.18,0.07814262634064299,0.3041475462391907,2.84,social,2.5,800,0.1,0.02,0.01,0.05,0.1,0.5,10,120,1.5,3.5,1.0,0.1,0.5
11,1101000,0.19026258159461729,0.05083932548580167,2.4079799562931012,0.2556237679064743,0.24,155,0.05788509761382155,-0.0065602717298059365,0.0967741935483871,1.155,-0.03410486512611054,0.30437900798300316,3.1,social,2.5,800,0.1,0.02,0.01,0.05,0.1,0.5,10,120,1.5,3.5,1.0,0.1,0.5
19,1901000,0.19247021243573323,0.04978880197435262,2.438687492415635,0.25252369589240603,0.27,140,-0.001856195499757826,0.07501126125352389,0.05,0.95,0.2620407442498099,0.2399453322162487,2.8,social,2.5,800,0.1,0.02,0.01,0.05,0.1,0.5,10,120,1.5,3.5,1.0,0.1,0.5
12,1201000,0.18526057373272906,0.04419133881672011,2.3448583834812466,0.30677673020899904,0.25,120,0.06521207734056374,-0.05381105056907789,0.08333333333333333,0.905,-0.036851990046959396,0.2943916227726872,2.4,social,2.5,800,0.1,0.02,0.01,0.05,0.1,0.5,10,120,1.5,3.5,1.0,0.1,0.5
18,1801000,0.180927066497749,0.052670558199409266,2.290786792076689,0.273956626660276,0.26,147,-0.005018209427788482,0.09392736364108928,0.06802721088435375,1.085,0.19609113979664503,0.27103609376673116,2.94,social,2.5,800,0.1,0.02,0.01,0.05,0.1,0.5,10,120,1.5,3.5,1.0,0.1,0.5
17,1701000,0.1937426285673845,0.05356606648996849,2.436896970403234,0.28908801259921985,0.24,142,-0.1119815602513083,-0.1686257670913773,0.056338028169014086,0.97,-0.06138973606664018,0.28553395795503933,2.84,social,2.5,800,0.1,0.02,0.01,0.05,0.1,0.5,10,120,1.5,3.5,1.0,0.1,0.5
16,1601000,0.19473415785432302,0.04330797359404869,2.4502159109724158,0.27182484035404497,0.28,153,-0.21588245382157306,-0.1474152505055155,0.0718954248366013,1.105,-0.010568285650152647,0.2791094382331104,3.06,social,2.5,800,0.1,0.02,0.01,0.05,0.1,0.5,10,120,1.5,3.5,1.0,0.1,0.5
15,1501000,0.18336618295899354,0.045828418646114755,2.3380854521920695,0.2615613419014356,0.3,167,-0.08027744107312206,0.09827876402066672,0.08383233532934131,1.375,-0.06256342921686603,0.29092094561691406,3.34,social,2.5,800,0.1,0.02,0.01,0.05,0.1,0.5,10,120,1.5,3.5,1.0,0.1,0.5
21,2101000,0.18670683892803702,0.04855752953277015,2.3394454554323287,0.28009636266888227,0.33,141,0.027245056038771302,0.08886233666746846,0.1276595744680851,1.335,-0.023553430596354577,0.31626976508612137,2.82,social,2.5,800,0.1,0.02,0.01,0.05,0.1,0.5,10,120,1.5,3.5,1.0,0.1,0.5
14,1401000,0.1903803571569435,0.052237661205445624,2.3911662545907784,0.2635402466059857,0.26,152,0.18298724256967677,-0.09071323140975232,0.07894736842105263,1.11,-0.08162356095398393,0.28251322709604476,3.04,social,2.5,800,0.1,0.02,0.01,0.05,0.1,0.5,10,120,1.5,3.5,1.0,0.1,0.5
20,2001000,0.18834375647410448,0.04678979938354016,2.3648756854448694,0.302739049663095,0.37,156,-0.014295140920527756,0.044078002638335674,0.1346153846153846,1.44,0.026925049855813458,0.318624944160671,3.12,social,2.5,800,0.1,0.02,0.01,0.05,0.1,0.5,10,120,1.5,3.5,1.0,0.1,0.5
5,501000,0.1981206259036331,0.05317439931801301,2.489147720001598,0.2808164339933306,0.23,157,-0.16531800740163116,0.12702439690061654,0.03821656050955414,0.93,0.061627411591194815,0.24038132918130906,3.14,social,2.5,800,0.1,0.02,0.01,0.05,0.1,0.75,10,120,1.5,3.5,1.0,0.1,0.75
9,901000,0.18383078181163728,0.04839864375152409,2.3226749901759245,0.2441251379395126,0.21,146,0.0196194417918701,-0.04341468188449391,0.06164383561643835,0.84,0.04977910610635941,0.2779618110255534,2.92,social,2.5,800,0.1,0.02,0.01,0.05,0.1,0.75,10,120,1.5,3.5,1.0,0.1,0.75
8,801000,0.19145025151827944,0.051980415521490436,2.431457183523003,0.24237191358477606,0.24,151,-0.28671824513199334,-0.16406780819659744,0.046357615894039736,0.95,0.1645102547704734,0.25929661632498946,3.02,social,2.5,800,0.1,0.02,0.01,0.05,0.1,0.75,10,120,1.5,3.5,1.0,0.1,0.75
0,1000,0.18305059011489339,0.048966544299541954,2.3288907519326427,0.243079553515387,0.22,156,-0.04696059552336885,0.07833915485546697,0.05128205128205128,1.15,-0.00856883795714391,0.24221793128768973,3.12,social,2.5,800,0.1,0.02,0.01,0.05,0.1,0.75,10,120,1.5,3.5,1.0,0.1,0.75
1,101000,0.20909084007579629,0.06047128496131245,2.5782695701203875,0.2682036577090224,0.25,164,-0.25852219852668784,-0.10061910420781216,0.054878048780487805,0.93,-0.016708404002118107,0.24482858906363394,3.28,social,2.5,800,0.1,0.02,0.01,0.05,0.1,0.75,10,120,1.5,3.5,1.0,0.1,0.75
7,701000,0.18853311669544442,0.05109708377514157,2.3847308982432085,0.2812786868735255,0.33,137,0.12015573428353804,-0.040246066914724314,0.0948905109489051,1.145,0.05049364865707287,0.28314724317937373,2.74,social,2.5,800,0.1,0.02,0.01,0.05,0.1,0.75,10,120,1.5,3.5,1.0,0.1,0.75
3,301000,0.1920764932083633,0.052884871387475954,2.426664783706024,0.2917214672849178,0.38,164,-0.03750074983666497,-0.22381295092930228,0.15853658536585366,1.78,-0.23572285371611562,0.2887550280817813,3.28,social,2.5,800,0.1,0.02,0.01,0.05,0.1,0.75,10,120,1.5,3.5,1.0,0.1,0.75
4,401000,0.19866011381664847,0.052438770921175624,2.50231614167032,0.27810168229731785,0.36,155,-0.08614043080362864,-0.1780625350803725,0.07096774193548387,1.33,-0.3446192413883972,0.2954439698562955,3.1,social,2.5,800,0.1,0.02,0.01,0.05,0.1,0.75,10,120,1.5,3.5,1.0,0.1,0.75
2,201000,0.1920617531660425,0.058893224975569085,2.4267935696649765,0.27113005452574457,0.27,152,0.0017918342171688935,-0.05906388843455207,0.06578947368421052,1.28,-0.2533219950417275,0.3197372499932322,3.04,social,2.5,800,0.1,0.02,0.01,0.05,0.1,0.75,10,120,1.5,3.5,1.0,0.1,0.75
6,601000,0.18338510415123438,0.05591666052774177,2.319023069086992,0.26956713273881855,0.27,165,0.06608036814355998,-0.07597829633486482,0.06666666666666667,1.21,-0.05915008914794495,0.26385400644663465,3.3,social,2.5,800,0.1,0.02,0.01,0.05,0.1,0.75,10,120,1.5,3.5,1.0,0.1,0.75
10,1001000,0.17853095138182465,0.04632135806096547,2.272723952079969,0.25686675800708836,0.28,153,-0.007762702250527233,0.04428317988460547,0.0718954248366013,1.03,0.10719911812474928,0.2588446816202428,3.06,social,2.5,800,0.1,0.02,0.01,0.05,0.1,0.75,10,120,1.5,3.5,1.0,0.1,0.75
13,1301000,0.20290829978551175,0.056709319321253844,2.534836474378736,0.28071397339975507,0.28,142,0.019700492958415,-0.17045439422162276,0.07042253521126761,1.025,-0.05905249341416194,0.3057946491880652,2.84,social,2.5,800,0.1,0.02,0.01,0.05,0.1,0.75,10,120,1.5,3.5,1.0,0.1,0.75
11,1101000,0.1912342123199315,0.058314958146358176,2.407841481411341,0.24706366723186668,0.21,155,-0.13374681642480488,-0.03832669081575009,0.03870967741935484,0.93,-0.14201294377241994,0.2919038779054312,3.1,social,2.5,800,0.1,0.02,0.01,0.05,0.1,0.75,10,120,1.5,3.5,1.0,0.1,0.75
19,1901000,0.196469972140374,0.05106210679473293,2.467541181465735,0.28234949163801426,0.25,140,-0.02964465625860109,-0.1303057892027832,0.04285714285714286,0.93,0.009470387917839612,0.22956698519197208,2.8,social,2.5,800,0.1,0.02,0.01,0.05,0.1,0.75,10,120,1.5,3.5,1.0,0.1,0.75
12,1201000,0.19047697367939612,0.05550832784605557,2.387631656620597,0.3010447989460125,0.28,120,0.0498783860334288,-0.03252757137756207,0.125,0.96,0.01228347994295242,0.3233114932980619,2.4,social,2.5,800,0.1,0.02,0.01,0.05,0.1,0.75,10,120,1.5,3.5,1.0,0.1,0.75
18,1801000,0.19112014479549558,0.052969103995727754,2.4119072040914564,0.2543482484928897,0.23,147,-0.09421870748702998,0.02902144231540689,0.04081632653061224,1.05,0.14159788938303805,0.2813929717333597,2.94,social,2.5,800,0.1,0.02,0.01,0.05,0.1,0.75,10,120,1.5,3.5,1.0,0.1,0.75
17,1701000,0.18287413983521777,0.055885229140079894,2.2947610205254243,0.24313250632479388,0.16,142,-0.0358918620540387,-0.1749723023833215,0.035211267605633804,0.595,-0.07119426846058062,0.24684505072482724,2.84,social,2.5,800,0.1,0.02,0.01,0.05,0.1,0.75,10,120,1.5,3.5,1.0,0.1,0.75
16,1601000,0.19409275880281132,0.06152703641492672,2.449763668307648,0.2778591485303348,0.26,153,-0.034434872860211053,-0.07973283080883102,0.0392156862745098,1.05,0.005980791429897807,0.27487248652038543,3.06,social,2.5,800,0.1,0.02,0.01,0.05,0.1,0.75,10,120,1.5,3.5,1.0,0.1,0.75
15,1501000,0.17943549896583266,0.040305996143206256,2.2881854397768815,0.27678860435407954,0.32,167,-0.060526047378068264,0.09743801573318817,0.09580838323353294,1.445,0.031192686035279388,0.294036133137924,3.34,social,2.5,800,0.1,0.02,0.01,0.05,0.1,0.75,10,120,1.5,3.5,1.0,0.1,0.75
21,2101000,0.1906934311068056,0.04974638481860313,2.399173214019049,0.27851493039845765,0.3,141,-0.1237460220480352,-0.05682305252205091,0.10638297872340426,1.215,-0.10778550340139272,0.30337107410097125,2.82,social,2.5,800,0.1,0.02,0.01,0.05,0.1,0.75,10,120,1.5,3.5,1.0,0.1,0.75
14,1401000,0.1815771978641196,0.05464369257139307,2.3075957894705823,0.25576686786690966,0.26,152,0.22096316239668756,-0.09626510761688492,0.07894736842105263,1.05,-0.11161056632873623,0.28130664546288453,3.04,social,2.5,800,0.1,0.02,0.01,0.05,0.1,0.75,10,120,1.5,3.5,1.0,0.1,0.75
20,2001000,0.1914937578401636,0.05235990929016258,2.407100437940645,0.2595552736488351,0.28,156,-0.10756230013252276,-0.0029381105941896158,0.057692307692307696,1.095,0.15631344565412003,0.31405224534712206,3.12,social,2.5,800,0.1,0.02,0.01,0.05,0.1,0.75,10,120,1.5,3.5,1.0,0.1,0.75
5,501000,0.3425310853966031,0.05964426112034427,3.8205536125291193,0.41049651431200784,0.34,157,-0.003881368524203305,0.10147123220228468,0.10191082802547771,1.355,0.11965913237989337,0.26049211639715997,3.14,social,2.5,800,0.3,0.02,0.01,0.05,0.1,0.0,10,120,1.5,3.5,1.0,0.3,0.0
8,801000,0.3407512322052707,0.05792996488226486,3.81021981043869,0.3631892582211967,0.35,151,-0.09441712874704701,-0.024122124863694423,0.1390728476821192,1.47,-0.014892871131703003,0.2966242011614297,3.02,social,2.5,800,0.3,0.02,0.01,0.05,0.1,0.0,10,120,1.5,3.5,1.0,0.3,0.0
0,1000,0.333120633870818,0.05944580734782055,3.7421033048670473,0.41252931106788643,0.39,156,0.1703527434471257,-0.024985977588764904,0.17307692307692307,1.74,0.046967082860666226,0.27024022324237196,3.12,social,2.5,800,0.3,0.02,0.01,0.05,0.1,0.0,10,120,1.5,3.5,1.0,0.3,0.0
9,901000,0.3346844636754154,0.05860806441655542,3.776027744514637,0.4334701649384517,0.43,146,0.22701452399621735,0.24317986517018858,0.2054794520547945,1.545,-0.039221584614959046,0.33736734886488484,2.92,social,2.5,800,0.3,0.02,0.01,0.05,0.1,0.0,10,120,1.5,3.5,1.0,0.3,0.0
1,101000,0.33411558275823916,0.05651339691243723,3.7215553309228886,0.38973255269574913,0.4,164,0.025498640188200743,0.14617218609130828,0.16463414634146342,1.62,-0.18478781468883262,0.3024400040243998,3.28,social,2.5,800,0.3,0.02,0.01,0.05,0.1,0.0,10,120,1.5,3.5,1.0,0.3,0.0
3,301000,0.33938654091408815,0.05782274660738549,3.7881111086318033,0.38081576499246705,0.5,164,-0.1281910257027746,-0.3187368353546449,0.21951219512195122,2.04,-0.19699313682281475,0.3028835769582521,3.28,social,2.5,800,0.3,0.02,0.01,0.05,0.1,0.0,10,120,1.5,3.5,1.0,0.3,0.0
2,201000,0.3372469799807626,0.07328842507285548,3.754605927508877,0.3744931889699527,0.37,152,-0.23236717312773145,0.12098091151355873,0.14473684210526316,1.625,0.03728319934555583,0.3489076647216523,3.04,social,2.5,800,0.3,0.02,0.01,0.05,0.1,0.0,10,120,1.5,3.5,1.0,0.3,0.0
7,701000,0.3351515433222955,0.05975594030932422,3.741767328195475,0.397500328759118,0.46,137,-0.12623587210513482,0.33103574946186276,0.20437956204379562,1.61,0.041324494390998404,0.33700348793164653,2.74,social,2.5,800,0.3,0.02,0.01,0.05,0.1,0.0,10,120,1.5,3.5,1.0,0.3,0.0
4,401000,0.34193480791124514,0.06256286155717376,3.820794045664055,0.36536135842845857,0.47,155,-0.2333086072974059,0.08229940212920364,0.16129032258064516,1.775,-0.0850918586266308,0.30795941898870155,3.1,social,2.5,800,0.3,0.02,0.01,0.05,0.1,0.0,10,120,1.5,3.5,1.0,0.3,0.0
10,1001000,0.33688187710157486,0.059702859014367386,3.7567734053990525,0.34894043818467924,0.4,153,-0.29871784530184037,-0.23788771975933656,0.13725490196078433,1.29,0.10742006070498797,0.30878376169432453,3.06,social,2.5,800,0.3,0.02,0.01,0.05,0.1,0.0,10,120,1.5,3.5,1.0,0.3,0.0
6,601000,0.3325059761435311,0.051637313219470536,3.7200978138696854,0.42554224492886566,0.41,165,0.012279989354181831,-0.007821415555242904,0.21818181818181817,1.965,0.01715762154915462,0.30851996637258583,3.3,social,2.5,800,0.3,0.02,0.01,0.05,0.1,0.0,10,120,1.5,3.5,1.0,0.3,0.0
13,1301000,0.34491440919340705,0.04991971193531511,3.8557238267249083,0.3624897071484232,0.32,142,-0.1505125360162678,-0.03465239993843378,0.11267605633802817,1.28,-0.01972942332897634,0.3196690353931804,2.84,social,2.5,800,0.3,0.02,0.01,0.05,0.1,0.0,10,120,1.5,3.5,1.0,0.3,0.0
11,1101000,0.3404613198929919,0.061287187813155314,3.8130609929103154,0.3948646394422984,0.38,155,0.09177700463950283,-0.09420342362812643,0.14838709677419354,1.585,-0.029773602642250797,0.3307652185454948,3.1,social,2.5,800,0.3,0.02,0.01,0.05,0.1,0.0,10,120,1.5,3.5,1.0,0.3,0.0
19,1901000,0.3352132715734786,0.058702504267071874,3.7610340642058513,0.3896722116942564,0.35,140,-0.043791106243969924,-0.07410554325783161,0.08571428571428572,1.185,0.0679352710534746,0.28349840209930394,2.8,social,2.5,800,0.3,0.02,0.01,0.05,0.1,0.0,10,120,1.5,3.5,1.0,0.3,0.0
18,1801000,0.33604667002592115,0.06020114459780237,3.753431297866746,0.3703851428200772,0.39,147,0.023636962952329102,-0.09960063815794033,0.10884353741496598,1.505,-0.2572994022603995,0.3189003209709044,2.94,social,2.5,800,0.3,0.02,0.01,0.05,0.1,0.0,10,120,1.5,3.5,1.0,0.3,0.0
12,1201000,0.33578807366028096,0.054209403938274864,3.788763421232792,0.3852531510286735,0.4,120,0.00024063219695066572,0.08854170318712053,0.225,1.395,-0.044783493446909274,0.372142354963771,2.4,social,2.5,800,0.3,0.02,0.01,0.05,0.1,0.0,10,120,1.5,3.5,1.0,0.3,0.0
17,1701000,0.3419574703148192,0.07087363878671724,3.8188437073270216,0.41757633652743104,0.39,142,-0.09707805009537919,0.0795265403179642,0.16901408450704225,1.62,-0.12138490016666231,0.33689459102965874,2.84,social,2.5,800,0.3,0.02,0.01,0.05,0.1,0.0,10,120,1.5,3.5,1.0,0.3,0.0
16,1601000,0.3317531090944399,0.0568391140814672,3.7238113967397313,0.40487975686785743,0.42,153,-0.10135359051759053,-0.14952519205324238,0.1568627450980392,1.65,-0.011646382882413042,0.32170508109382684,3.06,social,2.5,800,0.3,0.02,0.01,0.05,0.1,0.0,10,120,1.5,3.5,1.0,0.3,0.0
15,1501000,0.3460201502949116,0.06160363178057994,3.864650011506923,0.37252644132617385,0.37,167,-0.07424619133667863,0.03477018027321765,0.1377245508982036,1.585,-0.03681770645590585,0.2967222202055633,3.34,social,2.5,800,0.3,0.02,0.01,0.05,0.1,0.0,10,120,1.5,3.5,1.0,0.3,0.0
21,2101000,0.33998237007023896,0.055934540201361835,3.7895596078516913,0.4106163919669524,0.48,141,-0.08989197748505083,-0.019095681543375296,0.22695035460992907,1.81,-0.07257341739684392,0.32933409204085323,2.82,social,2.5,800,0.3,0.02,0.01,0.05,0.1,0.0,10,120,1.5,3.5,1.0,0.3,0.0
20,2001000,0.33285937276926447,0.06093719155456156,3.7166710573921815,0.3458646303697531,0.37,156,-0.11105043070764907,0.09583139447129971,0.1282051282051282,1.435,0.013450013258127105,0.31236024371246424,3.12,social,2.5,800,0.3,0.02,0.01,0.05,0.1,0.0,10,120,1.5,3.5,1.0,0.3,0.0
14,1401000,0.33101725429170137,0.06617801582861255,3.7132779743248108,0.3928538568480896,0.4,152,-0.1015054398206737,0.02245319784130915,0.20394736842105263,1.625,0.024715728658080596,0.3080670602566177,3.04,social,2.5,800,0.3,0.02,0.01,0.05,0.1,0.0,10,120,1.5,3.5,1.0,0.3,0.0
5,501000,0.34381785205282933,0.07094612006813017,3.834803998347579,0.37565085624010564,0.32,157,-0.1505295151321979,0.05602458863949025,0.08280254777070063,1.28,0.131656103748893,0.2650619967083784,3.14,social,2.5,800,0.3,0.02,0.01,0.05,0.1,0.25,10,120,1.5,3.5,1.0,0.3,0.25
0,1000,0.3375787448417216,0.05986956591519504,3.815761040375455,0.3869920895594756,0.39,156,0.07167711674794121,-0.08849135536568195,0.16666666666666666,1.72,0.10161756102613774,0.2698032484865352,3.12,social,2.5,800,0.3,0.02,0.01,0.05,0.1,0.25,10,120,1.5,3.5,1.0,0.3,0.25
8,801000,0.3464190862611882,0.07254681214064211,3.8609411269544878,0.4129128555088175,0.42,151,-0.007177675719959056,-0.09639533659755514,0.17218543046357615,1.555,0.16000681980633102,0.2995206147084867,3.02,social,2.5,800,0.3,0.02,0.01,0.05,0.1,0.25,10,120,1.5,3.5,1.0,0.3,0.25
9,901000,0.33427010843056165,0.07093824512008748,3.762949250302942,0.3743410590217212,0.38,146,0.008571838628804604,-0.03277880413120221,0.1780821917808219,1.465,0.051035128247803256,0.3386086370470966,2.92,social,2.5,800,0.3,0.02,0.01,0.05,0.1,0.25,10,120,1.5,3.5,1.0,0.3,0.25
1,101000,0.3340269924659755,0.06394121684772529,3.7759608734168357,0.3797769201005087,0.4,164,0.0010832356246700421,0.054166572661593464,0.18292682926829268,1.62,-0.04092769636099505,0.3196703333258682,3.28,social,2.5,800,0.3,0.02,0.01,0.05,0.1,0.25,10,120,1.5,3.5,1.0,0.3,0.25
3,301000,0.34281962762131263,0.06449202806873071,3.849703720416806,0.38255522807552217,0.47,164,-0.025176334514973323,-0.21519181640295934,0.24390243902439024,2.06,-0.016982781303097966,0.2904118543666779,3.28,social,2.5,800,0.3,0.02,0.01,0.05,0.1,0.25,10,120,1.5,3.5,1.0,0.3,0.25
4,401000,0.3456906732380417,0.06435102012743348,3.906276418909891,0.4253061877419605,0.53,155,0.10619047232800856,0.004159870209657962,0.23225806451612904,1.935,-0.06330631782116385,0.30608176934062853,3.1,social,2.5,800,0.3,0.02,0.01,0.05,0.1,0.25,10,120,1.5,3.5,1.0,0.3,0.25
7,701000,0.3294872448824785,0.0593975073652693,3.7265083626798106,0.3608885319263312,0.42,137,-0.0670903908095267,0.08270229017518162,0.145985401459854,1.42,-0.003038704132923793,0.314637896413774,2.74,social,2.5,800,0.3,0.02,0.01,0.05,0.1,0.25,10,120,1.5,3.5,1.0,0.3,0.25
2,201000,0.3377275986986452,0.06799740178497231,3.8018972039226107,0.4027623417793141,0.4,152,-0.06219722539884607,-0.003439872930961636,0.18421052631578946,1.67,-0.17006564069792476,0.3408738000814782,3.04,social,2.5,800,0.3,0.02,0.01,0.05,0.1,0.25,10,120,1.5,3.5,1.0,0.3,0.25
6,601000,0.3448885338617215,0.06579171583526719,3.8545071872893084,0.40404045466405525,0.37,165,-0.09128798029646673,-0.15763285540047167,0.1393939393939394,1.78,0.05801441196889952,0.31877793687715966,3.3,social,2.5,800,0.3,0.02,0.01,0.05,0.1,0.25,10,120,1.5,3.5,1.0,0.3,0.25
10,1001000,0.3315207228137496,0.06452417776326103,3.725341228435684,0.34908875019113134,0.38,153,-0.23770857064056264,-0.15651943614706565,0.12418300653594772,1.22,0.06416657813134496,0.3165609931939869,3.06,social,2.5,800,0.3,0.02,0.01,0.05,0.1,0.25,10,120,1.5,3.5,1.0,0.3,0.25
13,1301000,0.3428165973739546,0.06639339747767029,3.8386638940192723,0.37742934967278785,0.38,142,-0.0875450128919561,0.08451032439850109,0.14788732394366197,1.35,-0.08074409673550637,0.32029542895085894,2.84,social,2.5,800,0.3,0.02,0.01,0.05,0.1,0.25,10,120,1.5,3.5,1.0,0.3,0.25
11,1101000,0.3305253485606115,0.0675347784043693,3.7367482876093217,0.38324717725414603,0.35,155,0.061664475203036806,0.008894354261171989,0.17419354838709677,1.59,-0.04647609575233216,0.3309545909047009,3.1,social,2.5,800,0.3,0.02,0.01,0.05,0.1,0.25,10,120,1.5,3.5,1.0,0.3,0.25
19,1901000,0.35255848891422686,0.06033881428322049,3.9178388330822203,0.38753033279061283,0.34,140,-0.07551911991005941,0.06466979716279073,0.07857142857142857,1.18,-0.14293680018090005,0.2880239781411906,2.8,social,2.5,800,0.3,0.02,0.01,0.05,0.1,0.25,10,120,1.5,3.5,1.0,0.3,0.25
12,1201000,0.3354325132856718,0.06417832398781372,3.8043560123627302,0.3903264953282082,0.4,120,-0.08627705307619268,-0.06888256818712146,0.21666666666666667,1.435,-0.060395290374139134,0.36525749270457897,2.4,social,2.5,800,0.3,0.02,0.01,0.05,0.1,0.25,10,120,1.5,3.5,1.0,0.3,0.25
18,1801000,0.3307558736317484,0.06797432192941502,3.7311464103410037,0.3991340307598471,0.39,147,0.15257661140052048,0.05685179497098367,0.1360544217687075,1.555,-0.07760518164621516,0.3050736419584931,2.94,social,2.5,800,0.3,0.02,0.01,0.05,0.1,0.25,10,120,1.5,3.5,1.0,0.3,0.25
17,1701000,0.347862057718808,0.06547234015565749,3.8761988341257023,0.37815202668060766,0.35,142,-0.14140573642400886,0.01861473086814533,0.14788732394366197,1.38,0.042416828277085164,0.338341888030098,2.84,social,2.5,800,0.3,0.02,0.01,0.05,0.1,0.25,10,120,1.5,3.5,1.0,0.3,0.25
16,1601000,0.33766958856144924,0.06295857131459508,3.793559391667911,0.3968695402055924,0.36,153,0.11153674228171084,-0.182863977713313,0.10457516339869281,1.37,-0.029658010553105213,0.29885092176544964,3.06,social,2.5,800,0.3,0.02,0.01,0.05,0.1,0.25,10,120,1.5,3.5,1.0,0.3,0.25
15,1501000,0.3352625724222939,0.06903837729268397,3.7753898061784468,0.3834950324157064,0.34,167,-0.03494095695861729,-0.04757415629584332,0.10179640718562874,1.495,0.143413103884123,0.2764522056259723,3.34,social,2.5,800,0.3,0.02,0.01,0.05,0.1,0.25,10,120,1.5,3.5,1.0,0.3,0.25
21,2101000,0.3387938797346451,0.06427456769430148,3.7874703808487777,0.3930386334469298,0.43,141,0.09650351475975087,0.05710280328551992,0.2198581560283688,1.7,-0.07360373172384764,0.30271835880618797,2.82,social,2.5,800,0.3,0.02,0.01,0.05,0.1,0.25,10,120,1.5,3.5,1.0,0.3,0.25
14,1401000,0.33971616770940727,0.05747779102550544,3.839203265043344,0.39920046980591634,0.42,152,0.026681672099492314,-0.14151011227031815,0.24342105263157895,1.655,-0.027199663496039007,0.33371867239067315,3.04,social,2.5,800,0.3,0.02,0.01,0.05,0.1,0.25,10,120,1.5,3.5,1.0,0.3,0.25
20,2001000,0.32983091725932456,0.06172682976294104,3.7316011853743323,0.3959654803428222,0.4,156,-0.15430600550803605,0.0571514200464262,0.14102564102564102,1.475,-0.16448692910662147,0.30402569295165877,3.12,social,2.5,800,0.3,0.02,0.01,0.05,0.1,0.25,10,120,1.5,3.5,1.0,0.3,0.25
5,501000,0.34387564884774213,0.0751485580225948,3.872323262275531,0.420670980916929,0.33,157,-0.03782873282969129,0.11334087783372793,0.10828025477707007,1.39,-0.16526384701039692,0.280650666357473,3.14,social,2.5,800,0.3,0.02,0.01,0.05,0.1,0.5,10,120,1.5,3.5,1.0,0.3,0.5
8,801000,0.3421519767039498,0.0763510852853506,3.8304956615156702,0.3967393014900989,0.37,151,-0.08102982481173243,-0.09819103435773108,0.13245033112582782,1.465,0.08179994341268723,0.2906630534540972,3.02,social,2.5,800,0.3,0.02,0.01,0.05,0.1,0.5,10,120,1.5,3.5,1.0,0.3,0.5
9,901000,0.32998336351586555,0.07475274474361512,3.742870690648069,0.37256207093650984,0.37,146,-0.036913105793775186,0.07108831530306815,0.17123287671232876,1.43,-0.03980360687247762,0.3379892025050146,2.92,social,2.5,800,0.3,0.02,0.01,0.05,0.1,0.5,10,120,1.5,3.5,1.0,0.3,0.5
0,1000,0.3399794318299962,0.06649811974994045,3.8379551836532584,0.3965507697515756,0.4,156,0.05096810412347473,-0.072988196936885,0.16666666666666666,1.69,0.0724888136173246,0.2672868761062207,3.12,social,2.5,800,0.3,0.02,0.01,0.05,0.1,0.5,10,120,1.5,3.5,1.0,0.3,0.5
1,101000,0.35663342595132796,0.08377131698538516,3.971305025221648,0.40776209604996794,0.4,164,-0.03617483049131733,-0.26932163554253985,0.12195121951219512,1.525,-0.006230159178709269,0.3015885284358996,3.28,social,2.5,800,0.3,0.02,0.01,0.05,0.1,0.5,10,120,1.5,3.5,1.0,0.3,0.5
3,301000,0.34449077944597783,0.08073438186849002,3.84420784844694,0.4089910321963519,0.5,164,-0.1590101154273005,-0.054725395595991405,0.2682926829268293,2.125,0.0012800708270126575,0.30626485734480635,3.28,social,2.5,800,0.3,0.02,0.01,0.05,0.1,0.5,10,120,1.5,3.5,1.0,0.3,0.5
2,201000,0.3433795253565327,0.07924032819705498,3.8488679976824574,0.40355414656387156,0.39,152,-0.07235040029528512,-0.012266549495016894,0.14473684210526316,1.61,-0.10425435088738082,0.3337740961588584,3.04,social,2.5,800,0.3,0.02,0.01,0.05,0.1,0.5,10,120,1.5,3.5,1.0,0.3,0.5
4,401000,0.35957862273548635,0.08424625520803973,3.980338847321371,0.4036262787600671,0.49,155,-0.13147908951279816,-0.019047897779122813,0.16129032258064516,1.82,-0.004428437978277803,0.3421498837995705,3.1,social,2.5,800,0.3,0.02,0.01,0.05,0.1,0.5,10,120,1.5,3.5,1.0,0.3,0.5
7,701000,0.3438406967572889,0.07090141376416495,3.870659667483413,0.3664878852423204,0.42,137,-0.0019159656232189822,0.03858441937630895,0.145985401459854,1.345,0.0908629928159208,0.31285453807057007,2.74,social,2.5,800,0.3,0.02,0.01,0.05,0.1,0.5,10,120,1.5,3.5,1.0,0.3,0.5
6,601000,0.3488735807319949,0.07261490815417336,3.8956641905417513,0.3994673137449068,0.39,165,-0.07890114547531693,-0.026062268713851294,0.16363636363636364,1.875,0.032308195616773346,0.31964715551684464,3.3,social,2.5,800,0.3,0.02,0.01,0.05,0.1,0.5,10,120,1.5,3.5,1.0,0.3,0.5
10,1001000,0.3304627679350758,0.08100489061923577,3.731699031786312,0.35838225742035,0.36,153,-0.07447327517008134,0.0455936456624596,0.10457516339869281,1.295,-0.1800555336886646,0.28390569263819077,3.06,social,2.5,800,0.3,0.02,0.01,0.05,0.1,0.5,10,120,1.5,3.5,1.0,0.3,0.5
11,1101000,0.3415225979383999,0.08063735614720695,3.8503437220634584,0.3877403606966043,0.39,155,-0.014621969711036235,-0.16239625335285401,0.2,1.625,0.009641842104829325,0.32968001352733334,3.1,social,2.5,800,0.3,0.02,0.01,0.05,0.1,0.5,10,120,1.5,3.5,1.0,0.3,0.5
13,1301000,0.3473578631198919,0.07954821905743198,3.88577960911915,0.407970856723262,0.4,142,-0.00302028904935108,-0.12100486641429659,0.15492957746478872,1.37,0.1361912723804933,0.31941670660376464,2.84,social,2.5,800,0.3,0.02,0.01,0.05,0.1,0.5,10,120,1.5,3.5,1.0,0.3,0.5
19,1901000,0.34988576179744824,0.07749990540387901,3.914273255037035,0.4030046708925626,0.41,140,-0.02766997995729457,0.05353887867242196,0.1357142857142857,1.415,-0.23609165614215324,0.29031821177145667,2.8,social,2.5,800,0.3,0.02,0.01,0.05,0.1,0.5,10,120,1.5,3.5,1.0,0.3,0.5
18,1801000,0.3385515320167876,0.07916152719266273,3.8228898441048056,0.39709519150982403,0.38,147,0.060935338583446165,0.09701101923259112,0.12244897959183673,1.47,0.007256399956349572,0.31150013049990544,2.94,social,2.5,800,0.3,0.02,0.01,0.05,0.1,0.5,10,120,1.5,3.5,1.0,0.3,0.5
12,1201000,0.33925480351910303,0.07297823208478356,3.8364001993806727,0.4222009513808246,0.44,120,-0.04796764245086836,-0.06635486320479676,0.25833333333333336,1.445,0.12361363323269793,0.35718692154727,2.4,social,2.5,800,0.3,0.02,0.01,0.05,0.1,0.5,10,120,1.5,3.5,1.0,0.3,0.5
15,1501000,0.3338395195235676,0.07956375850433788,3.779791430585166,0.39681127024007595,0.37,167,0.12407727307000493,0.15417692991463727,0.1317365269461078,1.655,0.22674533061391586,0.30426881869592265,3.34,social,2.5,800,0.3,0.02,0.01,0.05,0.1,0.5,10,120,1.5,3.5,1.0,0.3,0.5
16,1601000,0.343508052811756,0.08315414841600532,3.857105939500236,0.390496902689841,0.41,153,-0.07110969151626882,-0.22880146490529726,0.1568627450980392,1.605,-0.2742476305899695,0.3225520489208502,3.06,social,2.5,800,0.3,0.02,0.01,0.05,0.1,0.5,10,120,1.5,3.5,1.0,0.3,0.5
17,1701000,0.3527887873333004,0.08360702559688032,3.9294018692921706,0.4231149305034648,0.36,142,-0.14596689636649465,-0.09725237210985499,0.14084507042253522,1.42,0.2290427614695557,0.3329465089251062,2.84,social,2.5,800,0.3,0.02,0.01,0.05,0.1,0.5,10,120,1.5,3.5,1.0,0.3,0.5
21,2101000,0.347020887081981,0.09054323958529215,3.8625966409292274,0.4205955848889334,0.49,141,-0.1849433024902384,0.14239841135850423,0.3120567375886525,1.915,-0.17685873379671857,0.3305595723408318,2.82,social,2.5,800,0.3,0.02,0.01,0.05,0.1,0.5,10,120,1.5,3.5,1.0,0.3,0.5
14,1401000,0.34176513588876817,0.07681525371855205,3.832747339807702,0.40418726222385226,0.41,152,-0.10780883780447502,-0.24751066405931835,0.18421052631578946,1.535,-0.19734584008385175,0.31672849248035534,3.04,social,2.5,800,0.3,0.02,0.01,0.05,0.1,0.5,10,120,1.5,3.5,1.0,0.3,0.5
20,2001000,0.3452022702326659,0.07539065925787126,3.836041171878124,0.37275719915466604,0.38,156,-0.3143483763213881,-0.002470061319847521,0.14743589743589744,1.42,0.1009244477099716,0.3124443244729812,3.12,social,2.5,800,0.3,0.02,0.01,0.05,0.1,0.5,10,120,1.5,3.5,1.0,0.3,0.5
5,501000,0.347681217836348,0.0918818720466407,3.8970280762662073,0.4003928130006988,0.3,157,-0.005639610004246575,0.13101670833101262,0.09554140127388536,1.215,-0.0725945163376875,0.2709755214568938,3.14,social,2.5,800,0.3,0.02,0.01,0.05,0.1,0.75,10,120,1.5,3.5,1.0,0.3,0.75
8,801000,0.35902924665180097,0.09622292007912085,3.9667235346961816,0.43347921486556734,0.41,151,-0.04495140636842919,-0.0798046568798813,0.17218543046357615,1.555,0.06844354313692873,0.30061401943422983,3.02,social,2.5,800,0.3,0.02,0.01,0.05,0.1,0.75,10,120,1.5,3.5,1.0,0.3,0.75
0,1000,0.35146061167267684,0.08073861990129176,3.9207655926044565,0.38939068440160773,0.39,156,-0.010395249040136858,-0.08305857751185078,0.19230769230769232,1.695,0.11515974092366416,0.28505467670292595,3.12,social,2.5,800,0.3,0.02,0.01,0.05,0.1,0.75,10,120,1.5,3.5,1.0,0.3,0.75
9,901000,0.34635571540983984,0.09572530639665122,3.86850191915191,0.38646073798132863,0.38,146,-0.018836514260715174,-0.10928026931448352,0.17123287671232876,1.43,-0.013897093903744853,0.33804218033119354,2.92,social,2.5,800,0.3,0.02,0.01,0.05,0.1,0.75,10,120,1.5,3.5,1.0,0.3,0.75
1,101000,0.3690210898805575,0.09140398471384903,4.0051252671864805,0.41944991109394336,0.41,164,-0.07736547636458052,-0.08305347059256507,0.13414634146341464,1.58,-0.19895244214871605,0.2887067820318324,3.28,social,2.5,800,0.3,0.02,0.01,0.05,0.1,0.75,10,120,1.5,3.5,1.0,0.3,0.75
3,301000,0.358231931961168,0.08543706199910742,3.972245989292183,0.40798814000872224,0.53,164,0.02161843260791136,-0.10412423785856777,0.25609756097560976,2.19,-0.22964287947737325,0.3092362207122848,3.28,social,2.5,800,0.3,0.02,0.01,0.05,0.1,0.75,10,120,1.5,3.5,1.0,0.3,0.75
4,401000,0.34926505152086773,0.09877395995266545,3.893254414318414,0.3791000002235512,0.45,155,0.11154476598463911,0.008877528934023172,0.14838709677419354,1.69,-0.10045953021710338,0.3296731920861126,3.1,social,2.5,800,0.3,0.02,0.01,0.05,0.1,0.75,10,120,1.5,3.5,1.0,0.3,0.75
2,201000,0.34323147913925195,0.0992018591208651,3.819716321605563,0.3741559377397647,0.36,152,-0.16408249873617162,-0.08170702067755752,0.08552631578947369,1.52,-0.30965377082417067,0.32740461810830257,3.04,social,2.5,800,0.3,0.02,0.01,0.05,0.1,0.75,10,120,1.5,3.5,1.0,0.3,0.75
7,701000,0.3436586717796951,0.10665983030507845,3.823129101600961,0.420216429522213,0.48,137,0.15054981794555303,0.03492192767976249,0.17518248175182483,1.605,-0.12881313034422548,0.33332921422168493,2.74,social,2.5,800,0.3,0.02,0.01,0.05,0.1,0.75,10,120,1.5,3.5,1.0,0.3,0.75
10,1001000,0.3402541320945611,0.09381121097111791,3.8131694385572077,0.39043605439909795,0.43,153,0.06928257671921502,0.016714449788273324,0.11764705882352941,1.605,-0.09159619426633187,0.3158982837739591,3.06,social,2.5,800,0.3,0.02,0.01,0.05,0.1,0.75,10,120,1.5,3.5,1.0,0.3,0.75
6,601000,0.34615345170635387,0.08964303436993394,3.9054403312647747,0.3793430149863243,0.37,165,-0.05861026968823041,-0.05444992804481995,0.15757575757575756,1.735,0.1770082629891008,0.3048214721677771,3.3,social,2.5,800,0.3,0.02,0.01,0.05,0.1,0.75,10,120,1.5,3.5,1.0,0.3,0.75
13,1301000,0.3482866031050664,0.09205040359467867,3.886016660389824,0.39106667239906473,0.43,142,-0.04552467351025223,0.07450962040110166,0.16901408450704225,1.575,0.032687434078527935,0.3381396128930892,2.84,social,2.5,800,0.3,0.02,0.01,0.05,0.1,0.75,10,120,1.5,3.5,1.0,0.3,0.75
11,1101000,0.3285808996236692,0.10671271683218181,3.709838581426478,0.36412120201062337,0.32,155,-0.011845012307263982,-0.07567788143031996,0.16129032258064516,1.46,0.2143565286016338,0.32454120517390955,3.1,social,2.5,800,0.3,0.02,0.01,0.05,0.1,0.75,10,120,1.5,3.5,1.0,0.3,0.75
19,1901000,0.35953499113383885,0.1049892036061082,3.956374663824858,0.3869892632389585,0.37,140,0.05529731944815652,0.16273991265166357,0.1,1.315,-0.0012474727935320687,0.27570478492746925,2.8,social,2.5,800,0.3,0.02,0.01,0.05,0.1,0.75,10,120,1.5,3.5,1.0,0.3,0.75
12,1201000,0.3423870270944688,0.10152663101500024,3.8293445513899593,0.3889101686671085,0.34,120,0.10217603619432361,0.022375110802065865,0.175,1.155,0.1845147282977741,0.34290085540774246,2.4,social,2.5,800,0.3,0.02,0.01,0.05,0.1,0.75,10,120,1.5,3.5,1.0,0.3,0.75
18,1801000,0.35350818817401247,0.10564371384164148,3.9138813007839213,0.40657916491356016,0.43,147,0.04274853615622652,-0.03212469605114602,0.17006802721088435,1.58,0.27086386544667906,0.3186159192740554,2.94,social,2.5,800,0.3,0.02,0.01,0.05,0.1,0.75,10,120,1.5,3.5,1.0,0.3,0.75
17,1701000,0.35572304806568716,0.09928770680963447,3.9439767922958664,0.39458821011477896,0.38,142,-0.22043229747499155,-0.05808954071904486,0.13380281690140844,1.535,-0.09753568406027165,0.3381354158469702,2.84,social,2.5,800,0.3,0.02,0.01,0.05,0.1,0.75,10,120,1.5,3.5,1.0,0.3,0.75
16,1601000,0.35878706154894807,0.09028362740237696,3.974541615090325,0.3968733516140869,0.4,153,-0.02216234974631209,-0.2894560344498099,0.13071895424836602,1.585,-0.2700909337917728,0.32157302735105375,3.06,social,2.5,800,0.3,0.02,0.01,0.05,0.1,0.75,10,120,1.5,3.5,1.0,0.3,0.75
15,1501000,0.32060081315131017,0.0895360742920935,3.654399780111035,0.37224264849599825,0.36,167,0.031576193163768945,-0.02629776918168343,0.12574850299401197,1.635,0.1048855316153504,0.29800581797231995,3.34,social,2.5,800,0.3,0.02,0.01,0.05,0.1,0.75,10,120,1.5,3.5,1.0,0.3,0.75
21,2101000,0.3458571021911579,0.08756259618135147,3.898489062535574,0.40568214069726144,0.44,141,-0.1389516047790482,0.005958237134021184,0.19148936170212766,1.695,-0.17547337649339698,0.3251106516721539,2.82,social,2.5,800,0.3,0.02,0.01,0.05,0.1,0.75,10,120,1.5,3.5,1.0,0.3,0.75
14,1401000,0.34241498479030386,0.0952598268179636,3.8285739598333084,0.40422256167786363,0.39,152,-0.11239994327787617,-0.17327327666087505,0.18421052631578946,1.475,-0.11525109600149025,0.3234385159615855,3.04,social,2.5,800,0.3,0.02,0.01,0.05,0.1,0.75,10,120,1.5,3.5,1.0,0.3,0.75
20,2001000,0.3351089762154625,0.08213098439783968,3.7866757950081973,0.36216926365889873,0.38,156,-0.1901212967803802,0.021729336497343443,0.14743589743589744,1.495,0.03118248414454254,0.32229577037557816,3.12,social,2.5,800,0.3,0.02,0.01,0.05,0.1,0.75,10,120,1.5,3.5,1.0,0.3,0.75
5,501000,0.42449442505598706,0.06006598695743193,4.525605612185498,0.4505548835191188,0.37,157,-0.06607913057610806,-0.010552435582938129,0.12738853503184713,1.42,0.044609563715239955,0.2705842514910998,3.14,social,2.5,800,0.6,0.02,0.01,0.05,0.1,0.0,10,120,1.5,3.5,1.0,0.6,0.0
8,801000,0.41124731187643043,0.06149569346857192,4.39508785723614,0.4786036369372218,0.45,151,0.04020986252830689,-0.10410441885289656,0.2052980132450331,1.67,0.010463969483035752,0.2819863269446586,3.02,social,2.5,800,0.6,0.02,0.01,0.05,0.1,0.0,10,120,1.5,3.5,1.0,0.6,0.0
0,1000,0.4081202423223466,0.06307899860857584,4.417764939325308,0.4398452629276154,0.44,156,-0.051855495887103746,0.0721739813179943,0.23717948717948717,1.895,0.16357282298467782,0.29574131955705446,3.12,social,2.5,800,0.6,0.02,0.01,0.05,0.1,0.0,10,120,1.5,3.5,1.0,0.6,0.0
9,901000,0.4083941707887394,0.06853977866699543,4.419475229639564,0.45691940378628126,0.45,146,-0.13505482072293162,0.003892410517887544,0.2191780821917808,1.6,0.05413835941724791,0.3370070848652795,2.92,social,2.5,800,0.6,0.02,0.01,0.05,0.1,0.0,10,120,1.5,3.5,1.0,0.6,0.0
1,101000,0.3966135422793726,0.07171395776306999,4.314464986381574,0.4605108899276555,0.48,164,0.037091389388562386,-0.021371443391465485,0.23780487804878048,1.965,-0.13615490259975305,0.3041817086256274,3.28,social,2.5,800,0.6,0.02,0.01,0.05,0.1,0.0,10,120,1.5,3.5,1.0,0.6,0.0
7,701000,0.3987769446775237,0.057231212219352755,4.333876159163678,0.4670222152663011,0.58,137,0.04451890975503359,0.07668512536107365,0.3357664233576642,2.045,-0.03955858728314981,0.313532884255372,2.74,social,2.5,800,0.6,0.02,0.01,0.05,0.1,0.0,10,120,1.5,3.5,1.0,0.6,0.0
3,301000,0.4091386452526347,0.052844950333941,4.427265976575231,0.44623286884676794,0.61,164,0.09048595471460329,0.05002731516360673,0.39634146341463417,2.41,0.2334992429776211,0.305401798587773,3.28,social,2.5,800,0.6,0.02,0.01,0.05,0.1,0.0,10,120,1.5,3.5,1.0,0.6,0.0
4,401000,0.40044542426372925,0.06013223265924739,4.344446500439273,0.46846574467076707,0.59,155,0.08726016864006862,0.02075759568081081,0.3419354838709677,2.215,0.09566294698830503,0.3288461978381932,3.1,social,2.5,800,0.6,0.02,0.01,0.05,0.1,0.0,10,120,1.5,3.5,1.0,0.6,0.0
2,201000,0.41052949382611,0.05423706428088077,4.4367394953643755,0.4350461317162197,0.44,152,-0.30845709774027236,-0.02561032566958859,0.21052631578947367,1.735,-0.043633890283595475,0.3548326162808652,3.04,social,2.5,800,0.6,0.02,0.01,0.05,0.1,0.0,10,120,1.5,3.5,1.0,0.6,0.0
6,601000,0.40563757213169793,0.05060672639961124,4.391021773881427,0.4541818629329894,0.42,165,0.025518447450269766,-0.01487982652494257,0.15757575757575756,1.855,-0.1423013059493161,0.29880664148327396,3.3,social,2.5,800,0.6,0.02,0.01,0.05,0.1,0.0,10,120,1.5,3.5,1.0,0.6,0.0
10,1001000,0.4166000390182121,0.054593039543629325,4.499731394496692,0.43392285972139916,0.49,153,-0.06008253062305208,-0.08489516571640955,0.20915032679738563,1.615,0.3636003232853683,0.3256373822798752,3.06,social,2.5,800,0.6,0.02,0.01,0.05,0.1,0.0,10,120,1.5,3.5,1.0,0.6,0.0
11,1101000,0.4215461090360342,0.05350145565819588,4.516632084747236,0.46857705190062293,0.52,155,-0.14282086988393522,-0.1333291689885532,0.3225806451612903,2.035,0.027927054621107762,0.31943210798789656,3.1,social,2.5,800,0.6,0.02,0.01,0.05,0.1,0.0,10,120,1.5,3.5,1.0,0.6,0.0
13,1301000,0.4086072132551937,0.05998454555185163,4.416196398954603,0.4141440282124891,0.37,142,0.017315359551636444,-0.09333087262973294,0.13380281690140844,1.445,0.06357208298707194,0.3113248006860702,2.84,social,2.5,800,0.6,0.02,0.01,0.05,0.1,0.0,10,120,1.5,3.5,1.0,0.6,0.0
19,1901000,0.4151421713871963,0.05641748923268285,4.469994280407797,0.4538545358418927,0.43,140,-0.04292440103750673,-0.006911644852219226,0.17857142857142858,1.595,0.029243055751304026,0.31940719932745193,2.8,social,2.5,800,0.6,0.02,0.01,0.05,0.1,0.0,10,120,1.5,3.5,1.0,0.6,0.0
12,1201000,0.40533931880739343,0.0606979904778813,4.384614224016988,0.42423513211917807,0.42,120,-0.09592814922559173,-0.09578594760090688,0.18333333333333332,1.34,-0.017564955654769124,0.36012586858185036,2.4,social,2.5,800,0.6,0.02,0.01,0.05,0.1,0.0,10,120,1.5,3.5,1.0,0.6,0.0
17,1701000,0.40420016413257787,0.05968974431160594,4.359929883809748,0.4332069817691965,0.4,142,0.05468473461800407,0.1702436954894629,0.14084507042253522,1.555,0.10588199974665798,0.33662199291756134,2.84,social,2.5,800,0.6,0.02,0.01,0.05,0.1,0.0,10,120,1.5,3.5,1.0,0.6,0.0
16,1601000,0.418243929992173,0.051543869008021506,4.501262559640612,0.465269660187543,0.42,153,-0.14661413709043167,-0.055946383784135134,0.1503267973856209,1.63,0.1366885756356992,0.32417397100705303,3.06,social,2.5,800,0.6,0.02,0.01,0.05,0.1,0.0,10,120,1.5,3.5,1.0,0.6,0.0
18,1801000,0.40232083975425675,0.06337647748208097,4.360550867131551,0.4595890418105637,0.43,147,0.014564358080503048,-0.043940029399334474,0.14285714285714285,1.65,-0.03241889033043133,0.3267164535512109,2.94,social,2.5,800,0.6,0.02,0.01,0.05,0.1,0.0,10,120,1.5,3.5,1.0,0.6,0.0
15,1501000,0.4100387699753012,0.06302924784564558,4.414067626769257,0.44762372734936895,0.41,167,-0.12869130990944616,-0.048115865964962076,0.1497005988023952,1.835,0.13686387558964058,0.2814938031221027,3.34,social,2.5,800,0.6,0.02,0.01,0.05,0.1,0.0,10,120,1.5,3.5,1.0,0.6,0.0
21,2101000,0.42136707369127285,0.062308298436321526,4.530884920473936,0.47242351355344864,0.5,141,-0.01748065270608581,-0.016968947402274198,0.28368794326241137,1.85,0.11151904329412766,0.3240703706186696,2.82,social,2.5,800,0.6,0.02,0.01,0.05,0.1,0.0,10,120,1.5,3.5,1.0,0.6,0.0
14,1401000,0.4127212812262256,0.05487246045734962,4.459137948280129,0.4705430879774985,0.45,152,-0.21523432401413112,0.06636220095926183,0.26973684210526316,1.795,0.07699078953303544,0.3305876014739271,3.04,social,2.5,800,0.6,0.02,0.01,0.05,0.1,0.0,10,120,1.5,3.5,1.0,0.6,0.0
20,2001000,0.41140447988244155,0.05842851345189153,4.431870662251477,0.4626940365297746,0.46,156,-0.07511309458954286,0.033804062218737614,0.21153846153846154,1.71,0.10376869663790798,0.3286943208846046,3.12,social,2.5,800,0.6,0.02,0.01,0.05,0.1,0.0,10,120,1.5,3.5,1.0,0.6,0.0
5,501000,0.4257280341337598,0.07105585770751811,4.5504113542196025,0.4327894590469519,0.37,157,-0.05761593108838992,0.05151391178438342,0.1464968152866242,1.54,0.10852459868290164,0.2966926667327004,3.14,social,2.5,800,0.6,0.02,0.01,0.05,0.1,0.25,10,120,1.5,3.5,1.0,0.6,0.25
8,801000,0.4104838071265931,0.06250112645309519,4.426018703954665,0.477856940976839,0.45,151,0.0130417566765026,-0.1559198378470484,0.1986754966887417,1.755,-0.007465816883859361,0.30482989102783536,3.02,social,2.5,800,0.6,0.02,0.01,0.05,0.1,0.25,10,120,1.5,3.5,1.0,0.6,0.25
0,1000,0.414956629045637,0.0641071009483294,4.484963279569083,0.48479693911856236,0.5,156,0.12815019024595578,0.10839378517445464,0.3076923076923077,2.1,-0.049634910745829874,0.2753641520360559,3.12,social,2.5,800,0.6,0.02,0.01,0.05,0.1,0.25,10,120,1.5,3.5,1.0,0.6,0.25
9,901000,0.4022501933514231,0.07586631972336905,4.367960398746418,0.46430137840586966,0.49,146,0.042570870171818834,-0.053046199381342765,0.2808219178082192,1.69,0.12578628613302564,0.3563809526239753,2.92,social,2.5,800,0.6,0.02,0.01,0.05,0.1,0.25,10,120,1.5,3.5,1.0,0.6,0.25
1,101000,0.4247742795405478,0.07402030327849797,4.563373266560809,0.4803122018938908,0.5,164,-0.0045221373708644996,0.01615686471899635,0.24390243902439024,2.015,-0.14734448004913914,0.31180747584960344,3.28,social,2.5,800,0.6,0.02,0.01,0.05,0.1,0.25,10,120,1.5,3.5,1.0,0.6,0.25
3,301000,0.4144147715915591,0.06333544953760945,4.475119943677309,0.47076668896536833,0.55,164,0.06809080788273769,0.0540411411903028,0.35365853658536583,2.285,-0.2113305176692145,0.29661045985433965,3.28,social,2.5,800,0.6,0.02,0.01,0.05,0.1,0.25,10,120,1.5,3.5,1.0,0.6,0.25
4,401000,0.4212677254207049,0.06695710092902515,4.509765622112184,0.454143061729403,0.51,155,-0.00894341720555859,0.11846908108697164,0.21935483870967742,1.925,-0.022062564937271403,0.32750272546446163,3.1,social,2.5,800,0.6,0.02,0.01,0.05,0.1,0.25,10,120,1.5,3.5,1.0,0.6,0.25
7,701000,0.41089384488828656,0.06248625841870809,4.4423209989062755,0.47386480801903275,0.52,137,0.11305542482040962,-0.05420736113287066,0.24087591240875914,1.74,0.14257601773052078,0.3341991729810457,2.74,social,2.5,800,0.6,0.02,0.01,0.05,0.1,0.25,10,120,1.5,3.5,1.0,0.6,0.25
6,601000,0.41522823804674336,0.059875123368181286,4.481342465155614,0.4474014349039446,0.39,165,0.08901369638443539,0.007106404025782494,0.18787878787878787,1.745,0.03590986047415929,0.30876773964628335,3.3,social,2.5,800,0.6,0.02,0.01,0.05,0.1,0.25,10,120,1.5,3.5,1.0,0.6,0.25
2,201000,0.42094746965850127,0.06913416101715837,4.535672215424288,0.46626117905478076,0.46,152,-0.01703298780148681,0.14040675647787848,0.19736842105263158,1.785,-0.21165057736716417,0.3337973987129641,3.04,social,2.5,800,0.6,0.02,0.01,0.05,0.1,0.25,10,120,1.5,3.5,1.0,0.6,0.25
10,1001000,0.4039869138279022,0.06481437085767566,4.389413866760712,0.4590295243009602,0.5,153,0.01812084698202288,0.06803325246944772,0.20915032679738563,1.78,0.07580023494197906,0.34140529710849865,3.06,social,2.5,800,0.6,0.02,0.01,0.05,0.1,0.25,10,120,1.5,3.5,1.0,0.6,0.25
13,1301000,0.4340667085548875,0.07035248134476943,4.583843840641419,0.49243740333916053,0.48,142,0.016048048784306993,0.13742160659766167,0.22535211267605634,1.75,-0.032135915576300175,0.33072127173545085,2.84,social,2.5,800,0.6,0.02,0.01,0.05,0.1,0.25,10,120,1.5,3.5,1.0,0.6,0.25
11,1101000,0.41369663847046595,0.06461635864913887,4.47181615555038,0.4536742592782251,0.44,155,-0.03304524251519198,0.004409414886522871,0.24516129032258063,1.885,0.014374878051228227,0.32482236573798196,3.1,social,2.5,800,0.6,0.02,0.01,0.05,0.1,0.25,10,120,1.5,3.5,1.0,0.6,0.25
19,1901000,0.4150214535907197,0.06233226889450423,4.470008789397917,0.4572749276822264,0.45,140,-0.04346509022050134,0.08004144331810079,0.17857142857142858,1.625,-0.02623370102975332,0.32084865487215825,2.8,social,2.5,800,0.6,0.02,0.01,0.05,0.1,0.25,10,120,1.5,3.5,1.0,0.6,0.25
12,1201000,0.41324498105229795,0.06750223490936422,4.484937107523052,0.4350919467159805,0.46,120,-0.00975516130433476,-0.03201455560756451,0.2916666666666667,1.585,-0.0313075299847701,0.36689029225361697,2.4,social,2.5,800,0.6,0.02,0.01,0.05,0.1,0.25,10,120,1.5,3.5,1.0,0.6,0.25
18,1801000,0.41550093071055477,0.0619780479788922,4.499364439574304,0.45354529066757265,0.42,147,-0.25249237136362473,-0.020129466250549226,0.1360544217687075,1.585,0.0013816271501337373,0.30690670454726643,2.94,social,2.5,800,0.6,0.02,0.01,0.05,0.1,0.25,10,120,1.5,3.5,1.0,0.6,0.25
21,2101000,0.43163157330916485,0.07204091409443451,4.572197888192868,0.48218923536009434,0.54,141,-0.03854620627404132,-0.013997085763112045,0.3333333333333333,2.02,0.053089387670802596,0.32092733675645596,2.82,social,2.5,800,0.6,0.02,0.01,0.05,0.1,0.25,10,120,1.5,3.5,1.0,0.6,0.25
17,1701000,0.410052538365554,0.06505471317912793,4.4321984381152815,0.47798665516677885,0.44,142,0.09873082204032887,0.10515067502703425,0.176056338028169,1.715,0.027068344626216777,0.33696268279875546,2.84,social,2.5,800,0.6,0.02,0.01,0.05,0.1,0.25,10,120,1.5,3.5,1.0,0.6,0.25
15,1501000,0.4001977280043264,0.06292668792097166,4.35434591912187,0.4287490093223464,0.4,167,0.14011288064510402,0.0015082461805889073,0.1497005988023952,1.805,0.10392239210720718,0.2889976284534194,3.34,social,2.5,800,0.6,0.02,0.01,0.05,0.1,0.25,10,120,1.5,3.5,1.0,0.6,0.25
16,1601000,0.4214663303984048,0.06475951217243828,4.532898469491453,0.4423019133986873,0.42,153,-0.07871735463311702,-0.17183939830992287,0.1568627450980392,1.635,-0.16013422207990066,0.3149782527126433,3.06,social,2.5,800,0.6,0.02,0.01,0.05,0.1,0.25,10,120,1.5,3.5,1.0,0.6,0.25
14,1401000,0.423275166748835,0.06547647471469592,4.555106099641687,0.44239696408392704,0.41,152,-0.26477796347882643,-0.039252755055151814,0.2236842105263158,1.67,-0.03517296238123101,0.32772501760322803,3.04,social,2.5,800,0.6,0.02,0.01,0.05,0.1,0.25,10,120,1.5,3.5,1.0,0.6,0.25
20,2001000,0.4091348359374075,0.065614006202232,4.443738804318836,0.4295427990419445,0.45,156,-0.011542157012723882,0.05126458013462258,0.21153846153846154,1.77,0.1197078445801324,0.32506541131068867,3.12,social,2.5,800,0.6,0.02,0.01,0.05,0.1,0.25,10,120,1.5,3.5,1.0,0.6,0.25
5,501000,0.42352361072459405,0.07880987449417312,4.564023973976477,0.47476201692102615,0.41,157,0.08736094910982543,0.10776806821202696,0.17834394904458598,1.655,0.0987973858424691,0.30437305411872784,3.14,social,2.5,800,0.6,0.02,0.01,0.05,0.1,0.5,10,120,1.5,3.5,1.0,0.6,0.5
8,801000,0.4137192869445721,0.08168064615782884,4.483007336207248,0.44708408109599046,0.43,151,-0.025520085400951197,-0.14345406536001443,0.16556291390728478,1.61,0.41025525994840006,0.2892417382533593,3.02,social,2.5,800,0.6,0.02,0.01,0.05,0.1,0.5,10,120,1.5,3.5,1.0,0.6,0.5
0,1000,0.40311221916023726,0.07361032937625916,4.388021998044599,0.45553005747692077,0.46,156,0.07913231126314155,-0.008035735470249772,0.21794871794871795,1.895,0.17476250540125646,0.30074354703166745,3.12,social,2.5,800,0.6,0.02,0.01,0.05,0.1,0.5,10,120,1.5,3.5,1.0,0.6,0.5
9,901000,0.4018566244399112,0.0840936406766363,4.393374860835357,0.451260960510816,0.46,146,-0.0023802721743886725,0.0035373985680257317,0.22602739726027396,1.635,-0.05131563296429645,0.32870140807257714,2.92,social,2.5,800,0.6,0.02,0.01,0.05,0.1,0.5,10,120,1.5,3.5,1.0,0.6,0.5
1,101000,0.4405111788944726,0.09300079291771578,4.641899612510545,0.4774002303726118,0.53,164,-0.006980842823284703,-0.04862536293759284,0.2926829268292683,2.16,-0.11250453984193404,0.29162206620031766,3.28,social,2.5,800,0.6,0.02,0.01,0.05,0.1,0.5,10,120,1.5,3.5,1.0,0.6,0.5
3,301000,0.423468804898353,0.08684619934925995,4.542161217787791,0.4407378511102653,0.52,164,-0.029790141488638847,-0.013267820955517809,0.25609756097560976,2.115,-0.18178144065105098,0.2979779551407464,3.28,social,2.5,800,0.6,0.02,0.01,0.05,0.1,0.5,10,120,1.5,3.5,1.0,0.6,0.5
4,401000,0.4407494058485411,0.08536332663100096,4.662153526993478,0.4684143088059953,0.57,155,-0.0570954274472578,0.05563818460261189,0.3161290322580645,2.135,0.15698609439078656,0.29447534267446007,3.1,social,2.5,800,0.6,0.02,0.01,0.05,0.1,0.5,10,120,1.5,3.5,1.0,0.6,0.5
2,201000,0.4140404564162031,0.08264648781377043,4.461765459288728,0.4468393519773077,0.44,152,0.015618833128583318,-0.04004402819920824,0.17763157894736842,1.77,-0.04992302397102767,0.3488555143766442,3.04,social,2.5,800,0.6,0.02,0.01,0.05,0.1,0.5,10,120,1.5,3.5,1.0,0.6,0.5
7,701000,0.41484730379845514,0.08792933706572656,4.468672789807351,0.46168222002929116,0.51,137,0.18861442250154045,-0.030129981997160493,0.26277372262773724,1.77,0.061727177363146715,0.3178738973546279,2.74,social,2.5,800,0.6,0.02,0.01,0.05,0.1,0.5,10,120,1.5,3.5,1.0,0.6,0.5
6,601000,0.400703401702245,0.07991440984267058,4.382588319521148,0.44965598552149283,0.42,165,-0.031191666556058036,-0.08658335170165427,0.20606060606060606,1.94,0.18411533105520056,0.3164604616193649,3.3,social,2.5,800,0.6,0.02,0.01,0.05,0.1,0.5,10,120,1.5,3.5,1.0,0.6,0.5
10,1001000,0.4269565949307985,0.07841358651156569,4.550762047989569,0.4770358349622084,0.58,153,0.05466907645643074,0.0689245259267236,0.2679738562091503,2.035,0.12382544529073876,0.3300070780625164,3.06,social,2.5,800,0.6,0.02,0.01,0.05,0.1,0.5,10,120,1.5,3.5,1.0,0.6,0.5
11,1101000,0.4156813912655559,0.08997689179141684,4.465262822604496,0.44436007221715035,0.44,155,-0.08947670778462226,0.06551654675061772,0.23870967741935484,1.88,0.03543127820838153,0.3324797742854651,3.1,social,2.5,800,0.6,0.02,0.01,0.05,0.1,0.5,10,120,1.5,3.5,1.0,0.6,0.5
13,1301000,0.4358620164991774,0.09136367785022305,4.601314344310365,0.4897849946683304,0.48,142,0.06791216632096059,-0.01807905145452217,0.20422535211267606,1.675,-0.0251492785751256,0.33238635569510927,2.84,social,2.5,800,0.6,0.02,0.01,0.05,0.1,0.5,10,120,1.5,3.5,1.0,0.6,0.5
19,1901000,0.4167898086883885,0.09700754707472174,4.478870558911446,0.45088594906054363,0.45,140,0.09082685896135875,-0.019797528115887312,0.15,1.56,-0.09621143793599159,0.3212968277368882,2.8,social,2.5,800,0.6,0.02,0.01,0.05,0.1,0.5,10,120,1.5,3.5,1.0,0.6,0.5
12,1201000,0.41377043214340725,0.08519768561504087,4.4752863658215345,0.43189247213659443,0.4,120,-0.12853473322530715,0.034214525949136085,0.19166666666666668,1.375,-0.05772319739220489,0.3731944115925554,2.4,social,2.5,800,0.6,0.02,0.01,0.05,0.1,0.5,10,120,1.5,3.5,1.0,0.6,0.5
17,1701000,0.42320896969658084,0.09158058109980398,4.545248633063183,0.46407371638790806,0.45,142,0.03928083681621249,-0.03720531143906579,0.20422535211267606,1.705,0.035112597285290384,0.32729960951777426,2.84,social,2.5,800,0.6,0.02,0.01,0.05,0.1,0.5,10,120,1.5,3.5,1.0,0.6,0.5
18,1801000,0.42664646419553265,0.09115329777948981,4.535747641078641,0.46421425892539825,0.42,147,-0.029245057423800264,0.11654444390110924,0.16326530612244897,1.605,0.019946494318718654,0.3213549271639952,2.94,social,2.5,800,0.6,0.02,0.01,0.05,0.1,0.5,10,120,1.5,3.5,1.0,0.6,0.5
16,1601000,0.4277601358684893,0.0880344504690631,4.569397194967241,0.45506507524424156,0.42,153,0.07493399699249144,-0.22029328868616188,0.1568627450980392,1.62,-0.20744203739590517,0.3348528856107564,3.06,social,2.5,800,0.6,0.02,0.01,0.05,0.1,0.5,10,120,1.5,3.5,1.0,0.6,0.5
15,1501000,0.41632411118920176,0.0850098228286185,4.48020118186876,0.44767763590231796,0.44,167,-0.012479585307271715,0.001079402391565397,0.20958083832335328,1.945,-0.031428918447298344,0.2931371338668997,3.34,social,2.5,800,0.6,0.02,0.01,0.05,0.1,0.5,10,120,1.5,3.5,1.0,0.6,0.5
21,2101000,0.44639328633331027,0.07979739786767337,4.679174124504218,0.5027637681622386,0.54,141,-0.13243804655339902,-0.19448799806466563,0.3191489361702128,1.995,0.06015555709826587,0.3378109205753371,2.82,social,2.5,800,0.6,0.02,0.01,0.05,0.1,0.5,10,120,1.5,3.5,1.0,0.6,0.5
14,1401000,0.43739738258531496,0.08967126649690273,4.631672719510408,0.470341968022858,0.43,152,-0.0025030231020749328,-0.3384456142905216,0.21052631578947367,1.66,-0.23877721032981244,0.3334512209269196,3.04,social,2.5,800,0.6,0.02,0.01,0.05,0.1,0.5,10,120,1.5,3.5,1.0,0.6,0.5
20,2001000,0.40826617576303514,0.08629238594124021,4.421669053580141,0.4257723991306973,0.46,156,-0.11413844725071125,0.09867893724435067,0.23076923076923078,1.86,0.11168865282257547,0.3134391041799667,3.12,social,2.5,800,0.6,0.02,0.01,0.05,0.1,0.5,10,120,1.5,3.5,1.0,0.6,0.5
5,501000,0.4460074374406624,0.098010827189414,4.709103244960433,0.4847976729323555,0.41,157,0.06372320040521637,0.07994110927879754,0.17834394904458598,1.625,0.2431035949383081,0.30412137362638014,3.14,social,2.5,800,0.6,0.02,0.01,0.05,0.1,0.75,10,120,1.5,3.5,1.0,0.6,0.75
8,801000,0.4294212741652054,0.1213136882434292,4.51691257672064,0.4792368299607401,0.49,151,-0.01193717274735332,-0.04286579638118994,0.2185430463576159,1.815,0.1877198201718424,0.30506011857164966,3.02,social,2.5,800,0.6,0.02,0.01,0.05,0.1,0.75,10,120,1.5,3.5,1.0,0.6,0.75
9,901000,0.41357479744794046,0.1159456253496396,4.4264401347707345,0.4661612609427433,0.45,146,0.006011796529488635,0.0384331338182516,0.2465753424657534,1.65,-0.0496622064781305,0.34364878084286954,2.92,social,2.5,800,0.6,0.02,0.01,0.05,0.1,0.75,10,120,1.5,3.5,1.0,0.6,0.75
0,1000,0.42255790512435043,0.1008484973674824,4.5246344550311965,0.4670393471966484,0.47,156,0.16479391680327488,0.03019949988564806,0.25,1.98,0.023228565913197788,0.275675755568092,3.12,social,2.5,800,0.6,0.02,0.01,0.05,0.1,0.75,10,120,1.5,3.5,1.0,0.6,0.75
1,101000,0.4458658283677387,0.11035407635028792,4.654555621206522,0.48142252681330405,0.49,164,-0.0923713046056627,-0.08159492055722446,0.25,1.945,-0.041389578730271825,0.321309952258278,3.28,social,2.5,800,0.6,0.02,0.01,0.05,0.1,0.75,10,120,1.5,3.5,1.0,0.6,0.75
3,301000,0.4288072789009143,0.10378582005453918,4.568020458102433,0.4729165811054624,0.55,164,-0.03346055770222545,-0.015789763538440405,0.3231707317073171,2.275,-0.1072323924798007,0.2954854323685125,3.28,social,2.5,800,0.6,0.02,0.01,0.05,0.1,0.75,10,120,1.5,3.5,1.0,0.6,0.75
4,401000,0.45462815919296057,0.10653505167604652,4.7450724863719005,0.5202811376502327,0.64,155,-0.05524330045228941,0.041140679779410216,0.4,2.35,0.17166901058058437,0.2731240249620298,3.1,social,2.5,800,0.6,0.02,0.01,0.05,0.1,0.75,10,120,1.5,3.5,1.0,0.6,0.75
7,701000,0.42791824529353933,0.11520910332330069,4.525242249106879,0.4815258941207635,0.54,137,0.08448458342537776,-0.06769911154703905,0.2773722627737226,1.9,-0.004414515214816158,0.31288163024168053,2.74,social,2.5,800,0.6,0.02,0.01,0.05,0.1,0.75,10,120,1.5,3.5,1.0,0.6,0.75
2,201000,0.41940210176337833,0.10979553066952812,4.45999178485281,0.47743534769785534,0.48,152,0.005143492720530115,0.0253658365891,0.21052631578947367,1.9,-0.12837901987282493,0.3404506278206577,3.04,social,2.5,800,0.6,0.02,0.01,0.05,0.1,0.75,10,120,1.5,3.5,1.0,0.6,0.75
6,601000,0.4029871290743822,0.09466835675468765,4.377246648859933,0.4501362377868864,0.44,165,0.019812117566408678,-0.12893512639702542,0.20606060606060606,1.94,0.27302829602685247,0.3078035075886507,3.3,social,2.5,800,0.6,0.02,0.01,0.05,0.1,0.75,10,120,1.5,3.5,1.0,0.6,0.75
10,1001000,0.4428476527038871,0.1037838482885423,4.6577873071955835,0.4809049984488107,0.54,153,-0.0371565885785658,0.032281821626639944,0.23529411764705882,1.95,0.18109763401168277,0.33062337585412016,3.06,social,2.5,800,0.6,0.02,0.01,0.05,0.1,0.75,10,120,1.5,3.5,1.0,0.6,0.75
11,1101000,0.4058089669189694,0.11783297209512857,4.367374898793859,0.4516245806449101,0.45,155,-0.046767067467954795,-0.028470983473556026,0.25806451612903225,1.82,0.062345714508852346,0.34563941361676914,3.1,social,2.5,800,0.6,0.02,0.01,0.05,0.1,0.75,10,120,1.5,3.5,1.0,0.6,0.75
13,1301000,0.4688462179219217,0.11311101017753371,4.83042797897156,0.5447986161191924,0.51,142,-0.0014765340838756803,-0.08800815351810971,0.23943661971830985,1.73,0.05542372161212889,0.3350337445521065,2.84,social,2.5,800,0.6,0.02,0.01,0.05,0.1,0.75,10,120,1.5,3.5,1.0,0.6,0.75
19,1901000,0.4316305471194786,0.11337302412030595,4.578035432808224,0.4749733216344362,0.47,140,-0.01546400291371499,0.07206622034268743,0.22857142857142856,1.615,0.03942560582947761,0.3285904374078096,2.8,social,2.5,800,0.6,0.02,0.01,0.05,0.1,0.75,10,120,1.5,3.5,1.0,0.6,0.75
18,1801000,0.43352997432370083,0.11586989561896781,4.572976636737687,0.4611922932630478,0.43,147,-0.05900820113388018,0.06630794776187285,0.1836734693877551,1.62,0.24205619319153582,0.31156990738676404,2.94,social,2.5,800,0.6,0.02,0.01,0.05,0.1,0.75,10,120,1.5,3.5,1.0,0.6,0.75
12,1201000,0.4300725271693755,0.11017958549342949,4.565101819035243,0.4720501507950211,0.47,120,-0.044126213710630385,-0.01692198835572005,0.2833333333333333,1.52,-0.05598850605832402,0.38306587945015386,2.4,social,2.5,800,0.6,0.02,0.01,0.05,0.1,0.75,10,120,1.5,3.5,1.0,0.6,0.75
17,1701000,0.4255483687345527,0.11716543152482567,4.5254333808119105,0.4658659997165785,0.39,142,-0.057585544996590035,-0.0507819851642119,0.18309859154929578,1.66,-0.004802800099414938,0.3443877478016958,2.84,social,2.5,800,0.6,0.02,0.01,0.05,0.1,0.75,10,120,1.5,3.5,1.0,0.6,0.75
16,1601000,0.4534450668090729,0.1011459705247368,4.7273294384192726,0.5142402534460626,0.5,153,0.03704393983453831,-0.18639426100102433,0.23529411764705882,1.935,-0.1717256177680723,0.32234803440856985,3.06,social,2.5,800,0.6,0.02,0.01,0.05,0.1,0.75,10,120,1.5,3.5,1.0,0.6,0.75
21,2101000,0.4251179634207735,0.09747929952914959,4.568118068251149,0.4673764264976631,0.55,141,0.0709658980297178,0.01394924026014297,0.3546099290780142,2.035,-0.10695533762744597,0.327125881714979,2.82,social,2.5,800,0.6,0.02,0.01,0.05,0.1,0.75,10,120,1.5,3.5,1.0,0.6,0.75
15,1501000,0.42097537292093834,0.11654262378355447,4.483820081340493,0.4616337008219072,0.45,167,0.0025892979162434712,-0.1642884424468289,0.20359281437125748,1.985,0.05479039034858595,0.30443748916198915,3.34,social,2.5,800,0.6,0.02,0.01,0.05,0.1,0.75,10,120,1.5,3.5,1.0,0.6,0.75
14,1401000,0.44680351087541986,0.1117018496451765,4.667023246680885,0.4873763953689142,0.5,152,0.16704292604095164,-0.09121383678778712,0.28289473684210525,1.955,-0.3152786489504616,0.3388613910979012,3.04,social,2.5,800,0.6,0.02,0.01,0.05,0.1,0.75,10,120,1.5,3.5,1.0,0.6,0.75
20,2001000,0.4102609686053882,0.10724303070332251,4.427934508476092,0.44524878413629304,0.46,156,-0.22898681662570933,0.06538953796614573,0.23717948717948717,1.805,-0.04120951655396691,0.34543222055452283,3.12,social,2.5,800,0.6,0.02,0.01,0.05,0.1,0.75,10,120,1.5,3.5,1.0,0.6,0.75
