point,eta_s,delta_pi,round,mean_cooperation,std,n,ci95
colapso,0.1,0.4,0,0.44967205999698834,0.0016748335904655687,11,0.0009897634024983433
colapso,0.1,0.4,1,0.38055192510967684,0.002622911243899756,11,0.001550041491878446
colapso,0.1,0.4,2,0.32540078317623694,0.002954055712802838,11,0.001745735367452623
colapso,0.1,0.4,3,0.2822344920304558,0.002755737016860473,11,0.00162853650758238
colapso,0.1,0.4,4,0.2461093509808032,0.00232025693704168,11,0.0013711842261525079
colapso,0.1,0.4,5,0.21452162226795715,0.0021439688317431527,11,0.0012670046133757224
colapso,0.1,0.4,6,0.189668591447042,0.0027636476032258835,11,0.0016332113653839899
colapso,0.1,0.4,7,0.16853369339914764,0.0031753095949746935,11,0.001876488056245728
colapso,0.1,0.4,8,0.15046459413968297,0.0030267653989345376,11,0.001788704046102239
colapso,0.1,0.4,9,0.13579227190299742,0.002668386703716043,11,0.0015769157712660674
colapso,0.1,0.4,10,0.12333831079269646,0.004023687904759863,11,0.002377847598637845
colapso,0.1,0.4,11,0.11239437277615229,0.0038227069501295427,11,0.002259075444422228
colapso,0.1,0.4,12,0.10262786968019727,0.002594924691998622,11,0.0015335024966065852
colapso,0.1,0.4,13,0.09540828522616698,0.00253373815684149,11,0.001497343565015434
colapso,0.1,0.4,14,0.08841795631238444,0.0019698535209194037,11,0.0011641090400787563
colapso,0.1,0.4,15,0.08336224262747155,0.002876904016770437,11,0.0017001416287025421
colapso,0.1,0.4,16,0.07867241461502962,0.0037358431359219603,11,0.002207742210605141
colapso,0.1,0.4,17,0.07405632805933088,0.002351674553756001,11,0.001389750851156077
colapso,0.1,0.4,18,0.06953696545050203,0.002360091147385683,11,0.001394724740141695
colapso,0.1,0.4,19,0.06709935794834386,0.002559832080211039,11,0.001512764088299539
colapso,0.1,0.4,20,0.06548950204417908,0.0031119486439756387,11,0.0018390441270080043
colapso,0.1,0.4,21,0.06347930233581667,0.003237461535785892,11,0.0019132175061202478
colapso,0.1,0.4,22,0.06298457191194698,0.002794673844239962,11,0.0016515467021288729
colapso,0.1,0.4,23,0.061551409026420534,0.002648837172339604,11,0.0015653627365033638
colapso,0.1,0.4,24,0.0596473168460083,0.0025778284575524424,11,0.0015233992676818204
colapso,0.1,0.4,25,0.05935626738209055,0.002900003764265003,11,0.001713792707118469
colapso,0.1,0.4,26,0.05768772201904908,0.0025905582261334364,11,0.0015309220801782181
colapso,0.1,0.4,27,0.05672675833904606,0.003098087277421588,11,0.0018308525828439062
colapso,0.1,0.4,28,0.05649035527549148,0.00275718232853328,11,0.0016293906321993522
colapso,0.1,0.4,29,0.05696011535987012,0.0027708032706684235,11,0.0016374400946114148
colapso,0.1,0.4,30,0.05658140520510253,0.002914670727900475,11,0.0017224603287346136
colapso,0.1,0.4,31,0.05569254749364816,0.002689764789142305,11,0.0015895494124175537
colapso,0.1,0.4,32,0.05487862500799476,0.001954714893986107,11,0.0011551626832657863
colapso,0.1,0.4,33,0.054870697774522983,0.0019396379481868063,11,0.0011462527776736429
colapso,0.1,0.4,34,0.055025294969800014,0.0018707857986355351,11,0.0011055637574646276
colapso,0.1,0.4,35,0.054447906659193405,0.0018577339605580308,11,0.001097850614058627
colapso,0.1,0.4,36,0.05424303686281715,0.0018465966152295115,11,0.0010912688635671705
colapso,0.1,0.4,37,0.05404958858039152,0.0016134437332832334,11,0.0009534843152686768
colapso,0.1,0.4,38,0.054133026908813636,0.0021941679270040416,11,0.00129667038292477
colapso,0.1,0.4,39,0.054188156250478764,0.001998729616849367,11,0.0011811737222783558
colapso,0.1,0.4,40,0.05447117291092506,0.001974888907883336,11,0.001167084763614927
colapso,0.1,0.4,41,0.05418234058744425,0.0022280649585404316,11,0.0013167022484540044
colapso,0.1,0.4,42,0.055272363935889454,0.002207446081657428,11,0.0013045172708803557
colapso,0.1,0.4,43,0.05408721480365297,0.0015435195588152815,11,0.0009121617688185252
colapso,0.1,0.4,44,0.054009198978600015,0.002213485127318067,11,0.0013080861188034833
colapso,0.1,0.4,45,0.053534647168633834,0.001741669671349796,11,0.0010292610022612178
colapso,0.1,0.4,46,0.053905941556989044,0.0025882182939948586,11,0.0015295392686509844
colapso,0.1,0.4,47,0.05350916755614843,0.0026556028815912162,11,0.0015693610151665763
colapso,0.1,0.4,48,0.05407852507024941,0.002679003346211558,11,0.0015831898060473667
colapso,0.1,0.4,49,0.05426854094280067,0.002305980896692821,11,0.0013627476254356797
colapso,0.1,0.4,50,0.05416389633019348,0.002383875647215113,11,0.0014087804813281096
colapso,0.1,0.4,51,0.05455549289773694,0.00208745643487505,11,0.0012336079209962951
colapso,0.1,0.4,52,0.05485023367761481,0.002166096573266078,11,0.001280081272969853
colapso,0.1,0.4,53,0.05423235040215823,0.002028306754698976,11,0.001198652693777879
colapso,0.1,0.4,54,0.054328728192024583,0.0024640202980710443,11,0.001456142943351073
colapso,0.1,0.4,55,0.0543779416093966,0.0012531177172495935,11,0.0007405452473705998
colapso,0.1,0.4,56,0.05413555762698135,0.002204832530280705,11,0.001302972760716507
colapso,0.1,0.4,57,0.05446752773629695,0.002048411515070765,11,0.0012105338479088182
colapso,0.1,0.4,58,0.0550095031850183,0.0019285316472767882,11,0.0011396893732611398
colapso,0.1,0.4,59,0.05459069754117483,0.003080893652155533,11,0.0018206917996225226
colapso,0.1,0.4,60,0.05459366356810422,0.002003407516665596,11,0.0011839381844106027
colapso,0.1,0.4,61,0.05400040921209761,0.002812546684481057,11,0.0016621088757502046
colapso,0.1,0.4,62,0.05395599800135362,0.0027545701519969363,11,0.001627846934514247
colapso,0.1,0.4,63,0.05442247101390349,0.003668995709956686,11,0.00216823790632781
colapso,0.1,0.4,64,0.05470270409940965,0.003372592282022609,11,0.001993074673983841
colapso,0.1,0.4,65,0.05527276338620575,0.002703990906071592,11,0.0015979565102787546
colapso,0.1,0.4,66,0.05572015754997912,0.002560594371371387,11,0.001513214573587663
colapso,0.1,0.4,67,0.055816639190618016,0.0025936324175288013,11,0.0015327388111971857
colapso,0.1,0.4,68,0.05556799719985082,0.002010786513973559,11,0.0011882988931545238
colapso,0.1,0.4,69,0.05606629889899737,0.0015851252705664327,11,0.0009367491732392459
colapso,0.1,0.4,70,0.05522056441011657,0.0018492506755766755,11,0.0010928373130027439
colapso,0.1,0.4,71,0.05524512027983531,0.0020324994454198153,11,0.0012011304156584913
colapso,0.1,0.4,72,0.054884866175633665,0.0020409819088074957,11,0.0012061432311835396
colapso,0.1,0.4,73,0.054823695650312906,0.0017588115994396634,11,0.001039391234403799
colapso,0.1,0.4,74,0.054536474883449586,0.0025644570221291436,11,0.0015154972543139297
colapso,0.1,0.4,75,0.054995160303898886,0.002297433128097678,11,0.0013576962169992476
colapso,0.1,0.4,76,0.05507699532623605,0.002650938637354863,11,0.001566604622966338
colapso,0.1,0.4,77,0.05480053728696861,0.002443154140910255,11,0.0014438118324717007
colapso,0.1,0.4,78,0.053993871772993224,0.002915715760121237,11,0.0017230779033118313
colapso,0.1,0.4,79,0.05399513556874638,0.002518949468824226,11,0.0014886040088865262
colapso,0.1,0.4,80,0.0540183588827669,0.0021332322770158357,11,0.0012606597149938687
colapso,0.1,0.4,81,0.05364077510362555,0.0016485754398946598,11,0.0009742458271402133
colapso,0.1,0.4,82,0.05321807400186502,0.0017874972090017145,11,0.0010563433463536092
colapso,0.1,0.4,83,0.053506559641708834,0.001886968271537181,11,0.0011151269878244378
colapso,0.1,0.4,84,0.05391635110233403,0.001910858269378136,11,0.0011292450743515708
colapso,0.1,0.4,85,0.05513805067174924,0.0018188380401654928,11,0.001074864593996585
colapso,0.1,0.4,86,0.05456879021318794,0.002222309213834577,11,0.0013133008206963994
colapso,0.1,0.4,87,0.054094915307655686,0.0023288947745335052,11,0.0013762888619054607
colapso,0.1,0.4,88,0.05494730990559087,0.0017926308045509089,11,0.001059377107454859
colapso,0.1,0.4,89,0.05583837696929259,0.0015269012717548842,11,0.0009023409887492522
colapso,0.1,0.4,90,0.055520142439432305,0.0021689310480985558,11,0.001281756340552961
colapso,0.1,0.4,91,0.055954873888350125,0.001636835002461548,11,0.0009673076719904916
colapso,0.1,0.4,92,0.05681741282590736,0.0017753867442399831,11,0.0010491865190266174
colapso,0.1,0.4,93,0.0568385548786539,0.0022699170792448574,11,0.001341435271260568
colapso,0.1,0.4,94,0.056310014604738674,0.002556090545058003,11,0.0015105529823217765
colapso,0.1,0.4,95,0.05614761756221516,0.002330021232928628,11,0.0013769545562766965
colapso,0.1,0.4,96,0.05622986978414258,0.0019799388484983732,11,0.0011700690878092873
colapso,0.1,0.4,97,0.056273861136546206,0.002125443304202661,11,0.0012560567262089402
colapso,0.1,0.4,98,0.05604651486039573,0.0025527877529010123,11,0.0015086011568857106
colapso,0.1,0.4,99,0.05515288533692238,0.0031874775493322357,11,0.0018836788577527707
colapso,0.1,0.4,100,0.05637279636771997,0.0026190960904096698,11,0.0015477868802436557
colapso,0.1,0.4,101,0.05609956785069154,0.002566943192776435,11,0.0015169664872771702
colapso,0.1,0.4,102,0.05539109986417404,0.0027318820497363424,11,0.0016144391228859684
colapso,0.1,0.4,103,0.0549628322149348,0.00272502413383643,11,0.0016103863535757604
colapso,0.1,0.4,104,0.05554554294483347,0.0023619821959136506,11,0.0013958422784069804
colapso,0.1,0.4,105,0.05638954600149731,0.0030442344749291514,11,0.0017990276103019066
colapso,0.1,0.4,106,0.05630364058711046,0.0021610840967059364,11,0.00127711908861712
colapso,0.1,0.4,107,0.056323165888539535,0.0023357848515062514,11,0.0013803606371951627
colapso,0.1,0.4,108,0.05564045741059727,0.0023556633101160076,11,0.0013921080555309422
colapso,0.1,0.4,109,0.05501614930447296,0.002662204381591544,11,0.001573262252363581
colapso,0.1,0.4,110,0.05502337293924025,0.001937130108117967,11,0.001144770738900605
colapso,0.1,0.4,111,0.05494936619652604,0.0022382897507793793,11,0.0013227447145317515
colapso,0.1,0.4,112,0.05553819266036799,0.002948473600557221,11,0.0017424365499218535
colapso,0.1,0.4,113,0.055536497855656446,0.0019519457555757169,11,0.0011535262270407267
colapso,0.1,0.4,114,0.055611269919224646,0.0018845000045417967,11,0.0011136683352433497
colapso,0.1,0.4,115,0.055919633905241524,0.0024420601322569847,11,0.0014431653146724471
colapso,0.1,0.4,116,0.05570231887719783,0.0018997255688336357,11,0.0011226660687520611
colapso,0.1,0.4,117,0.05601247489531018,0.0025244971065292725,11,0.0014918824532657367
colapso,0.1,0.4,118,0.05622756842815564,0.002493386577773496,11,0.0014734973056486052
colapso,0.1,0.4,119,0.05689811826299384,0.00215649910060521,11,0.001274409529072261
colapso,0.1,0.4,120,0.05653713808261848,0.0026433305026600626,11,0.0015621085026800844
colapso,0.1,0.4,121,0.05577066811594769,0.003933029796927012,11,0.002324272080578309
colapso,0.1,0.4,122,0.05601002971891018,0.002840602451644121,11,0.001678688774627977
colapso,0.1,0.4,123,0.056255417815995926,0.002052154172889183,11,0.0012127456173394245
colapso,0.1,0.4,124,0.055671154516633806,0.0018270687646593103,11,0.001079728641342186
colapso,0.1,0.4,125,0.05543269992281585,0.00263022347407142,11,0.0015543627437662499
colapso,0.1,0.4,126,0.05564573544095424,0.0028225162977576594,11,0.0016680005406979443
colapso,0.1,0.4,127,0.05563721416597802,0.002644070993845415,11,0.0015625461050062539
colapso,0.1,0.4,128,0.05560442182159329,0.0035035377798513802,11,0.0020704585180926854
colapso,0.1,0.4,129,0.05542463932775741,0.0023778172679874763,11,0.0014052002079970117
colapso,0.1,0.4,130,0.05450325045320636,0.0015099412512959097,11,0.0008923182571468548
colapso,0.1,0.4,131,0.05475993251303884,0.0018285005107405445,11,0.0010805747492068378
colapso,0.1,0.4,132,0.053804100618522165,0.0018205978504121896,11,0.0010759045753938044
colapso,0.1,0.4,133,0.05426043141506917,0.0025331056607161527,11,0.00149696978369134
colapso,0.1,0.4,134,0.05440634194819532,0.0019127555028085712,11,0.0011303662676606441
colapso,0.1,0.4,135,0.054040238021436225,0.0019800882934315174,11,0.0011701574041210433
colapso,0.1,0.4,136,0.05428831062316315,0.0015058655670143728,11,0.0008899096816531656
colapso,0.1,0.4,137,0.05453331406319963,0.001914021162701642,11,0.0011311142248602744
colapso,0.1,0.4,138,0.05470630437299485,0.002145134665204531,11,0.0012676935769241303
colapso,0.1,0.4,139,0.05560311151143222,0.0028530387169496845,11,0.0016860381377726372
colapso,0.1,0.4,140,0.05535625803380908,0.003061025023079861,11,0.0018089501901701781
colapso,0.1,0.4,141,0.05483797097152773,0.0026930435699199567,11,0.0015914870480352107
colapso,0.1,0.4,142,0.054830747477949845,0.002513332842889718,11,0.0014852847950690188
colapso,0.1,0.4,143,0.054417404681415066,0.0023635106239606827,11,0.0013967455216622603
colapso,0.1,0.4,144,0.054329592215686125,0.0024727064772580016,11,0.0014612761472202424
colapso,0.1,0.4,145,0.0548883761658083,0.0022714230183113145,11,0.0013423252243776164
colapso,0.1,0.4,146,0.05511268388900373,0.002255701945478081,11,0.001333034664033636
colapso,0.1,0.4,147,0.05504786912362169,0.0029177138832014557,11,0.0017242587185938667
colapso,0.1,0.4,148,0.05488933838291135,0.002236578159202774,11,0.0013217332285475963
colapso,0.1,0.4,149,0.0547940384628605,0.0033931237964674454,11,0.002005208023655743
colapso,0.1,0.4,150,0.055414228940437904,0.003406739957993955,11,0.0020132546609086407
colapso,0.1,0.4,151,0.05531749850297265,0.003227626143367818,11,0.001907405160631098
colapso,0.1,0.4,152,0.05556811424555235,0.0033680103403404657,11,0.0019903669194850154
colapso,0.1,0.4,153,0.05503393965484336,0.002861476282330206,11,0.001691024420271011
colapso,0.1,0.4,154,0.05475967006956098,0.0024526260258313126,11,0.0014494093587578392
colapso,0.1,0.4,155,0.05557244881473739,0.0021669074144436994,11,0.0012805604494847123
colapso,0.1,0.4,156,0.05455339835540321,0.002174854901805364,11,0.0012852571143815556
colapso,0.1,0.4,157,0.05486010351658248,0.001890916438573766,11,0.0011174602054420018
colapso,0.1,0.4,158,0.05485666426619644,0.0017652895560276525,11,0.0010432194621096825
colapso,0.1,0.4,159,0.05413599253986676,0.0016753461154520573,11,0.0009900662854100428
colapso,0.1,0.4,160,0.05383767891397415,0.0018875359973872055,11,0.001115462492361847
colapso,0.1,0.4,161,0.0539523858162819,0.002012117347517614,11,0.0011890853655206269
colapso,0.1,0.4,162,0.054436758924377784,0.002824324948666495,11,0.0016690693850820381
colapso,0.1,0.4,163,0.054907885435811994,0.002612502805165962,11,0.0015438904976575862
colapso,0.1,0.4,164,0.054802283457668126,0.0026271937093236045,11,0.0015525722672182283
colapso,0.1,0.4,165,0.05480516646644191,0.0022950987699612104,11,0.0013563166994967609
colapso,0.1,0.4,166,0.054530357624979375,0.002326342865148143,11,0.0013747807798306193
colapso,0.1,0.4,167,0.05427016232271555,0.0018195776721905853,11,0.0010753016885914866
colapso,0.1,0.4,168,0.05488337788384938,0.00265632807216617,11,0.001569789575409822
colapso,0.1,0.4,169,0.054481966967473226,0.0018890310479669735,11,0.0011163460107944615
colapso,0.1,0.4,170,0.054333558279871345,0.001852822676090771,11,0.0010949482304113052
colapso,0.1,0.4,171,0.05424332529769253,0.0022581728471592335,11,0.0013344948736145155
colapso,0.1,0.4,172,0.054441636188183984,0.001947870437396465,11,0.001151117867899662
colapso,0.1,0.4,173,0.05503583792548286,0.0017319964519317416,11,0.0010235444948906765
colapso,0.1,0.4,174,0.05494727330995539,0.0022275778917339698,11,0.001316414410365282
colapso,0.1,0.4,175,0.05541488474951624,0.002620495547123586,11,0.0015486139063116185
colapso,0.1,0.4,176,0.05526482481738389,0.002614478572971683,11,0.001545058101816632
colapso,0.1,0.4,177,0.05523889163364755,0.0023614405695953854,11,0.0013955221977072017
colapso,0.1,0.4,178,0.055950788589766584,0.0023029869109269206,11,0.0013609782929147895
colapso,0.1,0.4,179,0.05541187944023518,0.001935824223885565,11,0.0011439990106354872
colapso,0.1,0.4,180,0.05548844262973965,0.001866853625012735,11,0.0011032399913506253
colapso,0.1,0.4,181,0.05495258635854912,0.0026664951324212923,11,0.0015757979240653551
colapso,0.1,0.4,182,0.055951745843248114,0.0020100498153859422,11,0.00118786353211039
colapso,0.1,0.4,183,0.05563865138307889,0.002337396204035737,11,0.0013813128856879605
colapso,0.1,0.4,184,0.055035941020198285,0.0024694581854311825,11,0.0014593565294211235
colapso,0.1,0.4,185,0.055731294558668806,0.0024253364217712682,11,0.001433282233340087
colapso,0.1,0.4,186,0.056007991103897536,0.0020200356383216675,11,0.0011937647763545192
colapso,0.1,0.4,187,0.054737166013509794,0.0012116115938449487,11,0.0007160166959017475
colapso,0.1,0.4,188,0.054854278169709586,0.0017548214363715818,11,0.001037033198717585
colapso,0.1,0.4,189,0.055246435696777986,0.001951393821137368,11,0.001153200054631261
colapso,0.1,0.4,190,0.05528294759562105,0.0017116544907203263,11,0.0010115231640213194
colapso,0.1,0.4,191,0.055032677497338,0.0016555299577934355,11,0.0009783556845836111
colapso,0.1,0.4,192,0.05492002774041536,0.0017855915829042923,11,0.0010552171932952925
colapso,0.1,0.4,193,0.05457693789867767,0.0021282081298489596,11,0.0012576906337532915
colapso,0.1,0.4,194,0.05464415624592505,0.0031886453692694062,11,0.0018843689952333534
colapso,0.1,0.4,195,0.05386711764304611,0.003011370276041314,11,0.0017796061098634265
colapso,0.1,0.4,196,0.05390943657943548,0.002720593582618007,11,0.001607768065123789
colapso,0.1,0.4,197,0.054246330665924616,0.002062500284755158,11,0.0012188597787351541
colapso,0.1,0.4,198,0.055543435321124005,0.001972904440556287,11,0.0011659120183673106
colapso,0.1,0.4,199,0.054844392595317856,0.0013159288945050452,11,0.0007776642810878546
colapso,0.1,0.4,200,0.05558500522657534,0.001198374346739635,11,0.0007081939827622142
cooperativo,0.6,0.02,0,0.44967205999698834,0.0016748335904655822,11,0.0009897634024983511
cooperativo,0.6,0.02,1,0.4755721061155956,0.0028317583068458657,11,0.0016734622190480426
cooperativo,0.6,0.02,2,0.4812895974163693,0.0038335938621638505,11,0.002265509198294325
cooperativo,0.6,0.02,3,0.4795844819223414,0.005168101816398297,11,0.0030541530020509844
cooperativo,0.6,0.02,4,0.4810506519454322,0.004421582353132414,11,0.002612988191290362
cooperativo,0.6,0.02,5,0.48306472532605527,0.004803878579334212,11,0.0028389108237010154
cooperativo,0.6,0.02,6,0.48461320368075084,0.0032113427035938722,11,0.0018977822626627349
cooperativo,0.6,0.02,7,0.4864187338562187,0.0062206418075011465,11,0.003676164388011988
cooperativo,0.6,0.02,8,0.48656991196025584,0.006671830337050286,11,0.003942799770008741
cooperativo,0.6,0.02,9,0.48823361841922625,0.005740673810531316,11,0.0033925214276154755
cooperativo,0.6,0.02,10,0.4893515224022785,0.005710487234058527,11,0.003374682300904876
cooperativo,0.6,0.02,11,0.489740970198474,0.00635443146672023,11,0.0037552290240938113
cooperativo,0.6,0.02,12,0.48944256759753385,0.007346126473077036,11,0.004341283321858093
cooperativo,0.6,0.02,13,0.4928094427985928,0.004098162663599004,11,0.0024218593686002447
cooperativo,0.6,0.02,14,0.4916697842835093,0.003883696878764181,11,0.002295118188983358
cooperativo,0.6,0.02,15,0.49399067492500315,0.0064737550025466915,11,0.003825744727558358
cooperativo,0.6,0.02,16,0.4940001123395838,0.0039709233723378215,11,0.002346665752609334
cooperativo,0.6,0.02,17,0.4953512021743364,0.0029615161778998498,11,0.0017501442205832708
cooperativo,0.6,0.02,18,0.49589815847804514,0.0038924147001627926,11,0.002300270092204659
cooperativo,0.6,0.02,19,0.49710448670785345,0.0045041275266457965,11,0.002661769271549034
cooperativo,0.6,0.02,20,0.49547255422374853,0.0037555515825795755,11,0.0022193891582976432
cooperativo,0.6,0.02,21,0.4946925053500244,0.005058015786454494,11,0.00298909631571212
cooperativo,0.6,0.02,22,0.4963258839937121,0.005223487489764631,11,0.00308688384339116
cooperativo,0.6,0.02,23,0.4963509119389982,0.004226967162958115,11,0.00249797796346753
cooperativo,0.6,0.02,24,0.49531256237949783,0.005220491928347959,11,0.003085113579720168
cooperativo,0.6,0.02,25,0.49580488310363474,0.004962929759261,11,0.0029329040645291703
cooperativo,0.6,0.02,26,0.4964648204567828,0.004289612035381814,11,0.002534998717309659
cooperativo,0.6,0.02,27,0.4962341909519431,0.005396540340095194,11,0.0031891515426600778
cooperativo,0.6,0.02,28,0.4989309112637408,0.00529820988703316,11,0.003131041958313356
cooperativo,0.6,0.02,29,0.49937674756259476,0.005534343649837496,11,0.003270588094627106
cooperativo,0.6,0.02,30,0.49653808373300695,0.00439375849935298,11,0.0025965453444641924
cooperativo,0.6,0.02,31,0.4975174098246709,0.005378615088867414,11,0.003178558396124897
cooperativo,0.6,0.02,32,0.4973696173093487,0.007025907988281254,11,0.0041520462902756095
cooperativo,0.6,0.02,33,0.49851173811610094,0.007572475700880454,11,0.004475047167495621
cooperativo,0.6,0.02,34,0.4976395763256386,0.007316146935262333,11,0.004323566547175683
cooperativo,0.6,0.02,35,0.4972716637138868,0.00796008014051828,11,0.004704106753584264
cooperativo,0.6,0.02,36,0.49904697537230464,0.0046495583295291945,11,0.0027477133839130126
cooperativo,0.6,0.02,37,0.4986935287076842,0.004118192295127019,11,0.0024336961244217263
cooperativo,0.6,0.02,38,0.4994699233979063,0.005807775620752507,11,0.0034321760633813266
cooperativo,0.6,0.02,39,0.49791159006293245,0.0050993246636398615,11,0.003013508302114309
cooperativo,0.6,0.02,40,0.4976466950719758,0.0039243400048769314,11,0.002319136741643472
cooperativo,0.6,0.02,41,0.49800191824453355,0.0051549216390007705,11,0.0030463640149535377
cooperativo,0.6,0.02,42,0.4972332832294844,0.0043271680186032875,11,0.00255719288510583
cooperativo,0.6,0.02,43,0.4981710932205376,0.003738203236607801,11,0.0022091369409821494
cooperativo,0.6,0.02,44,0.4987300567968056,0.004558056429359914,11,0.002693639216448151
cooperativo,0.6,0.02,45,0.498690469261218,0.0048860441235084075,11,0.002887467557356789
cooperativo,0.6,0.02,46,0.5003647866365734,0.004157979926165657,11,0.0024572091118004926
cooperativo,0.6,0.02,47,0.4991948308765426,0.0038676883473689884,11,0.0022856577514850256
cooperativo,0.6,0.02,48,0.4994221159234428,0.00444249901304991,11,0.00262534914739173
cooperativo,0.6,0.02,49,0.4982413088390288,0.004720696767884334,11,0.0027897535144642683
cooperativo,0.6,0.02,50,0.49936429355358203,0.0049317503330416615,11,0.0029144782011129608
cooperativo,0.6,0.02,51,0.5008721941981628,0.006747385912679406,11,0.003987450261877376
cooperativo,0.6,0.02,52,0.5000152284081189,0.0055941378530485,11,0.003305924210618993
cooperativo,0.6,0.02,53,0.4984251844882602,0.005761845408606702,11,0.0034050330425405124
cooperativo,0.6,0.02,54,0.5000583934949944,0.00662405210095143,11,0.00391456463680161
cooperativo,0.6,0.02,55,0.5014519497986101,0.007089055153198233,11,0.004189363880012378
cooperativo,0.6,0.02,56,0.5015204931959489,0.004829845333470064,11,0.0028542561947705047
cooperativo,0.6,0.02,57,0.49965338330254633,0.005761035565830667,11,0.0034045544560432866
cooperativo,0.6,0.02,58,0.4994033295007835,0.0056562067963181785,11,0.0033426046120808464
cooperativo,0.6,0.02,59,0.5012801771861104,0.006285384403688993,11,0.0037144248173789714
cooperativo,0.6,0.02,60,0.5004238351906356,0.006005521168649699,11,0.0035490362144015943
cooperativo,0.6,0.02,61,0.4992283745119304,0.007027748675819858,11,0.004153134067098045
cooperativo,0.6,0.02,62,0.5015551939832898,0.006101137461119003,11,0.0036055418323372767
cooperativo,0.6,0.02,63,0.5000940265933692,0.005377981877674539,11,0.0031781841922228927
cooperativo,0.6,0.02,64,0.4993451180877031,0.005073108899353089,11,0.0029980157754494023
cooperativo,0.6,0.02,65,0.49920035613320013,0.005668276848682509,11,0.003349737557207133
cooperativo,0.6,0.02,66,0.5005519775966873,0.005709318799109432,11,0.0033739917999754715
cooperativo,0.6,0.02,67,0.500974457219886,0.005511579415076116,11,0.003257135291565978
cooperativo,0.6,0.02,68,0.500854799255718,0.004131073024246638,11,0.0024413081488954833
cooperativo,0.6,0.02,69,0.5006169519237285,0.003667466119380582,11,0.0021673339760617514
cooperativo,0.6,0.02,70,0.49979800971716865,0.004950112297693926,11,0.0029253294287896925
cooperativo,0.6,0.02,71,0.500766705858948,0.006390932242149922,11,0.003776799603934569
cooperativo,0.6,0.02,72,0.5002664881836542,0.004994258849311636,11,0.002951418373617678
cooperativo,0.6,0.02,73,0.5015783869013348,0.006402592141524542,11,0.0037836901641332115
cooperativo,0.6,0.02,74,0.4996968314656499,0.006153730082798418,11,0.0036366220856090398
cooperativo,0.6,0.02,75,0.5007898523550834,0.007232775208442525,11,0.004274297005127391
cooperativo,0.6,0.02,76,0.49949136889451284,0.006618035796580264,11,0.0039110092281217455
cooperativo,0.6,0.02,77,0.5002152475913629,0.006808434749642269,11,0.0040235278190358355
cooperativo,0.6,0.02,78,0.5017437846274523,0.005766780969641438,11,0.003407949772722417
cooperativo,0.6,0.02,79,0.4995073260040839,0.004737948489796418,11,0.002799948630609457
cooperativo,0.6,0.02,80,0.5001835253483341,0.005541574204948589,11,0.0032748610796385414
cooperativo,0.6,0.02,81,0.500346849315203,0.005376182963970371,11,0.0031771211021590353
cooperativo,0.6,0.02,82,0.49889693508283023,0.004514820595779534,11,0.0026680884715872995
cooperativo,0.6,0.02,83,0.49882045134842257,0.004812015662199331,11,0.002843719532380397
cooperativo,0.6,0.02,84,0.49867432554852065,0.005114934677176779,11,0.0030227332306082795
cooperativo,0.6,0.02,85,0.49828300547395493,0.004404338335147591,11,0.0026027976278752483
cooperativo,0.6,0.02,86,0.49714792851536393,0.003425903261621926,11,0.0020245794496577467
cooperativo,0.6,0.02,87,0.49982030054214005,0.003961836019515932,11,0.0023412954702720927
cooperativo,0.6,0.02,88,0.4995348608158557,0.005832451874690889,11,0.00344675879756937
cooperativo,0.6,0.02,89,0.4977997948068996,0.005080082016532823,11,0.0030021366243654516
cooperativo,0.6,0.02,90,0.49712175918065765,0.004887287922955822,11,0.002888202595858588
cooperativo,0.6,0.02,91,0.497816510721997,0.004121756691831013,11,0.002435802548265673
cooperativo,0.6,0.02,92,0.4970648481452036,0.007097623611085548,11,0.0041944275150391595
cooperativo,0.6,0.02,93,0.49638830563632047,0.005910642463240948,11,0.0034929664825639976
cooperativo,0.6,0.02,94,0.4972894992537278,0.004933115883202749,11,0.0029152851896886703
cooperativo,0.6,0.02,95,0.497230558771693,0.004673664322693873,11,0.002761959115519483
cooperativo,0.6,0.02,96,0.49852711822261264,0.006035254656017612,11,0.003566607582561954
cooperativo,0.6,0.02,97,0.5007149242771616,0.007621456557793887,11,0.00450399300418764
cooperativo,0.6,0.02,98,0.4978728488304661,0.0056360360452803356,11,0.003330684459958382
cooperativo,0.6,0.02,99,0.49920649020980684,0.0055565490509298324,11,0.003283710648093974
cooperativo,0.6,0.02,100,0.4996746840313572,0.005598068029384783,11,0.003308246796412091
cooperativo,0.6,0.02,101,0.49978795587084457,0.006642706558022754,11,0.003925588716452139
cooperativo,0.6,0.02,102,0.49844677380556895,0.004993595281354616,11,0.002951026230014476
cooperativo,0.6,0.02,103,0.4997214446007195,0.00647639199497936,11,0.003827303090501028
cooperativo,0.6,0.02,104,0.50160461416636,0.005381860372806925,11,0.003180476236376208
cooperativo,0.6,0.02,105,0.5008266463627818,0.0067819956800868764,11,0.004007903327390214
cooperativo,0.6,0.02,106,0.5009479301300122,0.0062657728885968525,11,0.0037028351525810804
cooperativo,0.6,0.02,107,0.5000390028576308,0.004659089365866819,11,0.002753345866452511
cooperativo,0.6,0.02,108,0.500913633805794,0.007504853655400586,11,0.004435085092338383
cooperativo,0.6,0.02,109,0.5009637974686771,0.007410220455179425,11,0.00437916044479524
cooperativo,0.6,0.02,110,0.5011651712367429,0.006120976435618458,11,0.0036172659170549716
cooperativo,0.6,0.02,111,0.4985056937214498,0.006720543672441276,11,0.003971587511583847
cooperativo,0.6,0.02,112,0.49901600205622787,0.007989081154173431,11,0.004721245257441978
cooperativo,0.6,0.02,113,0.49923879121721276,0.007096064522570781,11,0.004193506152605329
cooperativo,0.6,0.02,114,0.49973858607797544,0.0057696008609870635,11,0.003409616222015535
cooperativo,0.6,0.02,115,0.4974690969112677,0.006571256464689159,11,0.0038833644095781494
cooperativo,0.6,0.02,116,0.49903496473669856,0.0076319495113422835,11,0.004510193943472259
cooperativo,0.6,0.02,117,0.4992234888949398,0.008146286893133762,11,0.004814147912351348
cooperativo,0.6,0.02,118,0.498475938575278,0.006524896081548524,11,0.0038559671739246382
cooperativo,0.6,0.02,119,0.4988062536031796,0.006032977346543084,11,0.003565261778664252
cooperativo,0.6,0.02,120,0.4981456340880142,0.006331995240630508,11,0.0037419700617705083
cooperativo,0.6,0.02,121,0.4984017632654718,0.005410798268050875,11,0.003197577439636546
cooperativo,0.6,0.02,122,0.49826667590391904,0.006413591363121551,11,0.0037901902887155364
cooperativo,0.6,0.02,123,0.4975454075628542,0.00596982725600925,11,0.003527942459998407
cooperativo,0.6,0.02,124,0.49803937086657596,0.005261041444203454,11,0.0031090768122534
cooperativo,0.6,0.02,125,0.49692875829516664,0.006703902529057749,11,0.003961753224290765
cooperativo,0.6,0.02,126,0.49646659699061146,0.006893690652218573,11,0.004073910837801021
cooperativo,0.6,0.02,127,0.49766028399379647,0.007084978017458446,11,0.004186954446761676
cooperativo,0.6,0.02,128,0.4999610552941309,0.003895734000074758,11,0.0023022316731005055
cooperativo,0.6,0.02,129,0.4992069928888942,0.00549676754582196,11,0.0032483820362014986
cooperativo,0.6,0.02,130,0.49940069153752853,0.0051415695923235595,11,0.003038473459602376
cooperativo,0.6,0.02,131,0.49859940501245803,0.005211687146540815,11,0.0030799102861814517
cooperativo,0.6,0.02,132,0.49786859216118473,0.004031622998426302,11,0.0023825369393288528
cooperativo,0.6,0.02,133,0.4986096180703418,0.004856379166191763,11,0.0028699366878687173
cooperativo,0.6,0.02,134,0.49735029424918265,0.006726176225880167,11,0.003974916137954949
cooperativo,0.6,0.02,135,0.49959080732536504,0.007955214340274835,11,0.004701231249395522
cooperativo,0.6,0.02,136,0.499765965189149,0.005890181314196538,11,0.0034808747161864254
cooperativo,0.6,0.02,137,0.4986627344640628,0.005798482018759491,11,0.003426683895572872
cooperativo,0.6,0.02,138,0.49823823766553405,0.005618370509502305,11,0.0033202447954459456
cooperativo,0.6,0.02,139,0.4998164400478672,0.00643003031755443,11,0.003799905089974376
cooperativo,0.6,0.02,140,0.5005223995831748,0.0059945031929135185,11,0.003542525006831262
cooperativo,0.6,0.02,141,0.49858874641390405,0.0058183477532093115,11,0.003438423794410653
cooperativo,0.6,0.02,142,0.5003198852077954,0.005475443747233736,11,0.00323578047652117
cooperativo,0.6,0.02,143,0.5008433097450576,0.004668683374179856,11,0.0027590155630513647
cooperativo,0.6,0.02,144,0.5012885164269132,0.005700946869294858,11,0.0033690443056178694
cooperativo,0.6,0.02,145,0.5029151585115561,0.006442212078906979,11,0.003807104050894052
cooperativo,0.6,0.02,146,0.5004088293463557,0.006349097644537827,11,0.00375207693661382
cooperativo,0.6,0.02,147,0.5015162151416719,0.006640073658980184,11,0.0039240327725484315
cooperativo,0.6,0.02,148,0.4996859862638566,0.005976837690755656,11,0.0035320853621870754
cooperativo,0.6,0.02,149,0.5019848776282125,0.003971916863804033,11,0.0023472528685470305
cooperativo,0.6,0.02,150,0.5006419233157664,0.0045594689410773815,11,0.0026944739575301946
cooperativo,0.6,0.02,151,0.501176391327018,0.006842750844129157,11,0.0040438073349430585
cooperativo,0.6,0.02,152,0.5005176642194921,0.006056191806984572,11,0.0035789806480997183
cooperativo,0.6,0.02,153,0.5026851341189076,0.005008635854462463,11,0.0029599146407195713
cooperativo,0.6,0.02,154,0.5016003804401501,0.005490733094538509,11,0.0032448159033817846
cooperativo,0.6,0.02,155,0.5021096046852096,0.0060966789133380704,11,0.0036029069989741425
cooperativo,0.6,0.02,156,0.5016234175863253,0.0052581772320653706,11,0.003107384171045698
cooperativo,0.6,0.02,157,0.5022931465384761,0.005049799322168913,11,0.0029842406956110557
cooperativo,0.6,0.02,158,0.49956380969135117,0.005580671335344852,11,0.0032979660072141636
cooperativo,0.6,0.02,159,0.5011296554617901,0.005232545569463994,11,0.0030922368264184774
cooperativo,0.6,0.02,160,0.4997402789286166,0.0054474230947334935,11,0.003219221329083033
cooperativo,0.6,0.02,161,0.5014764705224298,0.006380434355963276,11,0.0037705957496470236
cooperativo,0.6,0.02,162,0.5008374573125799,0.006954456273659594,11,0.004109821025281601
cooperativo,0.6,0.02,163,0.5008273976463359,0.006988411275740363,11,0.004129887149213327
cooperativo,0.6,0.02,164,0.49951338329298917,0.005716152023422395,11,0.003378029977490261
cooperativo,0.6,0.02,165,0.49798876873799286,0.005136359264894415,11,0.003035394352857826
cooperativo,0.6,0.02,166,0.49938065216762806,0.007243636198331618,11,0.004280715439990607
cooperativo,0.6,0.02,167,0.4995805505975515,0.007567053505999829,11,0.0044718428550883415
cooperativo,0.6,0.02,168,0.49909711659682476,0.006872554228895023,11,0.004061420009825958
cooperativo,0.6,0.02,169,0.5004457895489309,0.007275925054269899,11,0.004299796934473512
cooperativo,0.6,0.02,170,0.5005140142802303,0.006497890709369191,11,0.0038400080188144754
cooperativo,0.6,0.02,171,0.5014086085998575,0.006220593728565488,11,0.0036761359751766973
cooperativo,0.6,0.02,172,0.4991490822900234,0.00708445847280852,11,0.00418664741549398
cooperativo,0.6,0.02,173,0.5008597036064436,0.006204926727314032,11,0.0036668773690955543
cooperativo,0.6,0.02,174,0.5005393936311554,0.004942787620365029,11,0.0029210008211020258
cooperativo,0.6,0.02,175,0.49952706043191086,0.0037493682450463013,11,0.002215735039326917
cooperativo,0.6,0.02,176,0.4985326635663828,0.002962036328185937,11,0.0017504516097590667
cooperativo,0.6,0.02,177,0.49860052176626907,0.0034670695705345603,11,0.0020489071835947887
cooperativo,0.6,0.02,178,0.49886607182321324,0.004432561135114584,11,0.0026194762368322113
cooperativo,0.6,0.02,179,0.5010257508044721,0.0028652916064823876,11,0.0016932791327606547
cooperativo,0.6,0.02,180,0.5012066997167889,0.0041711632381755915,11,0.0024649999513354955
cooperativo,0.6,0.02,181,0.49962345272105524,0.004973712912428217,11,0.002939276500829232
cooperativo,0.6,0.02,182,0.4990893377737828,0.006545395847601044,11,0.003868081761495647
cooperativo,0.6,0.02,183,0.5001529013481757,0.005830679224351574,11,0.0034457112281623147
cooperativo,0.6,0.02,184,0.5011503834232474,0.003676338201542758,11,0.0021725770415687187
cooperativo,0.6,0.02,185,0.5024064765267457,0.006448989617037694,11,0.003811109319978101
cooperativo,0.6,0.02,186,0.5007417996931461,0.005986814093911846,11,0.0035379810396972337
cooperativo,0.6,0.02,187,0.49867074494179486,0.005498058089411687,11,0.0032491446987261293
cooperativo,0.6,0.02,188,0.5011848648121713,0.006042106081016362,11,0.003570656515994702
cooperativo,0.6,0.02,189,0.5001749784152069,0.005228967254772798,11,0.0030901221775697014
cooperativo,0.6,0.02,190,0.500023456871718,0.007103264439425527,11,0.004197761031564305
cooperativo,0.6,0.02,191,0.4995629299671201,0.007593353206503574,11,0.00448738498488766
cooperativo,0.6,0.02,192,0.49880947765930883,0.005908251125640846,11,0.003491553292350311
cooperativo,0.6,0.02,193,0.4996485299641272,0.006328957636552453,11,0.0037401749524743648
cooperativo,0.6,0.02,194,0.49959692139360534,0.006758765379360535,11,0.003994175096944602
cooperativo,0.6,0.02,195,0.5018799119960201,0.007170658988392969,11,0.004237588664874021
cooperativo,0.6,0.02,196,0.49981176982780673,0.006451213750715604,11,0.003812423698988166
cooperativo,0.6,0.02,197,0.5009759721052437,0.007045627804525442,11,0.004163699956964408
cooperativo,0.6,0.02,198,0.5007926434730183,0.006067740908827072,11,0.0035858057311411056
cooperativo,0.6,0.02,199,0.5007005633252877,0.007981445949706944,11,0.0047167331399429364
cooperativo,0.6,0.02,200,0.4990167759744718,0.008024926235571592,11,0.00474242834687214
transicion,0.2,0.1,0,0.44967205999698834,0.0016748335904655722,11,0.0009897634024983453
transicion,0.2,0.1,1,0.4374719518129723,0.0029452108351439243,11,0.0017405083787797157
transicion,0.2,0.1,2,0.42913787632496087,0.0022838801380541734,11,0.0013496869117071578
transicion,0.2,0.1,3,0.41977377670072025,0.0037930879831664984,11,0.0022415717534963256
transicion,0.2,0.1,4,0.4111762631288665,0.004576363130320237,11,0.002704457785369958
transicion,0.2,0.1,5,0.4038258873537902,0.0037803791202015748,11,0.0022340612954295327
transicion,0.2,0.1,6,0.39638778535888886,0.003211857539428673,11,0.0018980865111985186
transicion,0.2,0.1,7,0.3896359072244469,0.003719969400247784,11,0.0021983614322874188
transicion,0.2,0.1,8,0.3839165650386816,0.0042339388276875795,11,0.0025020979540403216
transicion,0.2,0.1,9,0.37896775822153134,0.0046852289363788725,11,0.002768793365473989
transicion,0.2,0.1,10,0.3722780888596036,0.005511308584141544,11,0.0032569752407114756
transicion,0.2,0.1,11,0.36833755035635674,0.004120316982770599,11,0.0024349517345810443
transicion,0.2,0.1,12,0.3626771539887033,0.0032452498527899966,11,0.0019178201073467825
transicion,0.2,0.1,13,0.3587304850469541,0.004315225526597268,11,0.0025501353233340356
transicion,0.2,0.1,14,0.35739170731638115,0.0040166718553687145,11,0.0023737013784061677
transicion,0.2,0.1,15,0.3534857370924081,0.005288274192883397,11,0.0031251703382886345
transicion,0.2,0.1,16,0.3506722206387123,0.0045517056981813145,11,0.0026898861741545964
transicion,0.2,0.1,17,0.34728282160074325,0.004943326544162085,11,0.0029213193047138296
transicion,0.2,0.1,18,0.34445622620591493,0.005629767130563453,11,0.0033269797681039345
transicion,0.2,0.1,19,0.34275033387478443,0.0044593721015797555,11,0.002635320505506964
transicion,0.2,0.1,20,0.33982878047366866,0.005334976951400208,11,0.0031527699048597875
transicion,0.2,0.1,21,0.3367823207446462,0.005103433256187789,11,0.003015936325150667
transicion,0.2,0.1,22,0.33495143702875474,0.005726466425576771,11,0.0033841253996439416
transicion,0.2,0.1,23,0.33244368280893083,0.005247818051140437,11,0.0031012622863296722
transicion,0.2,0.1,24,0.33033953446575354,0.004439332053556578,11,0.0026234775939302166
transicion,0.2,0.1,25,0.32806148005191366,0.005205311003329808,11,0.00307614222633642
transicion,0.2,0.1,26,0.3253378810975756,0.005323433114332334,11,0.0031459479331013823
transicion,0.2,0.1,27,0.32448716726489485,0.00647334842140887,11,0.0038255044534602906
transicion,0.2,0.1,28,0.3239022925322093,0.005635598509102271,11,0.003330425892600537
transicion,0.2,0.1,29,0.3239890574804199,0.006243957954473045,11,0.0036899433503467735
transicion,0.2,0.1,30,0.32325857573268046,0.006321830114351562,11,0.0037359628560218595
transicion,0.2,0.1,31,0.3223577587375397,0.006390232200904364,11,0.0037763859059952412
transicion,0.2,0.1,32,0.3222496870401582,0.006480546729404698,11,0.0038297583816444044
transicion,0.2,0.1,33,0.32082863684018603,0.006798497172556743,11,0.004017655086267187
transicion,0.2,0.1,34,0.32101793840317233,0.007068138773364967,11,0.004177003089430213
transicion,0.2,0.1,35,0.32115538371319013,0.006024243643418429,11,0.003560100489942627
transicion,0.2,0.1,36,0.31936797050734256,0.00619111995825395,11,0.0036587180899885375
transicion,0.2,0.1,37,0.3184241588633149,0.0043512612544848814,11,0.0025714310776397717
transicion,0.2,0.1,38,0.31773510880330613,0.005010799112825581,11,0.002961193044717528
transicion,0.2,0.1,39,0.3173636326819645,0.005042997559957391,11,0.0029802211110100626
transicion,0.2,0.1,40,0.31560381653864716,0.00392031986355705,11,0.0023167609899425617
transicion,0.2,0.1,41,0.3156732207441357,0.005234681883129938,11,0.0030934993071179595
transicion,0.2,0.1,42,0.31545649269948933,0.00470039315893987,11,0.0027777548483363204
transicion,0.2,0.1,43,0.31436413110268935,0.005662962531138834,11,0.003346596996232044
transicion,0.2,0.1,44,0.3140944767741675,0.004926388955783844,11,0.002911309829624006
transicion,0.2,0.1,45,0.3135953399287264,0.004551383683443778,11,0.002689695875605479
transicion,0.2,0.1,46,0.31240528346905544,0.005103697081552857,11,0.003016092235978156
transicion,0.2,0.1,47,0.31184818325977964,0.0052881849530486465,11,0.0031251176009164067
transicion,0.2,0.1,48,0.3128176678749223,0.005161275138356249,11,0.0030501186931350885
transicion,0.2,0.1,49,0.3130282739788471,0.006269526028234373,11,0.003705053116370935
transicion,0.2,0.1,50,0.31258412987619144,0.00503476151675816,11,0.002975353920510422
transicion,0.2,0.1,51,0.3117209766356076,0.006297444302288856,11,0.0037215517620139116
transicion,0.2,0.1,52,0.3114850661789305,0.006941902285668547,11,0.004102402092475573
transicion,0.2,0.1,53,0.3107038309620313,0.00709531884598813,11,0.004193065485905182
transicion,0.2,0.1,54,0.3110685018782063,0.006875726436320863,11,0.004063294664617397
transicion,0.2,0.1,55,0.31182068546657504,0.007330540464147984,11,0.004332072579180845
transicion,0.2,0.1,56,0.31129434441217324,0.006394577411926256,11,0.0037789537616139033
transicion,0.2,0.1,57,0.31015268061698387,0.0070299358058956915,11,0.0041544265783767095
transicion,0.2,0.1,58,0.3103395557954436,0.0059728319606833415,11,0.003529718126989242
transicion,0.2,0.1,59,0.31108935209839444,0.006767658185648851,11,0.003999430409627479
transicion,0.2,0.1,60,0.31045024613261946,0.005988400451834374,11,0.003538918517321232
transicion,0.2,0.1,61,0.30910926095166436,0.006802748134532911,11,0.004020167244259107
transicion,0.2,0.1,62,0.30832306987492747,0.0060302061696229205,11,0.0035636241177568998
transicion,0.2,0.1,63,0.3070977340634938,0.006026584551785179,11,0.0035614838783838434
transicion,0.2,0.1,64,0.3076441740372457,0.006701184059733269,11,0.003960146711581979
transicion,0.2,0.1,65,0.3082916829959187,0.006256497040115367,11,0.003697353476427486
transicion,0.2,0.1,66,0.30898600110239705,0.006702063123079588,11,0.003960666204822153
transicion,0.2,0.1,67,0.31011639886700426,0.007511855588127004,11,0.004439222970154314
transicion,0.2,0.1,68,0.30808633020226456,0.007019900433428993,11,0.0041484960522309945
transicion,0.2,0.1,69,0.30631844394197866,0.007063495437105237,11,0.004174259053054576
transicion,0.2,0.1,70,0.3060481193541007,0.006558986938468968,11,0.003876113582936105
transicion,0.2,0.1,71,0.30669707318029493,0.005887632514151959,11,0.0034793684716145634
transicion,0.2,0.1,72,0.30674314410763465,0.005652130533242365,11,0.0033401956945415976
transicion,0.2,0.1,73,0.30784037271628206,0.005590786594856405,11,0.003303943743586483
transicion,0.2,0.1,74,0.30601129731459237,0.005641610791598448,11,0.0033339789245041686
transicion,0.2,0.1,75,0.30536679043127307,0.005297455742975206,11,0.0031305962876550745
transicion,0.2,0.1,76,0.306492112118119,0.005429898323201041,11,0.0032088648509238245
transicion,0.2,0.1,77,0.30709355423423884,0.004899600198009923,11,0.0028954786854470797
transicion,0.2,0.1,78,0.30752347556401377,0.005618328176645246,11,0.0033202197783261085
transicion,0.2,0.1,79,0.30671188977829567,0.006196683864244535,11,0.003662006148310135
transicion,0.2,0.1,80,0.3071467172173875,0.005252044314266619,11,0.0031037598482339924
transicion,0.2,0.1,81,0.3077653982217822,0.004395237390862931,11,0.0025974193134967864
transicion,0.2,0.1,82,0.3061525561721834,0.004744134425067159,11,0.0028036042847449233
transicion,0.2,0.1,83,0.3066479210523961,0.004601425205638641,11,0.002719268525423193
transicion,0.2,0.1,84,0.3062022690006557,0.004605238796445803,11,0.00272152221357139
transicion,0.2,0.1,85,0.3060519467791288,0.004558356395224707,11,0.0026938164849461444
transicion,0.2,0.1,86,0.3059645465085274,0.007055637857949466,11,0.004169615520512066
transicion,0.2,0.1,87,0.3059445986022083,0.005827619117203656,11,0.0034439028204017023
transicion,0.2,0.1,88,0.3054858597901045,0.00510517557720505,11,0.003016965971073764
transicion,0.2,0.1,89,0.3058451732818193,0.005854883769389365,11,0.00346001520020402
transicion,0.2,0.1,90,0.30605197771678283,0.006106219993877597,11,0.003608545417257649
transicion,0.2,0.1,91,0.3072687549934219,0.006164052388096547,11,0.003642722178222219
transicion,0.2,0.1,92,0.30713238642352925,0.0046958954230421355,11,0.0027750968562760808
transicion,0.2,0.1,93,0.306906165236791,0.005422327482845105,11,0.0032043907701834328
transicion,0.2,0.1,94,0.3066447274161509,0.005676482419504285,11,0.0033545867396824764
transicion,0.2,0.1,95,0.30634584116574604,0.00554428547242988,11,0.003276463336329977
transicion,0.2,0.1,96,0.3050213493281386,0.0035558056108795882,11,0.002101346832355183
transicion,0.2,0.1,97,0.3050289795464136,0.003882413378685303,11,0.0022943596889076438
transicion,0.2,0.1,98,0.3048146585774775,0.004437939461346787,11,0.0026226546245249564
transicion,0.2,0.1,99,0.304659814751046,0.0042082438429391494,11,0.002486913188415529
transicion,0.2,0.1,100,0.30529059639543615,0.003603801959452711,11,0.0021297108617976696
transicion,0.2,0.1,101,0.3048995687185473,0.00393539168040576,11,0.0023256678645185995
transicion,0.2,0.1,102,0.3038873662850579,0.0033122031041191596,11,0.001957386950417716
transicion,0.2,0.1,103,0.30462308309002667,0.003103228524254442,11,0.0018338908655648508
transicion,0.2,0.1,104,0.304825824166094,0.0033797439252777825,11,0.0019973010250685045
transicion,0.2,0.1,105,0.3032876897967198,0.0034613978139999657,11,0.0020455553896746165
transicion,0.2,0.1,106,0.3038617342941621,0.005054913544583205,11,0.0029872630079211975
transicion,0.2,0.1,107,0.3029149438571878,0.0054059266543631255,11,0.0031946984999217626
transicion,0.2,0.1,108,0.30128133561050785,0.0050686363349263025,11,0.002995372658777901
transicion,0.2,0.1,109,0.30253905746360193,0.0046309683712874505,11,0.0027367274206349917
transicion,0.2,0.1,110,0.3010956365396013,0.00548656093502968,11,0.0032423503146721167
transicion,0.2,0.1,111,0.3003395891008371,0.006242969158699974,11,0.003689359009386393
transicion,0.2,0.1,112,0.3017837780728906,0.0067496332353949645,11,0.003988778344732965
transicion,0.2,0.1,113,0.3020338557479864,0.005137900369229131,11,0.003036305087320412
transicion,0.2,0.1,114,0.30176791018964355,0.005548323150342071,11,0.0032788494514946797
transicion,0.2,0.1,115,0.30115585551969476,0.004695125709536887,11,0.002774641984662423
transicion,0.2,0.1,116,0.3020893557317026,0.005018027471782921,11,0.002965464731885032
transicion,0.2,0.1,117,0.30123456537498133,0.004367667087718537,11,0.00258112630552068
transicion,0.2,0.1,118,0.3018578958456885,0.005982160941883655,11,0.0035352312025731265
transicion,0.2,0.1,119,0.30155208060248073,0.005570253784693215,11,0.0032918096281939666
transicion,0.2,0.1,120,0.30206068856547685,0.004273073965344481,11,0.002525225342471651
transicion,0.2,0.1,121,0.30274716566295123,0.004792577373030803,11,0.002832232237561548
transicion,0.2,0.1,122,0.3027078167808532,0.0041649865980429275,11,0.0024613497902756056
transicion,0.2,0.1,123,0.3036962190637222,0.005305267274066092,11,0.003135212607530225
transicion,0.2,0.1,124,0.303590149628176,0.004683335836487782,11,0.002767674614930567
transicion,0.2,0.1,125,0.3033153975172146,0.004151802824329693,11,0.002453558677891388
transicion,0.2,0.1,126,0.30410173430742043,0.004614614558674201,11,0.002727062934976204
transicion,0.2,0.1,127,0.30219337223660353,0.0054606821151921055,11,0.0032270569094521033
transicion,0.2,0.1,128,0.30278749190401105,0.005590216331946877,11,0.0033036067397427186
transicion,0.2,0.1,129,0.303416613430897,0.0062772318405077965,11,0.003709606960417397
transicion,0.2,0.1,130,0.30411707686883976,0.004745083627371702,11,0.0028041652274606367
transicion,0.2,0.1,131,0.30490443253327465,0.004048104837686834,11,0.002392277083901306
transicion,0.2,0.1,132,0.3052495967050742,0.005195919845658994,11,0.003070592406806541
transicion,0.2,0.1,133,0.30489170827606804,0.0058687764094985705,11,0.003468225225858181
transicion,0.2,0.1,134,0.3053942826372008,0.006315105063479192,11,0.0037319886049253306
transicion,0.2,0.1,135,0.3054972628866706,0.006802597134970869,11,0.004020078009220382
transicion,0.2,0.1,136,0.3045004587520885,0.007622461323471038,11,0.004504586782758234
transicion,0.2,0.1,137,0.3052999605791257,0.007278058073477838,11,0.0043010574682727275
transicion,0.2,0.1,138,0.3055516558994127,0.006646323418088382,11,0.003927726144161551
transicion,0.2,0.1,139,0.30588427427289955,0.007523679517066767,11,0.004446210465631441
transicion,0.2,0.1,140,0.3064769351228629,0.007289827535190692,11,0.004308012775675686
transicion,0.2,0.1,141,0.30666706320194115,0.007562935565828679,11,0.004469409307959669
transicion,0.2,0.1,142,0.30661499781683405,0.007978065411720763,11,0.004714735369657862
transicion,0.2,0.1,143,0.3073537577894069,0.006219639131601405,11,0.0036755718444209232
transicion,0.2,0.1,144,0.30753804201053714,0.005846671927787632,11,0.0034551623119345354
transicion,0.2,0.1,145,0.3064118225561683,0.00640877415429581,11,0.0037873435002196217
transicion,0.2,0.1,146,0.30507464948612245,0.005965273033626119,11,0.0035252510865584888
transicion,0.2,0.1,147,0.304211502465423,0.00635127589819001,11,0.0037533642022613218
transicion,0.2,0.1,148,0.30452312162186207,0.005845522248575147,11,0.0034544828949371648
transicion,0.2,0.1,149,0.30405532245913847,0.006957909680470303,11,0.004111861858290108
transicion,0.2,0.1,150,0.30514362070299744,0.007480599601437983,11,0.0044207518623918
transicion,0.2,0.1,151,0.3052347109479691,0.0066846103424146154,11,0.003950352270546917
transicion,0.2,0.1,152,0.3043853665339556,0.006489286990128572,11,0.003834923545659523
transicion,0.2,0.1,153,0.30510072290171786,0.006612300518358117,11,0.003907619895283102
transicion,0.2,0.1,154,0.3060141399675076,0.006983166672387381,11,0.004126787786692208
transicion,0.2,0.1,155,0.304906658767158,0.00599315064326854,11,0.0035417257010696137
transicion,0.2,0.1,156,0.3049959733521232,0.006284011645766715,11,0.0037136135692885973
transicion,0.2,0.1,157,0.30511357136507017,0.0051938364476938215,11,0.0030693611972878727
transicion,0.2,0.1,158,0.30446849767984585,0.006041613329072619,11,0.0035703653182045433
transicion,0.2,0.1,159,0.3038841407396913,0.005833584566940586,11,0.00344742817591324
transicion,0.2,0.1,160,0.30515725647265096,0.0049812841014762075,11,0.00294375078763346
transicion,0.2,0.1,161,0.3036710560793016,0.0044866721776898105,11,0.0026514538195107993
transicion,0.2,0.1,162,0.3028800004835505,0.0046032678200651714,11,0.0027203574409636255
transicion,0.2,0.1,163,0.3035885433856132,0.005246559379119611,11,0.003100518458698644
transicion,0.2,0.1,164,0.303573700157617,0.005360007346594536,11,0.0031675619231560826
transicion,0.2,0.1,165,0.30367760131340216,0.00476539385737009,11,0.002816167806381412
transicion,0.2,0.1,166,0.3034302923825455,0.004933840884784076,11,0.0029157136382438197
transicion,0.2,0.1,167,0.30354320944127905,0.005692538128568408,11,0.0033640750574015
transicion,0.2,0.1,168,0.303734851742014,0.0063678878785987415,11,0.003763181255337629
transicion,0.2,0.1,169,0.30312793884425876,0.0047830927339140815,11,0.0028266271740274296
transicion,0.2,0.1,170,0.30362908514800985,0.005408074101184165,11,0.0031959675598954677
transicion,0.2,0.1,171,0.3035582214461097,0.006052776213303465,11,0.0035769621612228076
transicion,0.2,0.1,172,0.30365249325045257,0.005515200244645043,11,0.0032592750651019345
transicion,0.2,0.1,173,0.30404956947165074,0.005044562994810145,11,0.002981146223889976
transicion,0.2,0.1,174,0.30465471006204875,0.005752154694853418,11,0.003399306196678517
transicion,0.2,0.1,175,0.3045774867136566,0.005155129482237623,11,0.003046486842457395
transicion,0.2,0.1,176,0.3033167476169039,0.0039361264615317615,11,0.0023261020924153306
transicion,0.2,0.1,177,0.3039497302714901,0.00516351294695668,11,0.0030514411535079345
transicion,0.2,0.1,178,0.30376246406721924,0.005643605832447538,11,0.003335157918304006
transicion,0.2,0.1,179,0.30436357496478483,0.004913206055930635,11,0.0029035192336580628
transicion,0.2,0.1,180,0.3040882254601498,0.005320475470478511,11,0.0031442000772780913
transicion,0.2,0.1,181,0.30376245626591253,0.004651563890217558,11,0.0027488985945405826
transicion,0.2,0.1,182,0.3045137169073072,0.006618589688045351,11,0.003911336557060107
transicion,0.2,0.1,183,0.30480504461989794,0.006222440121381363,11,0.0036772271236025426
transicion,0.2,0.1,184,0.3041538367191855,0.006644938437362963,11,0.00392690767285611
transicion,0.2,0.1,185,0.30437433399745834,0.007989544679334189,11,0.00472151918330713
transicion,0.2,0.1,186,0.3049685087330172,0.007861527838577555,11,0.004645866064928276
transicion,0.2,0.1,187,0.30512426065274956,0.00814001957174448,11,0.00481044416209334
transicion,0.2,0.1,188,0.30436962720259686,0.00783817509369627,11,0.004632065474611149
transicion,0.2,0.1,189,0.30397092398418485,0.006869679794618123,11,0.004059721327720251
transicion,0.2,0.1,190,0.30313751341170647,0.007703074309155341,11,0.004552226012978274
transicion,0.2,0.1,191,0.3035015038418168,0.006159224435406993,11,0.0036398690405085275
transicion,0.2,0.1,192,0.30467890394815317,0.006164785014664619,11,0.00364315513285658
transicion,0.2,0.1,193,0.30500267613443816,0.007010302389781058,11,0.004142823970901609
transicion,0.2,0.1,194,0.3044546238599649,0.006004278435945638,11,0.003548301806304832
transicion,0.2,0.1,195,0.30565143638482195,0.005166119324614415,11,0.0030529814242747744
transicion,0.2,0.1,196,0.30501873217594794,0.006141475104334781,11,0.003629379856141728
transicion,0.2,0.1,197,0.3049097370196223,0.005249833340066823,11,0.0031024532459785303
transicion,0.2,0.1,198,0.3045049464832308,0.00569053583446703,11,0.0033628917772034767
transicion,0.2,0.1,199,0.30496189024388065,0.004218133552636221,11,0.0024927576333652946
transicion,0.2,0.1,200,0.3050000377462853,0.003966435645341889,11,0.0023440136754320773
