run_id,seed,final_mean_cooperation,final_std_cooperation_between_communities,final_mean_payoff,expected_global_cooperation,observed_global_cooperation,num_intercommunity_edges,corr_size_cooperation,corr_degree_cooperation,intercommunity_mutual_coop_rate,mean_external_payoff,mean_b_eff,std_b_eff,corr_climate_cooperation,std_climate,avg_degree,std_b_base,b,Tin,social_adaptation_rate,epsilon_perception,epsilon_execution,delta_D,delta_pi,rho,num_epochs,rounds_per_epoch,het_b_lo,het_b_hi,spread,base_prob
5,501000,0.3012564656543307,0.0706709753902421,3.3064825308089847,0.3566034807890158,0.31,157,0.0908557021054984,-0.0763341755515373,0.0891719745222929,1.285,2.397299662386253,0.567501400002231,-0.0977792644059189,0.2603202780609422,3.14,0.567501400002231,2.5,800,0.2,0.02,0.01,0.05,0.1,0.0,10,120,1.5,3.5,1.0,0.02
0,1000,0.27512307581653,0.0523737398469333,3.280388896980107,0.3364866812497096,0.33,156,0.2480747627067208,0.0464119230594368,0.1346153846153846,1.515,2.561459854608409,0.5310412270497411,0.0684929802461471,0.2852733483821543,3.12,0.5310412270497411,2.5,800,0.2,0.02,0.01,0.05,0.1,0.0,10,120,1.5,3.5,1.0,0.02
8,801000,0.2819976490361988,0.0745933506902228,3.323405742754558,0.3163020440875396,0.35,151,-0.0790044520921067,-0.0035474172871451,0.1059602649006622,1.37,2.5923046925232427,0.5641453579122263,-0.0521231567136755,0.3008064856762208,3.02,0.5641453579122263,2.5,800,0.2,0.02,0.01,0.05,0.1,0.0,10,120,1.5,3.5,1.0,0.02
9,901000,0.2914129521723358,0.0653168924264522,3.25195910058013,0.3565596155272054,0.36,146,-0.1283991226815368,-0.0148637940267294,0.1575342465753424,1.315,2.415823453666981,0.580921017217269,0.0683779062637502,0.320397802069189,2.92,0.580921017217269,2.5,800,0.2,0.02,0.01,0.05,0.1,0.0,10,120,1.5,3.5,1.0,0.02
1,101000,0.2912012828733423,0.0696260757448245,3.312348667615516,0.3380984485910102,0.37,164,-0.0999679317331135,0.1347343351849239,0.1402439024390244,1.525,2.501048631120868,0.5644403545666535,0.0023622542435589,0.2908781941854124,3.28,0.5644403545666535,2.5,800,0.2,0.02,0.01,0.05,0.1,0.0,10,120,1.5,3.5,1.0,0.02
4,401000,0.2893617488154579,0.068588777269439,3.3716954676138404,0.3427350529934786,0.43,155,0.0355159579973217,-0.1024453673704682,0.1225806451612903,1.715,2.5743810726353025,0.6153340655678885,-0.0852182821287414,0.3360663250434091,3.1,0.6153340655678885,2.5,800,0.2,0.02,0.01,0.05,0.1,0.0,10,120,1.5,3.5,1.0,0.02
3,301000,0.2818108988068086,0.0587887628872999,3.240909222993208,0.3304441063082939,0.42,164,-0.0706538153611999,-0.12284262300098,0.2073170731707317,1.895,2.4786476484104125,0.5742681430369957,0.036300009190224,0.2958942121148447,3.28,0.5742681430369957,2.5,800,0.2,0.02,0.01,0.05,0.1,0.0,10,120,1.5,3.5,1.0,0.02
7,701000,0.2857687556300361,0.0684722399942298,3.2401402996762894,0.3370652139828709,0.39,137,-0.1653752781311313,-0.1780393873508635,0.1313868613138686,1.26,2.463051258645014,0.5746457261855316,0.1586450102304258,0.2976085908235925,2.74,0.5746457261855316,2.5,800,0.2,0.02,0.01,0.05,0.1,0.0,10,120,1.5,3.5,1.0,0.02
2,201000,0.2812493403666187,0.0654222054083918,3.240646924780956,0.317506760489019,0.27,152,0.0604491190378873,0.0576857804655793,0.1052631578947368,1.16,2.5010556220309907,0.601630330145316,0.0114702522157538,0.3109295824316543,3.04,0.601630330145316,2.5,800,0.2,0.02,0.01,0.05,0.1,0.0,10,120,1.5,3.5,1.0,0.02
6,601000,0.2803839922556026,0.0660326184317072,3.167753005476506,0.3335833042673297,0.34,165,-0.1101231307586947,0.251315389174997,0.1333333333333333,1.7,2.440948290254321,0.5743939504550846,0.109403167194585,0.3183116172342412,3.3,0.5743939504550846,2.5,800,0.2,0.02,0.01,0.05,0.1,0.0,10,120,1.5,3.5,1.0,0.02
10,1001000,0.2781572853297321,0.0695028608727115,3.159901263292673,0.3157395876720073,0.35,153,-0.0169045245308809,0.1312587950031906,0.0980392156862745,1.23,2.448396949954597,0.5335955517362488,0.0888885445394929,0.2875968363068223,3.06,0.5335955517362488,2.5,800,0.2,0.02,0.01,0.05,0.1,0.0,10,120,1.5,3.5,1.0,0.02
11,1101000,0.2719996999565722,0.0709178638446362,3.064964743257365,0.3161667604838191,0.29,155,0.1082892257250982,0.0067310001368604,0.1225806451612903,1.295,2.4422455565598,0.5429935114390992,0.054095699211735,0.3153500804867716,3.1,0.5429935114390992,2.5,800,0.2,0.02,0.01,0.05,0.1,0.0,10,120,1.5,3.5,1.0,0.02
13,1301000,0.2810789147633931,0.0721035898980739,3.194862599980385,0.3321597095294407,0.28,142,-0.096147399670473,-0.0086457905827234,0.0985915492957746,1.075,2.498701083160717,0.6003096917384062,-0.0465478721229402,0.2994356209245115,2.84,0.6003096917384062,2.5,800,0.2,0.02,0.01,0.05,0.1,0.0,10,120,1.5,3.5,1.0,0.02
19,1901000,0.2887127282006184,0.0598717762580784,3.2288697412573697,0.2945870453374722,0.28,140,-0.0171432670116763,-0.1344552434146785,0.0357142857142857,0.97,2.394764879049376,0.5639423250376029,-0.0214178183127544,0.2448906756323568,2.8,0.5639423250376029,2.5,800,0.2,0.02,0.01,0.05,0.1,0.0,10,120,1.5,3.5,1.0,0.02
12,1201000,0.2955889351730199,0.0583411865914834,3.300945445809264,0.3152204059640906,0.29,120,-0.1311365125935182,0.0648333741264736,0.0833333333333333,0.89,2.4256072684411367,0.5578058754341263,0.0918202185946866,0.2936380657877979,2.4,0.5578058754341263,2.5,800,0.2,0.02,0.01,0.05,0.1,0.0,10,120,1.5,3.5,1.0,0.02
18,1801000,0.2991175812353099,0.0656453946095907,3.2938180679309714,0.3298012396919298,0.28,147,-0.0736607840756374,0.271264080783297,0.0748299319727891,1.225,2.418495401387144,0.57787699894824,0.2622502829275344,0.2980982725032188,2.94,0.57787699894824,2.5,800,0.2,0.02,0.01,0.05,0.1,0.0,10,120,1.5,3.5,1.0,0.02
17,1701000,0.2836127154017736,0.0694312387510203,3.323110771996069,0.3643620331976664,0.37,142,-0.0664930258784712,0.035601910247874,0.1267605633802817,1.455,2.529392912179968,0.5542484492055335,0.0550259559403586,0.3350439308325344,2.84,0.5542484492055335,2.5,800,0.2,0.02,0.01,0.05,0.1,0.0,10,120,1.5,3.5,1.0,0.02
15,1501000,0.2894273127550024,0.0688826975278754,3.3352424511199086,0.3286499423066466,0.35,167,-0.0534577962625076,-0.0864476288414258,0.1017964071856287,1.585,2.529160610286405,0.6086979956242673,-0.2112635703784633,0.2851656187733463,3.34,0.6086979956242673,2.5,800,0.2,0.02,0.01,0.05,0.1,0.0,10,120,1.5,3.5,1.0,0.02
21,2101000,0.2942034516518562,0.0645967796932332,3.2345062903434023,0.359348314782925,0.42,141,0.1062543850922207,0.0328883208265923,0.2198581560283688,1.655,2.378084287071483,0.5657542728199167,-0.0352628144173743,0.305486690652122,2.82,0.5657542728199167,2.5,800,0.2,0.02,0.01,0.05,0.1,0.0,10,120,1.5,3.5,1.0,0.02
16,1601000,0.2915769401897688,0.0671943472710671,3.2715589255007016,0.3238393326774544,0.33,153,-0.1312760828818313,0.0290807736234206,0.0718954248366013,1.435,2.493311636162952,0.5904757925742388,-0.1133129286664691,0.3226728704673272,3.06,0.5904757925742388,2.5,800,0.2,0.02,0.01,0.05,0.1,0.0,10,120,1.5,3.5,1.0,0.02
14,1401000,0.2729971944936801,0.0632981422510372,3.1564029617407487,0.3020648868747632,0.32,152,-0.120695383470042,0.0069803765796711,0.1710526315789473,1.405,2.515984636367909,0.60845617852839,0.1182582880163855,0.3178742396564886,3.04,0.60845617852839,2.5,800,0.2,0.02,0.01,0.05,0.1,0.0,10,120,1.5,3.5,1.0,0.02
20,2001000,0.2782956793574357,0.0642947614777555,3.1724414314824028,0.3789704536739511,0.4,156,0.1241193643307983,-0.0031306257609327,0.1538461538461538,1.485,2.4857464382217045,0.5665208327015486,-0.0264760887808423,0.312061606744936,3.12,0.5665208327015486,2.5,800,0.2,0.02,0.01,0.05,0.1,0.0,10,120,1.5,3.5,1.0,0.02
5,501000,0.2821528179531566,0.0715619509420596,3.241572502673253,0.3381983862178294,0.27,157,0.0527423398215139,0.0280008825917209,0.0445859872611464,1.115,2.50278158393531,0.6593674870976169,-0.0653644695779621,0.2457562387923915,3.14,0.567501400002231,2.5,800,0.2,0.02,0.01,0.05,0.1,0.2,10,120,1.5,3.5,1.0,0.02
8,801000,0.2771911796972518,0.0619985661313277,3.352667639274206,0.3082303662172591,0.33,151,-0.1045607150930358,0.0325430848885136,0.1125827814569536,1.36,2.650866976615656,0.5708706469902147,-0.0258339220228108,0.286025859093123,3.02,0.5641453579122263,2.5,800,0.2,0.02,0.01,0.05,0.1,0.2,10,120,1.5,3.5,1.0,0.02
0,1000,0.2718378826190418,0.056343185750967,3.393805855815403,0.3241898500061591,0.32,156,0.1537772925740584,-0.0405926987232205,0.0897435897435897,1.435,2.73998135554985,0.6145736206339468,-0.0340533241441043,0.2639489533825708,3.12,0.5310412270497411,2.5,800,0.2,0.02,0.01,0.05,0.1,0.2,10,120,1.5,3.5,1.0,0.02
9,901000,0.2836151960540352,0.0694444665604829,3.2817470920966816,0.3341670713505775,0.34,146,0.1562641735178523,0.0876281972278633,0.1301369863013698,1.355,2.540641285656495,0.6543007246254298,0.1706736470551142,0.3206676360350324,2.92,0.580921017217269,2.5,800,0.2,0.02,0.01,0.05,0.1,0.2,10,120,1.5,3.5,1.0,0.02
1,101000,0.288588550403785,0.0605514409436033,3.439596118734986,0.298824980047861,0.28,164,-0.0873674037417681,0.10466802471289,0.0853658536585365,1.165,2.631116011552324,0.6212502690991905,0.0913131124052589,0.278477713822332,3.28,0.5644403545666535,2.5,800,0.2,0.02,0.01,0.05,0.1,0.2,10,120,1.5,3.5,1.0,0.02
3,301000,0.2874184785483858,0.0756664083866682,3.3552564767219883,0.3320024323158306,0.44,164,-0.2629293742925588,-0.0199204007338567,0.2012195121951219,1.95,2.5761651180294804,0.658443689520779,0.1213558433391233,0.2977841896700741,3.28,0.5742681430369957,2.5,800,0.2,0.02,0.01,0.05,0.1,0.2,10,120,1.5,3.5,1.0,0.02
4,401000,0.272167837075184,0.072005855043544,3.378428523855673,0.3395357414722404,0.4,155,0.0790803204595955,-0.0294187861922976,0.1032258064516129,1.58,2.7103205395405308,0.698129542395869,-0.0523720748113821,0.3138967061341096,3.1,0.6153340655678885,2.5,800,0.2,0.02,0.01,0.05,0.1,0.2,10,120,1.5,3.5,1.0,0.02
7,701000,0.2831702459114327,0.076000874385944,3.4115800679062653,0.3583695915333602,0.4,137,-0.170028539719349,-0.1285399716590545,0.1167883211678832,1.37,2.6567879978816817,0.6685268782877394,0.1353754763577652,0.3185083664590171,2.74,0.5746457261855316,2.5,800,0.2,0.02,0.01,0.05,0.1,0.2,10,120,1.5,3.5,1.0,0.02
2,201000,0.2927666006817776,0.0650756448279919,3.437289305713764,0.3623885941930864,0.35,152,-0.0909621036947693,-0.1131796504073039,0.1184210526315789,1.44,2.607518655492299,0.652956081577842,0.052778100882276,0.3390360106037076,3.04,0.601630330145316,2.5,800,0.2,0.02,0.01,0.05,0.1,0.2,10,120,1.5,3.5,1.0,0.02
10,1001000,0.2743504811670151,0.0582602806637153,3.3043153208537213,0.3262198379598666,0.34,153,0.0396363564177451,0.0202394065036618,0.1045751633986928,1.1,2.607613620957681,0.6628594281839815,0.1781707641286263,0.2898929519747439,3.06,0.5335955517362488,2.5,800,0.2,0.02,0.01,0.05,0.1,0.2,10,120,1.5,3.5,1.0,0.02
6,601000,0.2675811974783639,0.0583211414238167,3.288604255784976,0.3108292240155774,0.31,165,0.0134189841762392,0.0479183724419641,0.0848484848484848,1.495,2.683801866716822,0.6799099476232978,0.0855246512865569,0.2970953494452,3.3,0.5743939504550846,2.5,800,0.2,0.02,0.01,0.05,0.1,0.2,10,120,1.5,3.5,1.0,0.02
11,1101000,0.2782091265304227,0.0668919400967467,3.2761056945082045,0.3210203563108421,0.26,155,0.0906846326410637,0.0437366035279631,0.0838709677419354,1.25,2.59247504398433,0.7031785669360087,0.0434942273568258,0.3166516042205816,3.1,0.5429935114390992,2.5,800,0.2,0.02,0.01,0.05,0.1,0.2,10,120,1.5,3.5,1.0,0.02
13,1301000,0.2705027305579279,0.062481150039003,3.3323454801650185,0.3082971518211069,0.27,142,-0.0453059995522912,-0.114103097469223,0.0845070422535211,0.96,2.722623480950531,0.7631487027216824,0.1114874032080538,0.3002133620023846,2.84,0.6003096917384062,2.5,800,0.2,0.02,0.01,0.05,0.1,0.2,10,120,1.5,3.5,1.0,0.02
19,1901000,0.2785258184662164,0.0661624950719594,3.2294682111243405,0.3521099174617552,0.31,140,0.0373848610608872,-0.0220891403421384,0.0428571428571428,1.095,2.515949471302506,0.6864225500185698,-0.0111981497053556,0.2630659083484701,2.8,0.5639423250376029,2.5,800,0.2,0.02,0.01,0.05,0.1,0.2,10,120,1.5,3.5,1.0,0.02
12,1201000,0.2885232911277151,0.0557128198995282,3.345874182110415,0.3444410353747515,0.32,120,-0.0337343410291712,0.0543889522818874,0.1333333333333333,1.22,2.54714563239218,0.6333094673792907,-0.1047146651983806,0.3528784095161695,2.4,0.5578058754341263,2.5,800,0.2,0.02,0.01,0.05,0.1,0.2,10,120,1.5,3.5,1.0,0.02
18,1801000,0.2743398261701719,0.0604528404639463,3.2935569963617377,0.3440372036680275,0.3,147,0.0799251495225082,0.0201162888722784,0.0612244897959183,1.2,2.623431857980599,0.6739995039456321,-0.1608256267061278,0.2920141570264477,2.94,0.57787699894824,2.5,800,0.2,0.02,0.01,0.05,0.1,0.2,10,120,1.5,3.5,1.0,0.02
17,1701000,0.2828660911069043,0.0677236943615556,3.393706913290154,0.3230691062907805,0.34,142,-0.0324753846428459,0.0047820725077951,0.1197183098591549,1.33,2.657999966968704,0.6558375250891456,-0.0418436584566587,0.3402023457739896,2.84,0.5542484492055335,2.5,800,0.2,0.02,0.01,0.05,0.1,0.2,10,120,1.5,3.5,1.0,0.02
16,1601000,0.2785548592589027,0.064609065398569,3.4104646554719675,0.3204921344626925,0.33,153,-0.2041001480011988,-0.1194039687936451,0.0784313725490196,1.38,2.667143832139717,0.6869295614540266,0.0173797262969882,0.3084196151043691,3.06,0.5904757925742388,2.5,800,0.2,0.02,0.01,0.05,0.1,0.2,10,120,1.5,3.5,1.0,0.02
21,2101000,0.286323290009684,0.0731894139482241,3.2690055258158623,0.3195706592986684,0.37,141,-0.0854664761888931,0.1448333480891425,0.1489361702127659,1.455,2.4995072709201143,0.7040046379151471,-0.0733609662899054,0.3250667485131074,2.82,0.5657542728199167,2.5,800,0.2,0.02,0.01,0.05,0.1,0.2,10,120,1.5,3.5,1.0,0.02
15,1501000,0.2790752539315969,0.0659679707307339,3.4680074385190864,0.2869052217035205,0.3,167,0.0094287774156264,0.0858001296426373,0.0778443113772455,1.46,2.7479084978215327,0.7063386546323809,-0.0529335448522569,0.2834127867288381,3.34,0.6086979956242673,2.5,800,0.2,0.02,0.01,0.05,0.1,0.2,10,120,1.5,3.5,1.0,0.02
14,1401000,0.2672473681311133,0.0640367605262265,3.4027170651012177,0.3213298563989802,0.32,152,-0.0788076933192706,-0.0585237927388982,0.1118421052631579,1.3,2.7991490018528564,0.7500373278648644,0.0831539361815467,0.3092406230154586,3.04,0.60845617852839,2.5,800,0.2,0.02,0.01,0.05,0.1,0.2,10,120,1.5,3.5,1.0,0.02
20,2001000,0.2723959764254425,0.0688341748712124,3.2909601286129995,0.3282643735442938,0.32,156,-0.0325089485323775,-0.063286975670871,0.0769230769230769,1.2,2.6613806871259684,0.6665874547063516,-0.0498837804433105,0.3130660926858463,3.12,0.5665208327015486,2.5,800,0.2,0.02,0.01,0.05,0.1,0.2,10,120,1.5,3.5,1.0,0.02
5,501000,0.2733557133245813,0.0687022895817818,3.4392928872634587,0.3336779659252658,0.26,157,0.101449582163396,-0.1000957162611553,0.0636942675159235,1.055,2.774399829971127,0.909944309323379,0.0152656932672319,0.2536902771431833,3.14,0.567501400002231,2.5,800,0.2,0.02,0.01,0.05,0.1,0.4,10,120,1.5,3.5,1.0,0.02
8,801000,0.2754226881413351,0.0711683367189896,3.477931490793021,0.3082066458929592,0.32,151,-0.2022235210614137,-0.1803599552810264,0.0993377483443708,1.275,2.795547869944436,0.8293063178150778,-0.141352455912093,0.2660375492501071,3.02,0.5641453579122263,2.5,800,0.2,0.02,0.01,0.05,0.1,0.4,10,120,1.5,3.5,1.0,0.02
0,1000,0.2641527605040246,0.0561851959131944,3.574010876681528,0.3089708841329164,0.31,156,0.0329001695719754,-0.0292817272996233,0.0897435897435897,1.42,2.9474855115420304,0.7600311884095672,-0.0880293386102093,0.2817271712798331,3.12,0.5310412270497411,2.5,800,0.2,0.02,0.01,0.05,0.1,0.4,10,120,1.5,3.5,1.0,0.02
9,901000,0.281155689312706,0.0541685181994066,3.5223329402250734,0.3347489358135331,0.32,146,0.065398350792361,0.1221403590046033,0.1232876712328767,1.245,2.7382859668996016,0.844751435338904,0.063485191691176,0.3273167174837601,2.92,0.580921017217269,2.5,800,0.2,0.02,0.01,0.05,0.1,0.4,10,120,1.5,3.5,1.0,0.02
1,101000,0.2766721337373549,0.0664954792230455,3.470630555807661,0.3389741717694502,0.36,164,-0.1456181131374371,-0.1251392264548282,0.1219512195121951,1.435,2.760823355412214,0.7489715090698591,0.157834801647408,0.2913122919410805,3.28,0.5644403545666535,2.5,800,0.2,0.02,0.01,0.05,0.1,0.4,10,120,1.5,3.5,1.0,0.02
4,401000,0.2812854294140914,0.0735370934546027,3.64999833694877,0.349353913868614,0.39,155,0.0521152992710292,-0.0255436102476102,0.1225806451612903,1.55,2.9247280855810605,0.9530812759964716,-0.0793325399765219,0.3257979621555472,3.1,0.6153340655678885,2.5,800,0.2,0.02,0.01,0.05,0.1,0.4,10,120,1.5,3.5,1.0,0.02
3,301000,0.2801908434760845,0.0712773133455279,3.54119088753494,0.3312493118191648,0.42,164,-0.1754804323977425,-0.084487562598848,0.2012195121951219,1.86,2.7983339695184446,0.8297788403725257,-0.1577414555852331,0.2852996917406428,3.28,0.5742681430369957,2.5,800,0.2,0.02,0.01,0.05,0.1,0.4,10,120,1.5,3.5,1.0,0.02
7,701000,0.2807277675673406,0.0785421216633764,3.621503251369068,0.3554043017079382,0.41,137,0.043913894267219,-0.1278230495277879,0.145985401459854,1.33,2.915771127070243,0.8886734678603615,0.1078293236252824,0.3193271741278173,2.74,0.5746457261855316,2.5,800,0.2,0.02,0.01,0.05,0.1,0.4,10,120,1.5,3.5,1.0,0.02
2,201000,0.2745132173587681,0.0698414764803591,3.324300266179537,0.3421257076526212,0.35,152,0.0060123034808803,-0.0424966490187553,0.1381578947368421,1.53,2.6647805187691294,0.8737946011867715,-0.1045006126352969,0.3516624885648974,3.04,0.601630330145316,2.5,800,0.2,0.02,0.01,0.05,0.1,0.4,10,120,1.5,3.5,1.0,0.02
6,601000,0.2711799717455477,0.0716334723771413,3.4864264516088297,0.3189461137182427,0.33,165,0.0825941122112609,0.052986042591395,0.0909090909090909,1.515,2.8684171778441527,0.8381510901217166,-0.0974325148142695,0.2964752455419335,3.3,0.5743939504550846,2.5,800,0.2,0.02,0.01,0.05,0.1,0.4,10,120,1.5,3.5,1.0,0.02
10,1001000,0.2769214930116164,0.0640010414890105,3.617626332455432,0.3473660916231709,0.38,153,-0.0196945077428691,0.095101593935645,0.1176470588235294,1.23,2.8716391007993085,0.8449817568034942,0.1961531954700912,0.2962751795363252,3.06,0.5335955517362488,2.5,800,0.2,0.02,0.01,0.05,0.1,0.4,10,120,1.5,3.5,1.0,0.02
11,1101000,0.2747213715497336,0.0683891513344052,3.4239703286647707,0.3080578564133046,0.26,155,0.0609212991726475,0.0280762180287912,0.1225806451612903,1.265,2.769143457473477,0.9727864534724028,0.039928738229921,0.3100286813933418,3.1,0.5429935114390992,2.5,800,0.2,0.02,0.01,0.05,0.1,0.4,10,120,1.5,3.5,1.0,0.02
13,1301000,0.2777387748025752,0.0701334555259206,3.673592105136761,0.3306019517506178,0.29,142,-0.1473219250207627,-0.0182988352479346,0.0845070422535211,1.005,2.976196634277063,0.9986499593108732,-0.0245177933708431,0.3067816416462649,2.84,0.6003096917384062,2.5,800,0.2,0.02,0.01,0.05,0.1,0.4,10,120,1.5,3.5,1.0,0.02
19,1901000,0.2934228725413718,0.0788530246803566,3.45906870291241,0.3112958163726602,0.28,140,0.0151698456200679,-0.1543031774329588,0.0357142857142857,0.955,2.614379873003841,0.878697348489115,-0.1012808100980013,0.2622971509540768,2.8,0.5639423250376029,2.5,800,0.2,0.02,0.01,0.05,0.1,0.4,10,120,1.5,3.5,1.0,0.02
12,1201000,0.2874860707652001,0.0912787470902326,3.549932004734276,0.3242756426857148,0.31,120,-0.1041506254122474,-0.0636583092429095,0.1,1.035,2.7671641735549697,0.8856823117510852,-0.0595562268874916,0.317092222323754,2.4,0.5578058754341263,2.5,800,0.2,0.02,0.01,0.05,0.1,0.4,10,120,1.5,3.5,1.0,0.02
18,1801000,0.2738556982804731,0.0620583054710412,3.521498836629842,0.3128241412111764,0.31,147,0.012193767324939,0.0613374143442523,0.0680272108843537,1.265,2.849119849451688,0.8861617793949045,-0.0223962355648771,0.3004179982994803,2.94,0.57787699894824,2.5,800,0.2,0.02,0.01,0.05,0.1,0.4,10,120,1.5,3.5,1.0,0.02
21,2101000,0.2944691782897817,0.0757287340397235,3.543890570721798,0.3387140918135807,0.37,141,-0.2125262969290964,-0.043448875231206,0.1631205673758865,1.435,2.694683098221638,0.8429177285302512,0.0176771917661807,0.3165522813273356,2.82,0.5657542728199167,2.5,800,0.2,0.02,0.01,0.05,0.1,0.4,10,120,1.5,3.5,1.0,0.02
17,1701000,0.2945361058252846,0.0841919020219459,3.6489155935524247,0.3327121780104155,0.31,142,-0.1342955158431724,-0.0851082868369093,0.0704225352112676,1.205,2.800400906498993,0.8498037841014622,0.1408896438520881,0.2926836701209346,2.84,0.5542484492055335,2.5,800,0.2,0.02,0.01,0.05,0.1,0.4,10,120,1.5,3.5,1.0,0.02
16,1601000,0.2864146286214402,0.0770684598704271,3.546780820857628,0.3123142142589638,0.3,153,-0.1676233268313226,-0.1977385965047089,0.0392156862745098,1.245,2.7707683679192274,0.8269030489828442,-0.0873451724017916,0.2838089741219659,3.06,0.5904757925742388,2.5,800,0.2,0.02,0.01,0.05,0.1,0.4,10,120,1.5,3.5,1.0,0.02
15,1501000,0.2740577779726372,0.0705379823618523,3.585552946877588,0.3012504801405759,0.29,167,-0.1559071012128901,-0.1939744605705691,0.0538922155688622,1.335,2.902309680712436,0.9141281325369216,0.0758999714708634,0.2802439150587174,3.34,0.6086979956242673,2.5,800,0.2,0.02,0.01,0.05,0.1,0.4,10,120,1.5,3.5,1.0,0.02
20,2001000,0.2794887144452155,0.0661014215474734,3.4834614646472217,0.3377949650303568,0.36,156,-0.0314248602280999,0.0463112234897059,0.1282051282051282,1.45,2.7623874937396,0.8406410023438037,0.0649141579063577,0.3327468378514476,3.12,0.5665208327015486,2.5,800,0.2,0.02,0.01,0.05,0.1,0.4,10,120,1.5,3.5,1.0,0.02
14,1401000,0.2655781670248005,0.0644486306932772,3.7142247355286937,0.3287024712935222,0.33,152,0.0509590381414727,-0.1047073055372235,0.131578947368421,1.33,3.1279286452020245,0.9536558343959254,-0.0435886744838506,0.3107681543862685,3.04,0.60845617852839,2.5,800,0.2,0.02,0.01,0.05,0.1,0.4,10,120,1.5,3.5,1.0,0.02
5,501000,0.3012564656543307,0.0706709753902421,3.3064825308089847,0.3566034807890158,0.31,371,0.0908557021054984,-0.0839775203489194,0.091644204851752,3.08,2.397299662386253,0.567501400002231,-0.1101972819325875,0.1827697838179152,7.42,0.567501400002231,2.5,800,0.2,0.02,0.01,0.05,0.1,0.0,10,120,1.5,3.5,1.0,0.05
8,801000,0.2819976490361988,0.0745933506902228,3.323405742754558,0.3163020440875396,0.35,351,-0.0790044520921067,0.0941911257652067,0.0997150997150997,3.19,2.5923046925232427,0.5641453579122263,-0.0278674178221668,0.1879357142101329,7.02,0.5641453579122263,2.5,800,0.2,0.02,0.01,0.05,0.1,0.0,10,120,1.5,3.5,1.0,0.05
0,1000,0.27512307581653,0.0523737398469333,3.280388896980107,0.3364866812497096,0.33,382,0.2480747627067208,0.040896253290676,0.112565445026178,3.44,2.561459854608409,0.5310412270497411,0.0105980153126058,0.165719361954353,7.64,0.5310412270497411,2.5,800,0.2,0.02,0.01,0.05,0.1,0.0,10,120,1.5,3.5,1.0,0.05
9,901000,0.2914129521723358,0.0653168924264522,3.25195910058013,0.3565596155272054,0.36,365,-0.1283991226815368,-0.0666483321681212,0.1287671232876712,3.37,2.415823453666981,0.580921017217269,-0.0250888970506869,0.1688066793723867,7.3,0.580921017217269,2.5,800,0.2,0.02,0.01,0.05,0.1,0.0,10,120,1.5,3.5,1.0,0.05
1,101000,0.2912012828733423,0.0696260757448245,3.312348667615516,0.3380984485910102,0.37,382,-0.0999679317331135,0.0392354544749665,0.1335078534031413,3.585,2.501048631120868,0.5644403545666535,-0.061648539459367,0.1669552002253313,7.64,0.5644403545666535,2.5,800,0.2,0.02,0.01,0.05,0.1,0.0,10,120,1.5,3.5,1.0,0.05
3,301000,0.2818108988068086,0.0587887628872999,3.240909222993208,0.3304441063082939,0.42,378,-0.0706538153611999,-0.0618656438431803,0.1798941798941798,4.15,2.4786476484104125,0.5742681430369957,-0.1357575018881831,0.2022955489624489,7.56,0.5742681430369957,2.5,800,0.2,0.02,0.01,0.05,0.1,0.0,10,120,1.5,3.5,1.0,0.05
4,401000,0.2893617488154579,0.068588777269439,3.3716954676138404,0.3427350529934786,0.43,380,0.0355159579973217,-0.0863372347201759,0.1447368421052631,4.37,2.5743810726353025,0.6153340655678885,-0.0199278924512932,0.2264754256212283,7.6,0.6153340655678885,2.5,800,0.2,0.02,0.01,0.05,0.1,0.0,10,120,1.5,3.5,1.0,0.05
7,701000,0.2857687556300361,0.0684722399942298,3.2401402996762894,0.3370652139828709,0.39,349,-0.1653752781311313,-0.0540602772205484,0.1404011461318051,3.305,2.463051258645014,0.5746457261855316,0.1050823127788944,0.1995323989972313,6.98,0.5746457261855316,2.5,800,0.2,0.02,0.01,0.05,0.1,0.0,10,120,1.5,3.5,1.0,0.05
6,601000,0.2803839922556026,0.0660326184317072,3.167753005476506,0.3335833042673297,0.34,366,-0.1101231307586947,0.0200182993867045,0.1311475409836065,3.525,2.440948290254321,0.5743939504550846,-0.0238664558103999,0.1842366889633122,7.32,0.5743939504550846,2.5,800,0.2,0.02,0.01,0.05,0.1,0.0,10,120,1.5,3.5,1.0,0.05
2,201000,0.2812493403666187,0.0654222054083918,3.240646924780956,0.317506760489019,0.27,374,0.0604491190378873,0.0307245738298064,0.0668449197860962,2.72,2.5010556220309907,0.601630330145316,-0.0089910416708057,0.1508125431175912,7.48,0.601630330145316,2.5,800,0.2,0.02,0.01,0.05,0.1,0.0,10,120,1.5,3.5,1.0,0.05
10,1001000,0.2781572853297321,0.0695028608727115,3.159901263292673,0.3157395876720073,0.35,374,-0.0169045245308809,-0.0002239884208797,0.1096256684491978,3.235,2.448396949954597,0.5335955517362488,-0.0880132099021634,0.1814375756232114,7.48,0.5335955517362488,2.5,800,0.2,0.02,0.01,0.05,0.1,0.0,10,120,1.5,3.5,1.0,0.05
13,1301000,0.2810789147633931,0.0721035898980739,3.194862599980385,0.3321597095294407,0.28,378,-0.096147399670473,-0.010915640804969,0.0634920634920634,2.925,2.498701083160717,0.6003096917384062,-0.0974131148198588,0.1821142511940656,7.56,0.6003096917384062,2.5,800,0.2,0.02,0.01,0.05,0.1,0.0,10,120,1.5,3.5,1.0,0.05
11,1101000,0.2719996999565722,0.0709178638446362,3.064964743257365,0.3161667604838191,0.29,374,0.1082892257250982,0.0421702354101003,0.0989304812834224,3.14,2.4422455565598,0.5429935114390992,0.0536796728387302,0.1868383678161707,7.48,0.5429935114390992,2.5,800,0.2,0.02,0.01,0.05,0.1,0.0,10,120,1.5,3.5,1.0,0.05
19,1901000,0.2887127282006184,0.0598717762580784,3.2288697412573697,0.2945870453374722,0.28,363,-0.0171432670116763,-0.0925349537045828,0.071625344352617,2.8,2.394764879049376,0.5639423250376029,-0.0448176915764623,0.1838492025401079,7.26,0.5639423250376029,2.5,800,0.2,0.02,0.01,0.05,0.1,0.0,10,120,1.5,3.5,1.0,0.05
12,1201000,0.2955889351730199,0.0583411865914834,3.300945445809264,0.3152204059640906,0.29,327,-0.1311365125935182,-0.141569973957653,0.0611620795107033,2.41,2.4256072684411367,0.5578058754341263,0.0918197892303348,0.1878756665237435,6.54,0.5578058754341263,2.5,800,0.2,0.02,0.01,0.05,0.1,0.0,10,120,1.5,3.5,1.0,0.05
18,1801000,0.2991175812353099,0.0656453946095907,3.2938180679309714,0.3298012396919298,0.28,377,-0.0736607840756374,0.2913019357963946,0.0822281167108753,3.05,2.418495401387144,0.57787699894824,-0.0358122950402092,0.1664739172573044,7.54,0.57787699894824,2.5,800,0.2,0.02,0.01,0.05,0.1,0.0,10,120,1.5,3.5,1.0,0.05
17,1701000,0.2836127154017736,0.0694312387510203,3.323110771996069,0.3643620331976664,0.37,364,-0.0664930258784712,-0.0470735003038529,0.1263736263736263,3.56,2.529392912179968,0.5542484492055335,0.0106742376347806,0.1813594098430562,7.28,0.5542484492055335,2.5,800,0.2,0.02,0.01,0.05,0.1,0.0,10,120,1.5,3.5,1.0,0.05
21,2101000,0.2942034516518562,0.0645967796932332,3.2345062903434023,0.359348314782925,0.42,370,0.1062543850922207,-0.1008799225317073,0.2135135135135135,4.25,2.378084287071483,0.5657542728199167,0.0330378471334771,0.1556434829176961,7.4,0.5657542728199167,2.5,800,0.2,0.02,0.01,0.05,0.1,0.0,10,120,1.5,3.5,1.0,0.05
16,1601000,0.2915769401897688,0.0671943472710671,3.2715589255007016,0.3238393326774544,0.33,365,-0.1312760828818313,-0.0785176067627148,0.0684931506849315,3.26,2.493311636162952,0.5904757925742388,-0.136692855256194,0.2005571546594773,7.3,0.5904757925742388,2.5,800,0.2,0.02,0.01,0.05,0.1,0.0,10,120,1.5,3.5,1.0,0.05
15,1501000,0.2894273127550024,0.0688826975278754,3.3352424511199086,0.3286499423066466,0.35,390,-0.0534577962625076,-0.0454523948566498,0.1153846153846153,3.78,2.529160610286405,0.6086979956242673,-0.2230249915038731,0.1751691275198872,7.8,0.6086979956242673,2.5,800,0.2,0.02,0.01,0.05,0.1,0.0,10,120,1.5,3.5,1.0,0.05
14,1401000,0.2729971944936801,0.0632981422510372,3.1564029617407487,0.3020648868747632,0.32,377,-0.120695383470042,0.0123028932557993,0.129973474801061,3.29,2.515984636367909,0.60845617852839,0.0529047741503547,0.1957967475582527,7.54,0.60845617852839,2.5,800,0.2,0.02,0.01,0.05,0.1,0.0,10,120,1.5,3.5,1.0,0.05
20,2001000,0.2782956793574357,0.0642947614777555,3.1724414314824028,0.3789704536739511,0.4,390,0.1241193643307983,0.0269691754167766,0.1435897435897435,3.76,2.4857464382217045,0.5665208327015486,-0.1184437418570917,0.1717353123379779,7.8,0.5665208327015486,2.5,800,0.2,0.02,0.01,0.05,0.1,0.0,10,120,1.5,3.5,1.0,0.05
5,501000,0.2851364764864065,0.0603748003452803,3.32806790486029,0.3215581385183602,0.28,371,-0.016462012880764,-0.0830580341303078,0.0727762803234501,2.79,2.542181666342611,0.6545530665549191,-0.060241749473672,0.1646601428487844,7.42,0.567501400002231,2.5,800,0.2,0.02,0.01,0.05,0.1,0.2,10,120,1.5,3.5,1.0,0.05
0,1000,0.2784772606665388,0.0661966898581244,3.3672287242643755,0.3246410019009746,0.33,382,-0.078186352353316,-0.0830843025234578,0.1099476439790576,3.45,2.6649057290608296,0.581878282034312,0.03173363839545,0.1757951146091881,7.64,0.5310412270497411,2.5,800,0.2,0.02,0.01,0.05,0.1,0.2,10,120,1.5,3.5,1.0,0.05
8,801000,0.2788138891827659,0.0623910819463876,3.469748190508042,0.3153632858231504,0.33,351,-0.1060319242573435,-0.0267364119349914,0.0911680911680911,3.07,2.7198976247621465,0.6097583824716866,0.0074207531473931,0.1834562702923365,7.02,0.5641453579122263,2.5,800,0.2,0.02,0.01,0.05,0.1,0.2,10,120,1.5,3.5,1.0,0.05
9,901000,0.2834107730420659,0.0597591004756436,3.339214841250392,0.3356541621108048,0.35,365,0.0814280808849697,0.0481365134900938,0.1095890410958904,3.485,2.563491654060801,0.6482015479016323,0.0729395985454561,0.1897948784251379,7.3,0.580921017217269,2.5,800,0.2,0.02,0.01,0.05,0.1,0.2,10,120,1.5,3.5,1.0,0.05
1,101000,0.2783212916953289,0.0659667709901862,3.385567699582181,0.3068474732726097,0.32,382,-0.0669081403972039,-0.0867392579288919,0.1151832460732984,3.13,2.6556443747579626,0.6308288992952029,0.1036423658351852,0.1623171656657637,7.64,0.5644403545666535,2.5,800,0.2,0.02,0.01,0.05,0.1,0.2,10,120,1.5,3.5,1.0,0.05
3,301000,0.2721313917346605,0.0639581617521987,3.2340640898637907,0.3202163581658129,0.41,378,-0.2001298319121279,-0.0181877935312606,0.1693121693121693,3.98,2.5711933242232443,0.5930211791520269,-0.0518443649321552,0.197446639089611,7.56,0.5742681430369957,2.5,800,0.2,0.02,0.01,0.05,0.1,0.2,10,120,1.5,3.5,1.0,0.05
7,701000,0.2830032088572367,0.0592400665298646,3.4598360628386007,0.3125620337539426,0.35,349,-0.1442097620803746,-0.0926820693820899,0.0974212034383954,3.035,2.720692952586568,0.6446865120867407,-0.0477420212140717,0.1966560958610033,6.98,0.5746457261855316,2.5,800,0.2,0.02,0.01,0.05,0.1,0.2,10,120,1.5,3.5,1.0,0.05
4,401000,0.287411312101385,0.0690098531595985,3.579510230623068,0.2958440808816058,0.34,380,0.1809887362271694,0.0667102053747241,0.0921052631578947,3.43,2.787919332859821,0.6803040164796292,-0.0874029941179624,0.2013035883535847,7.6,0.6153340655678885,2.5,800,0.2,0.02,0.01,0.05,0.1,0.2,10,120,1.5,3.5,1.0,0.05
2,201000,0.2821156082843899,0.068532685175143,3.3140904845551646,0.3361478809327033,0.29,374,-0.1379909608046994,-0.0742493781233366,0.0588235294117647,2.9,2.5682913274089385,0.6403030122590396,-0.0276576269989149,0.1687838894918019,7.48,0.601630330145316,2.5,800,0.2,0.02,0.01,0.05,0.1,0.2,10,120,1.5,3.5,1.0,0.05
10,1001000,0.2787974691195723,0.0588802581247766,3.384661855501816,0.3002923327273783,0.31,374,-0.0731604039675176,0.1216131765880104,0.0909090909090909,2.975,2.6616053660982324,0.6030360689123173,0.0616103346156631,0.1840438921890933,7.48,0.5335955517362488,2.5,800,0.2,0.02,0.01,0.05,0.1,0.2,10,120,1.5,3.5,1.0,0.05
6,601000,0.2740219787412054,0.0629598896645293,3.3661807746539334,0.3365670733606973,0.34,366,-0.0380001931920005,0.0636424090668888,0.1229508196721311,3.45,2.670560800803847,0.647164441449729,0.0522188977752866,0.1877159304312368,7.32,0.5743939504550846,2.5,800,0.2,0.02,0.01,0.05,0.1,0.2,10,120,1.5,3.5,1.0,0.05
13,1301000,0.2793562094799148,0.0612011994991137,3.436405361002345,0.3213862482789813,0.31,378,-0.1260401327799623,-0.0784051416863968,0.0793650793650793,3.225,2.689948636991368,0.6791828054322064,-0.0456096340426336,0.1763604081167624,7.56,0.6003096917384062,2.5,800,0.2,0.02,0.01,0.05,0.1,0.2,10,120,1.5,3.5,1.0,0.05
11,1101000,0.2731382733307992,0.0616573898699776,3.2567794860214736,0.3023147245158968,0.26,374,0.1241648291394918,0.0952360017232878,0.0909090909090909,2.915,2.6056950957899097,0.6450556528507693,0.0918515269264417,0.1814783067936092,7.48,0.5429935114390992,2.5,800,0.2,0.02,0.01,0.05,0.1,0.2,10,120,1.5,3.5,1.0,0.05
19,1901000,0.27898883026467,0.0616081790374165,3.2381690462557464,0.3013106524518533,0.28,363,-0.0392299839074998,-0.1209210101927662,0.0688705234159779,2.78,2.5070106238565315,0.6471488379611628,0.0362066731022202,0.182351332177709,7.26,0.5639423250376029,2.5,800,0.2,0.02,0.01,0.05,0.1,0.2,10,120,1.5,3.5,1.0,0.05
12,1201000,0.2806471649548057,0.0675720974211006,3.281962803599572,0.3362755749483807,0.32,327,0.0773403770181356,-0.1210047270966724,0.1070336391437308,2.785,2.555808892385961,0.6027284833543607,0.0701900503505519,0.2024135832726569,6.54,0.5578058754341263,2.5,800,0.2,0.02,0.01,0.05,0.1,0.2,10,120,1.5,3.5,1.0,0.05
17,1701000,0.2734442370206146,0.0615392153054278,3.3685653323281777,0.3210165540087324,0.32,364,-0.040610841802593,0.0315358061716883,0.0796703296703296,3.265,2.68868869272089,0.6146326483098417,0.0153933436325386,0.182574853871414,7.28,0.5542484492055335,2.5,800,0.2,0.02,0.01,0.05,0.1,0.2,10,120,1.5,3.5,1.0,0.05
18,1801000,0.274834213301514,0.0604121822150619,3.300104331858978,0.295161653345676,0.28,377,-0.0011748633293775,0.009440510898466,0.0610079575596817,2.68,2.6193204793282145,0.6554115276497057,-0.1387076704259624,0.1654423151224887,7.54,0.57787699894824,2.5,800,0.2,0.02,0.01,0.05,0.1,0.2,10,120,1.5,3.5,1.0,0.05
15,1501000,0.266490444744062,0.0617526475673269,3.3035994992733166,0.3116934971160817,0.3,390,0.0639947166767463,-0.0820387513886388,0.1,3.3,2.6985955605890752,0.6713032675781361,0.0529385859764109,0.1572122291732532,7.8,0.6086979956242673,2.5,800,0.2,0.02,0.01,0.05,0.1,0.2,10,120,1.5,3.5,1.0,0.05
16,1601000,0.2731415322641687,0.0540891261972141,3.357997998083532,0.3029916239406112,0.34,365,-0.0360728997978023,-0.0855540536579111,0.0986301369863013,3.42,2.6800866886939376,0.6287388098917867,0.0548541099735403,0.1866156701746177,7.3,0.5904757925742388,2.5,800,0.2,0.02,0.01,0.05,0.1,0.2,10,120,1.5,3.5,1.0,0.05
21,2101000,0.2893806264853239,0.0670056555035353,3.36055108485756,0.2888202067994884,0.34,370,-0.0945252772666307,-0.0520719140767343,0.1486486486486486,3.5,2.559765823033393,0.6499946505929518,0.1659808504991067,0.1710698297843458,7.4,0.5657542728199167,2.5,800,0.2,0.02,0.01,0.05,0.1,0.2,10,120,1.5,3.5,1.0,0.05
14,1401000,0.2669839560232187,0.058739154750363,3.3741007402685543,0.3206313852257139,0.28,377,-0.0311804704892103,0.0931289940097153,0.0901856763925729,2.885,2.7556594424070022,0.7078321835957082,-0.0695921289936779,0.1892014461830403,7.54,0.60845617852839,2.5,800,0.2,0.02,0.01,0.05,0.1,0.2,10,120,1.5,3.5,1.0,0.05
20,2001000,0.2725039782436412,0.0696967886660618,3.2548966418234824,0.3692463735661626,0.36,390,0.1578228120661119,-0.030653612798951,0.1128205128205128,3.595,2.601918462692765,0.5877271691913948,0.0541530162482147,0.1567257512200995,7.8,0.5665208327015486,2.5,800,0.2,0.02,0.01,0.05,0.1,0.2,10,120,1.5,3.5,1.0,0.05
5,501000,0.27609741848723,0.0792037305513732,3.321728535634497,0.3405390265874148,0.27,371,0.0611525456969648,-0.0250245788237982,0.0619946091644204,2.8,2.6425027611400167,0.768334031050637,-0.1624175414383366,0.1847030472323708,7.42,0.567501400002231,2.5,800,0.2,0.02,0.01,0.05,0.1,0.4,10,120,1.5,3.5,1.0,0.05
0,1000,0.2765814242627096,0.0711911297276768,3.5830757556817368,0.3356420004425904,0.33,382,-0.0828806798983303,-0.0308907838248661,0.1204188481675392,3.605,2.886457386191511,0.692100716544131,0.0758027322472802,0.1662564535680461,7.64,0.5310412270497411,2.5,800,0.2,0.02,0.01,0.05,0.1,0.4,10,120,1.5,3.5,1.0,0.05
8,801000,0.269150277415316,0.0713130660778844,3.335102976724491,0.3184773447311774,0.36,351,-0.1115075652171366,-0.0013118939544703,0.0968660968660968,3.245,2.72320912451433,0.695915192487856,-0.1557144590280354,0.1937909724747116,7.02,0.5641453579122263,2.5,800,0.2,0.02,0.01,0.05,0.1,0.4,10,120,1.5,3.5,1.0,0.05
9,901000,0.2664607642447373,0.0641655744629049,3.402946700391422,0.2990596667099205,0.3,365,0.2961131527987271,0.1128096370516602,0.0767123287671232,2.99,2.7902247899949915,0.7794154332155738,0.073742727281626,0.177665156112408,7.3,0.580921017217269,2.5,800,0.2,0.02,0.01,0.05,0.1,0.4,10,120,1.5,3.5,1.0,0.05
1,101000,0.2793459862565807,0.0613226992931483,3.6122964510869338,0.311364570516957,0.3,382,-0.1810046061734448,-0.1088070985483496,0.0916230366492146,3.07,2.829037881121238,0.7310905165297633,-0.0618994381142214,0.1471680543094919,7.64,0.5644403545666535,2.5,800,0.2,0.02,0.01,0.05,0.1,0.4,10,120,1.5,3.5,1.0,0.05
3,301000,0.2705004999906901,0.0643972536112155,3.380639741071924,0.2877803248988122,0.4,378,-0.2552018673044503,-0.2456419550892954,0.1534391534391534,3.905,2.741342307228312,0.7229153187389429,-0.2088439074331497,0.2033727484817911,7.56,0.5742681430369957,2.5,800,0.2,0.02,0.01,0.05,0.1,0.4,10,120,1.5,3.5,1.0,0.05
7,701000,0.2771619004184323,0.0707147824070514,3.6317387905814353,0.298068558954666,0.34,349,-0.0295187827675602,-0.0662732093254575,0.0974212034383954,2.9,2.9097351490949355,0.7155858782911283,0.0216204169934227,0.1961977257749595,6.98,0.5746457261855316,2.5,800,0.2,0.02,0.01,0.05,0.1,0.4,10,120,1.5,3.5,1.0,0.05
4,401000,0.2632920696867247,0.0548157507364485,3.618948868559811,0.2963361651118184,0.36,380,0.1153066197874088,-0.0059626194242666,0.1026315789473684,3.615,3.018344674000004,0.7874285132028706,-0.0771369187669703,0.2031370363676537,7.6,0.6153340655678885,2.5,800,0.2,0.02,0.01,0.05,0.1,0.4,10,120,1.5,3.5,1.0,0.05
2,201000,0.2644491556203803,0.0610302617518754,3.3039760500709803,0.3245078005487359,0.3,374,0.1368019481530992,0.0080426289323739,0.0668449197860962,3.005,2.725467832344934,0.7302677399840499,-0.1401599026092241,0.1778450056670914,7.48,0.601630330145316,2.5,800,0.2,0.02,0.01,0.05,0.1,0.4,10,120,1.5,3.5,1.0,0.05
10,1001000,0.2699983711124649,0.0572901484651626,3.5846555654105656,0.3438291960664502,0.36,374,-0.0180945996774464,0.0208056541887087,0.1229946524064171,3.275,2.918292606026725,0.7144532918979846,-0.0768135989209579,0.20615601886211,7.48,0.5335955517362488,2.5,800,0.2,0.02,0.01,0.05,0.1,0.4,10,120,1.5,3.5,1.0,0.05
6,601000,0.2687599504227266,0.0653645113006958,3.587754588853345,0.3171643893076702,0.33,366,-0.2500646250089096,-0.0230600957486861,0.1120218579234972,3.355,2.965215246462701,0.8055829660380565,-0.0611162487176784,0.1828849145349125,7.32,0.5743939504550846,2.5,800,0.2,0.02,0.01,0.05,0.1,0.4,10,120,1.5,3.5,1.0,0.05
13,1301000,0.2796101770471644,0.0703840429071616,3.5351154394093527,0.353891187116158,0.32,378,-0.1018417002823204,0.010691779202812,0.082010582010582,3.26,2.815853058817628,0.7986444019501128,-0.1136236530588552,0.1707526356122865,7.56,0.6003096917384062,2.5,800,0.2,0.02,0.01,0.05,0.1,0.4,10,120,1.5,3.5,1.0,0.05
11,1101000,0.2774880268174154,0.0667681604421854,3.534972773934501,0.325030665004282,0.3,374,-0.0880863305482815,0.0970620435823141,0.0989304812834224,3.335,2.809753666893389,0.7782441353679915,-0.0532657827053033,0.1968294937520714,7.48,0.5429935114390992,2.5,800,0.2,0.02,0.01,0.05,0.1,0.4,10,120,1.5,3.5,1.0,0.05
19,1901000,0.2645978410609829,0.0603620883822383,3.2086731355415696,0.3205017959903135,0.31,363,-0.0271707900628449,-0.1111860113647531,0.09366391184573,3.035,2.6195221123538617,0.7771003455668861,0.1344313251018981,0.1959376796980668,7.26,0.5639423250376029,2.5,800,0.2,0.02,0.01,0.05,0.1,0.4,10,120,1.5,3.5,1.0,0.05
12,1201000,0.2682476920921059,0.0682212942193946,3.609449771470626,0.2870730071580805,0.28,327,-0.0445027323214758,-0.1569301152938612,0.073394495412844,2.475,2.981112779813232,0.7118231222182765,-0.0259357144339093,0.1763971114016916,6.54,0.5578058754341263,2.5,800,0.2,0.02,0.01,0.05,0.1,0.4,10,120,1.5,3.5,1.0,0.05
18,1801000,0.2624143970277106,0.0588066624729071,3.3870982456266927,0.3276090911929588,0.32,377,0.0822732420936035,-0.1816083645697468,0.0901856763925729,3.14,2.8152184151789346,0.7736592449508989,0.0557090456941762,0.179814026129865,7.54,0.57787699894824,2.5,800,0.2,0.02,0.01,0.05,0.1,0.4,10,120,1.5,3.5,1.0,0.05
17,1701000,0.2624702378748408,0.0509055207886185,3.532732981307805,0.295251739123667,0.26,364,-0.1080971987450898,0.1790854987891792,0.0714285714285714,2.755,2.927534450455449,0.7130236373144545,0.1003208949834689,0.1563166606902181,7.28,0.5542484492055335,2.5,800,0.2,0.02,0.01,0.05,0.1,0.4,10,120,1.5,3.5,1.0,0.05
15,1501000,0.2688281434852781,0.0607197571180884,3.455301197618456,0.3301426796349223,0.33,390,0.0836563692739888,0.049591209239148,0.1102564102564102,3.545,2.788532570116082,0.7726598577788064,-0.0401069990543394,0.1635580268736951,7.8,0.6086979956242673,2.5,800,0.2,0.02,0.01,0.05,0.1,0.4,10,120,1.5,3.5,1.0,0.05
21,2101000,0.2794127455854215,0.0656392779919718,3.318219277812878,0.3267579257769717,0.38,370,0.0417903437952093,-0.056512191159697,0.1918918918918919,3.955,2.615358183526081,0.7198109417888133,0.0177554993065805,0.1658582558537503,7.4,0.5657542728199167,2.5,800,0.2,0.02,0.01,0.05,0.1,0.4,10,120,1.5,3.5,1.0,0.05
16,1601000,0.2703184550509198,0.0641153748223356,3.5635687460399303,0.3207642380697134,0.33,365,-0.0668301181274925,0.0111356956169616,0.0904109589041095,3.255,2.904088562141868,0.7040697967354123,0.0490573511943835,0.2008778812451656,7.3,0.5904757925742388,2.5,800,0.2,0.02,0.01,0.05,0.1,0.4,10,120,1.5,3.5,1.0,0.05
14,1401000,0.267267221724573,0.0703405166228284,3.658192948921096,0.319185040753695,0.28,377,-0.0475522388918287,-0.1888216162488376,0.0716180371352785,2.88,3.0602232470427686,0.831679233911178,0.0575447410991395,0.1867609048956043,7.54,0.60845617852839,2.5,800,0.2,0.02,0.01,0.05,0.1,0.4,10,120,1.5,3.5,1.0,0.05
20,2001000,0.2686257912753871,0.0651255644760043,3.431796955756237,0.3315764161176557,0.36,390,0.089889871153608,0.0677562980052629,0.1307692307692307,3.405,2.83139983136927,0.6922725847096528,0.0456941480835836,0.1632690892318828,7.8,0.5665208327015486,2.5,800,0.2,0.02,0.01,0.05,0.1,0.4,10,120,1.5,3.5,1.0,0.05
5,501000,0.3012564656543307,0.07067097539024214,3.3064825308089847,0.3566034807890158,0.31,776,0.09085570210549845,-0.11807246027418421,0.0979381443298969,6.56,2.3972996623862532,0.567501400002231,-0.15671527630822762,0.11727510523625215,15.52,0.567501400002231,2.5,800,0.2,0.02,0.01,0.05,0.1,0.0,10,120,1.5,3.5,1.0,0.1
0,1000,0.27512307581653,0.052373739846933394,3.280388896980107,0.3364866812497096,0.33,754,0.24807476270672082,0.008138184936595455,0.10344827586206896,6.54,2.561459854608409,0.5310412270497411,-0.007192473318529879,0.09855919551070362,15.08,0.5310412270497411,2.5,800,0.2,0.02,0.01,0.05,0.1,0.0,10,120,1.5,3.5,1.0,0.1
8,801000,0.28199764903619884,0.07459335069022288,3.323405742754558,0.3163020440875396,0.35,731,-0.07900445209210677,-0.030053073306523116,0.09575923392612859,6.53,2.5923046925232427,0.5641453579122263,-0.06960660911810226,0.11974744267061764,14.62,0.5641453579122263,2.5,800,0.2,0.02,0.01,0.05,0.1,0.0,10,120,1.5,3.5,1.0,0.1
9,901000,0.2914129521723358,0.06531689242645226,3.25195910058013,0.3565596155272054,0.36,700,-0.12839912268153683,-0.06019307825365959,0.13285714285714287,7.08,2.415823453666981,0.580921017217269,-0.0893622141151537,0.12860706785822054,14.0,0.580921017217269,2.5,800,0.2,0.02,0.01,0.05,0.1,0.0,10,120,1.5,3.5,1.0,0.1
1,101000,0.29120128287334235,0.06962607574482457,3.312348667615516,0.3380984485910102,0.37,756,-0.09996793173311352,-0.011520389713852974,0.12698412698412698,7.125,2.501048631120868,0.5644403545666535,0.07731778176312773,0.11940498690845462,15.12,0.5644403545666535,2.5,800,0.2,0.02,0.01,0.05,0.1,0.0,10,120,1.5,3.5,1.0,0.1
4,401000,0.2893617488154579,0.06858877726943906,3.3716954676138404,0.3427350529934786,0.43,787,0.035515957997321726,-0.11467248154977339,0.1905972045743329,9.075,2.5743810726353025,0.6153340655678885,-0.04869929857283389,0.13376418371926455,15.74,0.6153340655678885,2.5,800,0.2,0.02,0.01,0.05,0.1,0.0,10,120,1.5,3.5,1.0,0.1
3,301000,0.2818108988068086,0.058788762887299915,3.240909222993208,0.33044410630829396,0.42,764,-0.07065381536119991,-0.05187770807109217,0.16361256544502617,8.215,2.4786476484104125,0.5742681430369957,0.038256136970033376,0.12541643376399647,15.28,0.5742681430369957,2.5,800,0.2,0.02,0.01,0.05,0.1,0.0,10,120,1.5,3.5,1.0,0.1
2,201000,0.28124934036661875,0.06542220540839187,3.2406469247809557,0.317506760489019,0.27,731,0.06044911903788737,0.06994082001673013,0.08207934336525308,5.355,2.5010556220309907,0.601630330145316,0.1883241383858517,0.10454187589723071,14.62,0.601630330145316,2.5,800,0.2,0.02,0.01,0.05,0.1,0.0,10,120,1.5,3.5,1.0,0.1
7,701000,0.2857687556300361,0.06847223999422984,3.2401402996762894,0.3370652139828709,0.39,721,-0.1653752781311313,-0.10445922638387126,0.14979195561719832,7.185,2.463051258645014,0.5746457261855316,0.1615039715956208,0.1319519861600821,14.42,0.5746457261855316,2.5,800,0.2,0.02,0.01,0.05,0.1,0.0,10,120,1.5,3.5,1.0,0.1
6,601000,0.2803839922556026,0.06603261843170721,3.1677530054765066,0.33358330426732974,0.34,769,-0.11012313075869479,0.1178778843377228,0.1235370611183355,7.075,2.440948290254321,0.5743939504550846,-0.05448385624450418,0.12002691315742972,15.38,0.5743939504550846,2.5,800,0.2,0.02,0.01,0.05,0.1,0.0,10,120,1.5,3.5,1.0,0.1
10,1001000,0.27815728532973216,0.06950286087271157,3.1599012632926735,0.3157395876720073,0.35,763,-0.016904524530880958,-0.082701180997026,0.11009174311926606,6.81,2.4483969499545974,0.5335955517362488,-0.091387819815101,0.11826915505608071,15.26,0.5335955517362488,2.5,800,0.2,0.02,0.01,0.05,0.1,0.0,10,120,1.5,3.5,1.0,0.1
13,1301000,0.2810789147633931,0.07210358989807397,3.1948625999803846,0.33215970952944074,0.28,720,-0.09614739967047305,-0.26425190571550594,0.07222222222222222,5.48,2.4987010831607175,0.6003096917384062,-0.049573793350075765,0.10530353505078031,14.4,0.6003096917384062,2.5,800,0.2,0.02,0.01,0.05,0.1,0.0,10,120,1.5,3.5,1.0,0.1
11,1101000,0.27199969995657225,0.0709178638446362,3.064964743257365,0.31616676048381914,0.29,716,0.10828922572509826,0.04832497850152232,0.09217877094972067,5.85,2.4422455565598,0.5429935114390992,0.05919876562921733,0.12094167651516821,14.32,0.5429935114390992,2.5,800,0.2,0.02,0.01,0.05,0.1,0.0,10,120,1.5,3.5,1.0,0.1
19,1901000,0.2887127282006184,0.059871776258078456,3.2288697412573697,0.2945870453374722,0.28,734,-0.017143267011676316,0.0310050987681268,0.08446866485013624,5.62,2.394764879049376,0.5639423250376029,-0.09986556237391243,0.11279920673433566,14.68,0.5639423250376029,2.5,800,0.2,0.02,0.01,0.05,0.1,0.0,10,120,1.5,3.5,1.0,0.1
12,1201000,0.29558893517301993,0.058341186591483414,3.3009454458092633,0.3152204059640906,0.29,727,-0.13113651259351822,-0.04432374243087291,0.06602475928473177,5.34,2.4256072684411367,0.5578058754341263,0.10511894703771404,0.11064944404320338,14.54,0.5578058754341263,2.5,800,0.2,0.02,0.01,0.05,0.1,0.0,10,120,1.5,3.5,1.0,0.1
18,1801000,0.29911758123530996,0.0656453946095907,3.2938180679309714,0.3298012396919298,0.28,740,-0.07366078407563745,0.17409966731638332,0.07972972972972973,5.74,2.418495401387144,0.57787699894824,0.05959295465335539,0.10738835401345496,14.8,0.57787699894824,2.5,800,0.2,0.02,0.01,0.05,0.1,0.0,10,120,1.5,3.5,1.0,0.1
17,1701000,0.2836127154017736,0.06943123875102039,3.323110771996069,0.3643620331976664,0.37,701,-0.06649302587847124,-0.05252360554197663,0.1326676176890157,6.69,2.5293929121799676,0.5542484492055335,0.13139803032357483,0.12490902556288645,14.02,0.5542484492055335,2.5,800,0.2,0.02,0.01,0.05,0.1,0.0,10,120,1.5,3.5,1.0,0.1
15,1501000,0.28942731275500244,0.06888269752787543,3.3352424511199086,0.3286499423066466,0.35,760,-0.05345779626250764,0.06700471718417547,0.11842105263157894,7.29,2.529160610286405,0.6086979956242673,-0.25532498986454555,0.10330409408371759,15.2,0.6086979956242673,2.5,800,0.2,0.02,0.01,0.05,0.1,0.0,10,120,1.5,3.5,1.0,0.1
21,2101000,0.29420345165185624,0.06459677969323326,3.2345062903434023,0.359348314782925,0.42,737,0.10625438509222074,-0.029813280522204375,0.20488466757123475,8.36,2.378084287071483,0.5657542728199167,-0.05566614650863995,0.10865512617529936,14.74,0.5657542728199167,2.5,800,0.2,0.02,0.01,0.05,0.1,0.0,10,120,1.5,3.5,1.0,0.1
16,1601000,0.2915769401897688,0.06719434727106717,3.2715589255007016,0.3238393326774544,0.33,743,-0.13127608288183135,0.02771034476821662,0.08748317631224764,6.76,2.493311636162952,0.5904757925742388,-0.12910398401629317,0.11747787612438208,14.86,0.5904757925742388,2.5,800,0.2,0.02,0.01,0.05,0.1,0.0,10,120,1.5,3.5,1.0,0.1
14,1401000,0.27299719449368015,0.06329814225103729,3.1564029617407487,0.30206488687476324,0.32,740,-0.12069538347004201,0.036303826813744444,0.11351351351351352,6.36,2.5159846363679095,0.60845617852839,-0.08957340494427024,0.10817661751403719,14.8,0.60845617852839,2.5,800,0.2,0.02,0.01,0.05,0.1,0.0,10,120,1.5,3.5,1.0,0.1
20,2001000,0.2782956793574357,0.06429476147775551,3.1724414314824028,0.3789704536739511,0.4,803,0.12411936433079832,0.01610796341089546,0.1444582814445828,7.99,2.4857464382217045,0.5665208327015486,-0.0613257397539547,0.09698851877166755,16.06,0.5665208327015486,2.5,800,0.2,0.02,0.01,0.05,0.1,0.0,10,120,1.5,3.5,1.0,0.1
5,501000,0.2766760083043893,0.06677217006118101,3.1797869121344986,0.3387329049345771,0.28,776,0.011141782070932717,-0.0422624681511341,0.08891752577319588,6.21,2.5014958758118215,0.608781685971586,-0.13092044620582768,0.10981475031219529,15.52,0.567501400002231,2.5,800,0.2,0.02,0.01,0.05,0.1,0.2,10,120,1.5,3.5,1.0,0.1
8,801000,0.2767818597050911,0.06381640324428692,3.332196101844234,0.3225375679862036,0.34,731,-0.23299632794585923,-0.10936433451039865,0.09028727770177838,6.57,2.6575735415672135,0.5707957101940784,-0.24895050280306533,0.13320125605625535,14.62,0.5641453579122263,2.5,800,0.2,0.02,0.01,0.05,0.1,0.2,10,120,1.5,3.5,1.0,0.1
0,1000,0.2711571006470734,0.06451112750228702,3.30664399962386,0.3598261553817171,0.36,754,0.19401288034050546,0.07687652189737902,0.129973474801061,7.15,2.6701905825608874,0.564452629163091,0.031912150308946674,0.11238989034066109,15.08,0.5310412270497411,2.5,800,0.2,0.02,0.01,0.05,0.1,0.2,10,120,1.5,3.5,1.0,0.1
9,901000,0.2874584378694998,0.06186406378073569,3.396962553236541,0.3027318806013962,0.29,700,-0.12245055311339241,-0.15488117262198853,0.08714285714285715,5.81,2.6090035665663294,0.644824393604242,0.1397036535616904,0.1251047930282809,14.0,0.580921017217269,2.5,800,0.2,0.02,0.01,0.05,0.1,0.2,10,120,1.5,3.5,1.0,0.1
1,101000,0.2820610411542603,0.05072589530980862,3.4239901443132617,0.3363492040636769,0.32,756,-0.10627937518059107,-0.16617635269327807,0.09391534391534391,6.34,2.6529105641672945,0.6298235964314405,-0.006401369494840333,0.11000201625711872,15.12,0.5644403545666535,2.5,800,0.2,0.02,0.01,0.05,0.1,0.2,10,120,1.5,3.5,1.0,0.1
4,401000,0.2730849360216309,0.07116284358278109,3.442073472573767,0.3285051134700268,0.43,787,0.14295577883825797,0.0792378248790082,0.1905972045743329,8.985,2.7746911655373494,0.6652736450680748,-0.06397762711739463,0.13025837639802354,15.74,0.6153340655678885,2.5,800,0.2,0.02,0.01,0.05,0.1,0.2,10,120,1.5,3.5,1.0,0.1
3,301000,0.2811336513632153,0.06610208319538421,3.378205334936636,0.350670414769794,0.42,764,-0.1277586284170906,-0.08445025219926515,0.16361256544502617,8.125,2.634051225594871,0.6187491297832692,-0.005347591155521226,0.11978248363265553,15.28,0.5742681430369957,2.5,800,0.2,0.02,0.01,0.05,0.1,0.2,10,120,1.5,3.5,1.0,0.1
7,701000,0.2709941633932342,0.05906234921267919,3.344295287633654,0.32775016337969914,0.34,721,0.02484738210890063,0.05096962381460765,0.11234396671289876,6.405,2.700498087276115,0.6272176158857321,-0.1024509207048312,0.1268571565899101,14.42,0.5746457261855316,2.5,800,0.2,0.02,0.01,0.05,0.1,0.2,10,120,1.5,3.5,1.0,0.1
2,201000,0.2820838457304518,0.0663197585518879,3.3264639047683175,0.31526346249354154,0.28,731,-0.06221640007978941,-0.04008163337213622,0.06976744186046512,5.4,2.618361876897636,0.6354937070626339,-0.007388433897489755,0.10889475424956156,14.62,0.601630330145316,2.5,800,0.2,0.02,0.01,0.05,0.1,0.2,10,120,1.5,3.5,1.0,0.1
6,601000,0.27874203967063976,0.07362032099363346,3.344022304469775,0.3287930437216162,0.3,769,-0.15133808921358494,-0.08949329047811239,0.08062418725617686,6.175,2.640673482191244,0.6405996302630701,-0.05472756221156203,0.10867485363424437,15.38,0.5743939504550846,2.5,800,0.2,0.02,0.01,0.05,0.1,0.2,10,120,1.5,3.5,1.0,0.1
10,1001000,0.2781970250534487,0.055623121505760466,3.4019981470328013,0.31042772085232445,0.35,763,-0.020394620637342094,-0.09469840402485127,0.1127129750982962,6.595,2.679269442636695,0.6064163138594949,0.22267354896625263,0.11487335480852517,15.26,0.5335955517362488,2.5,800,0.2,0.02,0.01,0.05,0.1,0.2,10,120,1.5,3.5,1.0,0.1
11,1101000,0.28928802661575476,0.06775849642167929,3.403349161375114,0.3368172786260958,0.33,716,-0.03567523830069017,0.016824905899041082,0.11452513966480447,6.56,2.5881234867099665,0.6093280887406186,0.1153333313062004,0.13380537445572924,14.32,0.5429935114390992,2.5,800,0.2,0.02,0.01,0.05,0.1,0.2,10,120,1.5,3.5,1.0,0.1
13,1301000,0.27218538395957403,0.06855447285176168,3.300471032796933,0.303300919174692,0.24,720,-0.10839169050979958,-0.20025780905777463,0.0625,4.77,2.645978235113873,0.6448908076351801,0.022338327798786622,0.09382382241500196,14.4,0.6003096917384062,2.5,800,0.2,0.02,0.01,0.05,0.1,0.2,10,120,1.5,3.5,1.0,0.1
19,1901000,0.2769969792494464,0.0667199762583555,3.2289431821651817,0.33715507981862664,0.27,734,0.10341939927093305,0.003939573819981113,0.07901907356948229,5.495,2.5311312726048096,0.6212200022060748,0.0783427579222441,0.10826111172364519,14.68,0.5639423250376029,2.5,800,0.2,0.02,0.01,0.05,0.1,0.2,10,120,1.5,3.5,1.0,0.1
12,1201000,0.2762132691596577,0.062337750313058715,3.3137323343820895,0.3060293542709629,0.31,727,-0.18680114804476997,-0.01705065316359025,0.08803301237964237,5.72,2.6182207174072247,0.6101295354358125,-0.03265277414617548,0.10907396034421352,14.54,0.5578058754341263,2.5,800,0.2,0.02,0.01,0.05,0.1,0.2,10,120,1.5,3.5,1.0,0.1
17,1701000,0.28110896525007045,0.05280635460802321,3.43055462899766,0.3241230774203354,0.31,701,-0.11557980452578827,-0.008919573133922824,0.0898716119828816,5.715,2.682649478896313,0.5924274213753017,0.09468817381634761,0.11464905019808842,14.02,0.5542484492055335,2.5,800,0.2,0.02,0.01,0.05,0.1,0.2,10,120,1.5,3.5,1.0,0.1
18,1801000,0.2691105648868579,0.06430373769337445,3.216068291719677,0.37217788888093717,0.38,740,0.15671025940345967,-0.11760924016826785,0.12702702702702703,7.25,2.600031817834233,0.6326137948567967,-0.038438145091575567,0.12446748667917236,14.8,0.57787699894824,2.5,800,0.2,0.02,0.01,0.05,0.1,0.2,10,120,1.5,3.5,1.0,0.1
21,2101000,0.2930495912671951,0.06824679342708027,3.2897412621919573,0.3347442710033603,0.43,737,0.017434338477304974,-0.009287607640336874,0.2198100407055631,8.43,2.4694068031266005,0.5987965454011123,-0.020563386706051293,0.11600059767970809,14.74,0.5657542728199167,2.5,800,0.2,0.02,0.01,0.05,0.1,0.2,10,120,1.5,3.5,1.0,0.1
15,1501000,0.27986348681453466,0.06274095684801566,3.434673537734003,0.30981452288651634,0.31,760,-0.01837969190300601,0.01948061976710782,0.10263157894736842,6.405,2.714294390664744,0.6506706740873738,-0.1298637172275129,0.10245740221821527,15.2,0.6086979956242673,2.5,800,0.2,0.02,0.01,0.05,0.1,0.2,10,120,1.5,3.5,1.0,0.1
16,1601000,0.2716340086614173,0.06891321331895015,3.3015199690609114,0.3061469534040932,0.3,743,0.025651081743835263,0.11361211165211135,0.08209959623149395,6.29,2.6605612974045347,0.6247932835495784,0.06056834889907401,0.11729324510868062,14.86,0.5904757925742388,2.5,800,0.2,0.02,0.01,0.05,0.1,0.2,10,120,1.5,3.5,1.0,0.1
14,1401000,0.27425425600163217,0.0695937779301718,3.432637071998319,0.32809526832892855,0.3,740,-0.15473911194821136,0.037304752826327225,0.08378378378378379,5.83,2.7725361623340543,0.6849954216396041,-0.08422730073977192,0.10267128660236945,14.8,0.60845617852839,2.5,800,0.2,0.02,0.01,0.05,0.1,0.2,10,120,1.5,3.5,1.0,0.1
20,2001000,0.27541585840276994,0.06132098095849017,3.3515452541812687,0.3453073194365319,0.35,803,0.09247943136709959,0.0264186604921702,0.11706102117061021,7.385,2.6501117257525753,0.6018290333996706,0.03426685353057746,0.09606599204633443,16.06,0.5665208327015486,2.5,800,0.2,0.02,0.01,0.05,0.1,0.2,10,120,1.5,3.5,1.0,0.1
5,501000,0.2698793769282716,0.06253446707923935,3.300312555586501,0.3440979649787622,0.3,776,0.23675473716085013,0.055368745930030404,0.09922680412371133,6.595,2.629347691962017,0.6557526519681097,-0.11140308627286702,0.11146434305170677,15.52,0.567501400002231,2.5,800,0.2,0.02,0.01,0.05,0.1,0.4,10,120,1.5,3.5,1.0,0.1
0,1000,0.25919193146296476,0.06521011465926144,3.410849397983232,0.3076785011887456,0.3,754,0.21927355409915456,-0.08331732032301531,0.08355437665782493,6.06,2.8772665690294366,0.6504198173012037,0.15966985548477036,0.10168617917059877,15.08,0.5310412270497411,2.5,800,0.2,0.02,0.01,0.05,0.1,0.4,10,120,1.5,3.5,1.0,0.1
8,801000,0.26830894921691906,0.0667606727033634,3.3473185431226464,0.3230822609759625,0.34,731,-0.09293762293442309,-0.1801729151674312,0.09302325581395349,6.325,2.734166495190384,0.5960646353294414,0.10021275181469969,0.11616577161387147,14.62,0.5641453579122263,2.5,800,0.2,0.02,0.01,0.05,0.1,0.4,10,120,1.5,3.5,1.0,0.1
9,901000,0.2754814364165409,0.06709982916507887,3.489844444440949,0.3249940091161509,0.31,700,0.08645454743007332,-0.028420094997028158,0.09428571428571429,6.09,2.8155977043772213,0.7333857900228788,0.18778104108633684,0.12275209967457507,14.0,0.580921017217269,2.5,800,0.2,0.02,0.01,0.05,0.1,0.4,10,120,1.5,3.5,1.0,0.1
1,101000,0.277284552996813,0.060707608986848446,3.503226719842761,0.3435451407581136,0.34,756,-0.11131803217577854,-0.0860675120345773,0.11375661375661375,6.805,2.798600963357001,0.6988248149290445,0.052801100363401694,0.11001984243100515,15.12,0.5644403545666535,2.5,800,0.2,0.02,0.01,0.05,0.1,0.4,10,120,1.5,3.5,1.0,0.1
3,301000,0.2741296106463794,0.06546562526291404,3.510316574979179,0.31270853135625887,0.43,764,-0.1308063458688758,0.016590346880023962,0.17277486910994763,8.34,2.8561308419301965,0.6872414064677941,-0.08672221110122635,0.12551682284658627,15.28,0.5742681430369957,2.5,800,0.2,0.02,0.01,0.05,0.1,0.4,10,120,1.5,3.5,1.0,0.1
7,701000,0.2688746393719255,0.06477503799653235,3.555297949399014,0.332339305116153,0.41,721,-0.12790369500501436,-0.140034423326533,0.16920943134535368,7.645,2.9513748078510504,0.6971273050815592,-0.016235120002998243,0.14198432150304544,14.42,0.5746457261855316,2.5,800,0.2,0.02,0.01,0.05,0.1,0.4,10,120,1.5,3.5,1.0,0.1
4,401000,0.2652175934204454,0.06566360225035002,3.552095778766145,0.32122369189389777,0.39,787,0.11606102453592937,-0.06995073188303123,0.156289707750953,8.28,2.939057288454432,0.7132828320538276,0.07949448474128686,0.133455051432297,15.74,0.6153340655678885,2.5,800,0.2,0.02,0.01,0.05,0.1,0.4,10,120,1.5,3.5,1.0,0.1
2,201000,0.2711841281050437,0.06014676789102227,3.352636777776337,0.3221599202237679,0.31,731,-0.10886122302415202,0.05565318677335489,0.09849521203830369,5.955,2.7136609403080887,0.6895080017648196,0.11636569002319957,0.1182283371432868,14.62,0.601630330145316,2.5,800,0.2,0.02,0.01,0.05,0.1,0.4,10,120,1.5,3.5,1.0,0.1
6,601000,0.2771758346078742,0.055344040137020455,3.6005048592699103,0.3180984631774895,0.31,769,-0.07536183597612035,0.04073567723640137,0.10013003901170352,6.43,2.886678557297706,0.7165584527141163,0.023883256735558203,0.1141137409849068,15.38,0.5743939504550846,2.5,800,0.2,0.02,0.01,0.05,0.1,0.4,10,120,1.5,3.5,1.0,0.1
10,1001000,0.26575496796197107,0.05342605780768158,3.5068140667127903,0.32092568722553766,0.31,763,-0.07652439217164132,-0.01912397558761789,0.09043250327653997,5.985,2.9042961871227857,0.7001840844298522,-0.12492488075467247,0.10299063528042388,15.26,0.5335955517362488,2.5,800,0.2,0.02,0.01,0.05,0.1,0.4,10,120,1.5,3.5,1.0,0.1
13,1301000,0.26925586041775973,0.0638174046175614,3.471518328526782,0.34303836299694146,0.26,720,0.16497176058304927,-0.08276485170926258,0.06805555555555555,5.18,2.865665199367975,0.74479213818095,0.1670057901020011,0.10064132497461434,14.4,0.6003096917384062,2.5,800,0.2,0.02,0.01,0.05,0.1,0.4,10,120,1.5,3.5,1.0,0.1
11,1101000,0.27237414485696393,0.05511416225698387,3.3485234696320263,0.3144957679773274,0.3,716,-0.015275335865988742,0.020618941566683233,0.09776536312849161,6.14,2.696154653721317,0.6756273944326344,0.05221598478644956,0.12270900701246643,14.32,0.5429935114390992,2.5,800,0.2,0.02,0.01,0.05,0.1,0.4,10,120,1.5,3.5,1.0,0.1
19,1901000,0.28066014793754657,0.06467900507653021,3.437787977014347,0.3410291557501306,0.33,734,0.0031698128352618407,-0.07747719524600742,0.10626702997275204,6.54,2.6937844731452003,0.7074977880545361,0.06531482938641703,0.10851755411341317,14.68,0.5639423250376029,2.5,800,0.2,0.02,0.01,0.05,0.1,0.4,10,120,1.5,3.5,1.0,0.1
18,1801000,0.2578601537332016,0.048790755005363375,3.4166444040303245,0.3070498445014868,0.27,740,0.015589371404109164,-0.056157857536448266,0.05405405405405406,5.27,2.8590110711697476,0.7511021515447291,-0.2172675573725604,0.11472805884177191,14.8,0.57787699894824,2.5,800,0.2,0.02,0.01,0.05,0.1,0.4,10,120,1.5,3.5,1.0,0.1
17,1701000,0.2611019744914558,0.0570041126219796,3.3574604410883135,0.3030532707250172,0.31,701,0.16009228332097383,0.15733605512381008,0.0884450784593438,5.71,2.8019920367257267,0.6353510749697917,0.09973046376399214,0.12059005592461908,14.02,0.5542484492055335,2.5,800,0.2,0.02,0.01,0.05,0.1,0.4,10,120,1.5,3.5,1.0,0.1
12,1201000,0.28580766684034326,0.06324009342710532,3.6132068528501877,0.3118270703848517,0.29,727,-0.1902481562797876,-0.22733333689871565,0.06327372764786796,5.405,2.8044003056002604,0.6858474545664688,-0.05151277876873127,0.10448715478156248,14.54,0.5578058754341263,2.5,800,0.2,0.02,0.01,0.05,0.1,0.4,10,120,1.5,3.5,1.0,0.1
16,1601000,0.26484184854808174,0.05980215949121962,3.4384020372092743,0.30219795642185665,0.29,743,0.01508828225686739,0.04661554765211245,0.06594885598923284,6.02,2.8312878731150266,0.6687849297608318,-0.24675688531512205,0.11169149490302795,14.86,0.5904757925742388,2.5,800,0.2,0.02,0.01,0.05,0.1,0.4,10,120,1.5,3.5,1.0,0.1
21,2101000,0.28628665303707135,0.05280512580028715,3.5524560597663175,0.30512939946157475,0.35,737,-0.09646153350908347,-0.12499190666526475,0.15739484396200815,7.135,2.719548297508405,0.6668327817137633,0.06292852792974288,0.11786782590343904,14.74,0.5657542728199167,2.5,800,0.2,0.02,0.01,0.05,0.1,0.4,10,120,1.5,3.5,1.0,0.1
15,1501000,0.2695137795324732,0.06498081503864439,3.5442461844803415,0.3250890533622689,0.34,760,-0.1063678737909858,0.033517763696290705,0.11578947368421053,7.115,2.9231333099665786,0.7218783374777025,-0.21638686575298968,0.09832849629214642,15.2,0.6086979956242673,2.5,800,0.2,0.02,0.01,0.05,0.1,0.4,10,120,1.5,3.5,1.0,0.1
14,1401000,0.2641591774305633,0.06678541884438931,3.6866262567861567,0.2721785324329687,0.26,740,-0.2851953076452744,-0.1463590438400264,0.062162162162162166,5.12,3.1332715188663416,0.78582508067092,-0.24434317459832539,0.09681197299508777,14.8,0.60845617852839,2.5,800,0.2,0.02,0.01,0.05,0.1,0.4,10,120,1.5,3.5,1.0,0.1
20,2001000,0.26583942850297193,0.06848089877324216,3.3835162848818925,0.3280981690455056,0.34,803,0.11547081579704283,0.1257008232372691,0.11457036114570361,6.985,2.8030384439029876,0.6629984853319991,0.07234410970019471,0.10571670749863542,16.06,0.5665208327015486,2.5,800,0.2,0.02,0.01,0.05,0.1,0.4,10,120,1.5,3.5,1.0,0.1
5,501000,0.3012564656543307,0.07067097539024214,3.3064825308089847,0.3566034807890158,0.31,1485,0.09085570210549845,-0.05561342158147293,0.10101010101010101,12.855,2.3972996623862532,0.567501400002231,-0.20344698513625686,0.07506811973886887,29.7,0.567501400002231,2.5,800,0.2,0.02,0.01,0.05,0.1,0.0,10,120,1.5,3.5,1.0,0.2
8,801000,0.28199764903619884,0.07459335069022288,3.323405742754558,0.3163020440875396,0.35,1468,-0.07900445209210677,-0.08273331378307214,0.10694822888283378,13.58,2.5923046925232427,0.5641453579122263,-0.07086414664697135,0.08030850551130132,29.36,0.5641453579122263,2.5,800,0.2,0.02,0.01,0.05,0.1,0.0,10,120,1.5,3.5,1.0,0.2
0,1000,0.27512307581653,0.052373739846933394,3.280388896980107,0.3364866812497096,0.33,1490,0.24807476270672082,0.010559164470337015,0.09328859060402685,12.89,2.561459854608409,0.5310412270497411,-0.03225001279535055,0.07050300191231043,29.8,0.5310412270497411,2.5,800,0.2,0.02,0.01,0.05,0.1,0.0,10,120,1.5,3.5,1.0,0.2
9,901000,0.2914129521723358,0.06531689242645226,3.25195910058013,0.3565596155272054,0.36,1434,-0.12839912268153683,0.023911718251525035,0.14225941422594143,14.175,2.415823453666981,0.580921017217269,-0.05254849314354454,0.07997915901636003,28.68,0.580921017217269,2.5,800,0.2,0.02,0.01,0.05,0.1,0.0,10,120,1.5,3.5,1.0,0.2
1,101000,0.29120128287334235,0.06962607574482457,3.312348667615516,0.3380984485910102,0.37,1514,-0.09996793173311352,-0.0358869648338042,0.12813738441215325,14.395,2.501048631120868,0.5644403545666535,0.000861724911276639,0.0687335734649095,30.28,0.5644403545666535,2.5,800,0.2,0.02,0.01,0.05,0.1,0.0,10,120,1.5,3.5,1.0,0.2
3,301000,0.2818108988068086,0.058788762887299915,3.240909222993208,0.33044410630829396,0.42,1517,-0.07065381536119991,-0.02807439043241651,0.16611733684904417,16.05,2.4786476484104125,0.5742681430369957,-0.060727918989003024,0.07432492311621214,30.34,0.5742681430369957,2.5,800,0.2,0.02,0.01,0.05,0.1,0.0,10,120,1.5,3.5,1.0,0.2
4,401000,0.2893617488154579,0.06858877726943906,3.3716954676138404,0.3427350529934786,0.43,1515,0.035515957997321726,-0.029527487392144416,0.18151815181518152,17.47,2.5743810726353025,0.6153340655678885,-0.14188887290879398,0.09018933142360994,30.3,0.6153340655678885,2.5,800,0.2,0.02,0.01,0.05,0.1,0.0,10,120,1.5,3.5,1.0,0.2
7,701000,0.2857687556300361,0.06847223999422984,3.2401402996762894,0.3370652139828709,0.39,1486,-0.1653752781311313,-0.0933843938470107,0.14535666218034993,15.045,2.463051258645014,0.5746457261855316,0.10996210403895587,0.08108351053049577,29.72,0.5746457261855316,2.5,800,0.2,0.02,0.01,0.05,0.1,0.0,10,120,1.5,3.5,1.0,0.2
6,601000,0.2803839922556026,0.06603261843170721,3.1677530054765066,0.33358330426732974,0.34,1531,-0.11012313075869479,0.11338559809511423,0.11299804049640758,13.72,2.440948290254321,0.5743939504550846,-0.09461912630147916,0.06778619066056353,30.62,0.5743939504550846,2.5,800,0.2,0.02,0.01,0.05,0.1,0.0,10,120,1.5,3.5,1.0,0.2
2,201000,0.28124934036661875,0.06542220540839187,3.2406469247809557,0.317506760489019,0.27,1482,0.06044911903788737,-0.031015054867495506,0.0728744939271255,10.725,2.5010556220309907,0.601630330145316,0.11312649195061253,0.06787606081702263,29.64,0.601630330145316,2.5,800,0.2,0.02,0.01,0.05,0.1,0.0,10,120,1.5,3.5,1.0,0.2
10,1001000,0.27815728532973216,0.06950286087271157,3.1599012632926735,0.3157395876720073,0.35,1547,-0.016904524530880958,0.04103509368686004,0.11247575953458307,14.25,2.4483969499545974,0.5335955517362488,-0.07763459915117239,0.07219002747151612,30.94,0.5335955517362488,2.5,800,0.2,0.02,0.01,0.05,0.1,0.0,10,120,1.5,3.5,1.0,0.2
13,1301000,0.2810789147633931,0.07210358989807397,3.1948625999803846,0.33215970952944074,0.28,1431,-0.09614739967047305,-0.09614524225513384,0.07826694619147449,10.985,2.4987010831607175,0.6003096917384062,-0.04383053872254726,0.06147529100243192,28.62,0.6003096917384062,2.5,800,0.2,0.02,0.01,0.05,0.1,0.0,10,120,1.5,3.5,1.0,0.2
11,1101000,0.27199969995657225,0.0709178638446362,3.064964743257365,0.31616676048381914,0.29,1485,0.10828922572509826,0.048632337737322694,0.08484848484848485,11.43,2.4422455565598,0.5429935114390992,0.07384606990171087,0.0785046726003157,29.7,0.5429935114390992,2.5,800,0.2,0.02,0.01,0.05,0.1,0.0,10,120,1.5,3.5,1.0,0.2
19,1901000,0.2887127282006184,0.059871776258078456,3.2288697412573697,0.2945870453374722,0.28,1441,-0.017143267011676316,0.07469682142499301,0.08882720333102012,11.17,2.394764879049376,0.5639423250376029,-0.01831126194477642,0.07676248361037467,28.82,0.5639423250376029,2.5,800,0.2,0.02,0.01,0.05,0.1,0.0,10,120,1.5,3.5,1.0,0.2
12,1201000,0.29558893517301993,0.058341186591483414,3.3009454458092633,0.3152204059640906,0.29,1511,-0.13113651259351822,-0.07611573838800366,0.07081403044341496,11.2,2.4256072684411367,0.5578058754341263,0.11455815556342455,0.06921721526832732,30.22,0.5578058754341263,2.5,800,0.2,0.02,0.01,0.05,0.1,0.0,10,120,1.5,3.5,1.0,0.2
18,1801000,0.29911758123530996,0.0656453946095907,3.2938180679309714,0.3298012396919298,0.28,1481,-0.07366078407563745,0.15334943691148434,0.07832545577312626,11.335,2.418495401387144,0.57787699894824,0.0647400922811397,0.07032775734403453,29.62,0.57787699894824,2.5,800,0.2,0.02,0.01,0.05,0.1,0.0,10,120,1.5,3.5,1.0,0.2
16,1601000,0.2915769401897688,0.06719434727106717,3.2715589255007016,0.3238393326774544,0.33,1507,-0.13127608288183135,-0.1136406724203865,0.10484406104844061,13.795,2.493311636162952,0.5904757925742388,-0.12338010078240454,0.07763373419556373,30.14,0.5904757925742388,2.5,800,0.2,0.02,0.01,0.05,0.1,0.0,10,120,1.5,3.5,1.0,0.2
21,2101000,0.29420345165185624,0.06459677969323326,3.2345062903434023,0.359348314782925,0.42,1455,0.10625438509222074,0.05564637032864078,0.18213058419243985,15.845,2.378084287071483,0.5657542728199167,-0.017182922456440857,0.07946575153399317,29.1,0.5657542728199167,2.5,800,0.2,0.02,0.01,0.05,0.1,0.0,10,120,1.5,3.5,1.0,0.2
17,1701000,0.2836127154017736,0.06943123875102039,3.323110771996069,0.3643620331976664,0.37,1496,-0.06649302587847124,-0.01759305221453227,0.12901069518716576,14.615,2.5293929121799676,0.5542484492055335,0.17349516168725435,0.06929120599175204,29.92,0.5542484492055335,2.5,800,0.2,0.02,0.01,0.05,0.1,0.0,10,120,1.5,3.5,1.0,0.2
15,1501000,0.28942731275500244,0.06888269752787543,3.3352424511199086,0.3286499423066466,0.35,1510,-0.05345779626250764,0.06606386051847939,0.11788079470198676,14.15,2.529160610286405,0.6086979956242673,-0.1685923819370387,0.06362173542602194,30.2,0.6086979956242673,2.5,800,0.2,0.02,0.01,0.05,0.1,0.0,10,120,1.5,3.5,1.0,0.2
14,1401000,0.27299719449368015,0.06329814225103729,3.1564029617407487,0.30206488687476324,0.32,1566,-0.12069538347004201,-0.03376671844774101,0.09897828863346105,13.435,2.5159846363679095,0.60845617852839,-0.004290981407341191,0.06922193681978592,31.32,0.60845617852839,2.5,800,0.2,0.02,0.01,0.05,0.1,0.0,10,120,1.5,3.5,1.0,0.2
20,2001000,0.2782956793574357,0.06429476147775551,3.1724414314824028,0.3789704536739511,0.4,1575,0.12411936433079832,0.11546586207125359,0.15555555555555556,15.97,2.4857464382217045,0.5665208327015486,-0.007031602549306101,0.07033446256170439,31.5,0.5665208327015486,2.5,800,0.2,0.02,0.01,0.05,0.1,0.0,10,120,1.5,3.5,1.0,0.2
5,501000,0.2892707129832447,0.07787004107083689,3.294507689847163,0.33231112823381126,0.27,1485,0.06860325646500007,0.04598677339822712,0.08350168350168351,11.255,2.503980993709474,0.6027640334482759,0.045717039372212775,0.0647324933747323,29.7,0.567501400002231,2.5,800,0.2,0.02,0.01,0.05,0.1,0.2,10,120,1.5,3.5,1.0,0.2
9,901000,0.27857750959210337,0.0605440092738837,3.2374908976664813,0.3523874198684721,0.34,1434,0.07720186757732515,-0.015675081935265484,0.12343096234309624,13.305,2.5351952089966416,0.6094050924320814,-0.1289490225272777,0.07659441353345203,28.68,0.580921017217269,2.5,800,0.2,0.02,0.01,0.05,0.1,0.2,10,120,1.5,3.5,1.0,0.2
8,801000,0.26531272822470225,0.060348747975257654,3.259222302940312,0.3285469801577087,0.37,1468,0.04463020734550185,0.025522588605832033,0.1226158038147139,14.46,2.6970776583994116,0.5843956704694832,-0.12369359034566876,0.08133869044939694,29.36,0.5641453579122263,2.5,800,0.2,0.02,0.01,0.05,0.1,0.2,10,120,1.5,3.5,1.0,0.2
0,1000,0.27573164554719154,0.0729807145140183,3.3601267136411805,0.34278530081724745,0.37,1490,-0.04342484819328279,-0.05613336344620641,0.1221476510067114,14.53,2.6962569258129894,0.5609694424827792,-0.08147677290336983,0.06988846226274387,29.8,0.5310412270497411,2.5,800,0.2,0.02,0.01,0.05,0.1,0.2,10,120,1.5,3.5,1.0,0.2
1,101000,0.28023707053697394,0.059983137080905705,3.46978603980974,0.27874529915087665,0.28,1514,-0.1994776756521816,-0.15205312096325127,0.07001321003963012,11.105,2.7155215886782265,0.6171853054852384,-0.13262073537021696,0.05987378510459986,30.28,0.5644403545666535,2.5,800,0.2,0.02,0.01,0.05,0.1,0.2,10,120,1.5,3.5,1.0,0.2
3,301000,0.27575737339771506,0.05733070945630066,3.3551957852095637,0.33696692093272285,0.42,1517,-0.17473826595030048,-0.21111888725077493,0.16743572841133816,16.03,2.6481172270412663,0.6123162894281201,-0.04016121199978697,0.06997329538163903,30.34,0.5742681430369957,2.5,800,0.2,0.02,0.01,0.05,0.1,0.2,10,120,1.5,3.5,1.0,0.2
4,401000,0.27559484976604925,0.06300623890710823,3.423670623610694,0.33895867467292295,0.39,1515,0.15598149352685284,-0.08479420345023474,0.1537953795379538,15.94,2.7330914308394383,0.6537033604512157,0.0544421239465902,0.07640256873638661,30.3,0.6153340655678885,2.5,800,0.2,0.02,0.01,0.05,0.1,0.2,10,120,1.5,3.5,1.0,0.2
2,201000,0.280325744902149,0.062236628356292616,3.2926459496512295,0.34495023723478413,0.29,1482,-0.04359467500385206,-0.07661778118415613,0.0796221322537112,11.375,2.570674271560877,0.6129969621752327,0.03452946512577434,0.07594403886418401,29.64,0.601630330145316,2.5,800,0.2,0.02,0.01,0.05,0.1,0.2,10,120,1.5,3.5,1.0,0.2
7,701000,0.2795402065386441,0.06577714368262735,3.428821323955822,0.32925706720110826,0.4,1486,-0.17414458878281086,-0.09305974044069823,0.16150740242261102,15.39,2.7031469672726858,0.6351409129367237,0.06468848185020716,0.07897036937902577,29.72,0.5746457261855316,2.5,800,0.2,0.02,0.01,0.05,0.1,0.2,10,120,1.5,3.5,1.0,0.2
10,1001000,0.2773834520565603,0.060549229965840626,3.355460431685232,0.3414730773147335,0.37,1547,-0.0624241388045384,0.023189894816666033,0.12411118293471235,14.685,2.640016220522041,0.5758973887407177,0.011980072096701164,0.07054596244499754,30.94,0.5335955517362488,2.5,800,0.2,0.02,0.01,0.05,0.1,0.2,10,120,1.5,3.5,1.0,0.2
6,601000,0.27810246361212154,0.0626717126878832,3.3547289828868196,0.3441359805790239,0.34,1531,-0.009628172329542311,0.05902937260940989,0.11038536903984324,13.55,2.6714437556749004,0.6216011472778601,0.04108617791560423,0.07068884284685108,30.62,0.5743939504550846,2.5,800,0.2,0.02,0.01,0.05,0.1,0.2,10,120,1.5,3.5,1.0,0.2
13,1301000,0.27372864098760025,0.0669742432446128,3.2719155683107495,0.3821508930732725,0.38,1431,0.14384581632826268,0.021597482500621608,0.13626834381551362,14.415,2.606754143638846,0.6373389729038528,-0.13150776060041153,0.06863359572246185,28.62,0.6003096917384062,2.5,800,0.2,0.02,0.01,0.05,0.1,0.2,10,120,1.5,3.5,1.0,0.2
11,1101000,0.28178468397424933,0.0717360308238833,3.348319027957039,0.33295361582528715,0.33,1485,-0.003863990106331286,-0.11008851184485964,0.10033670033670034,12.85,2.6069025442040292,0.5946050436542945,-0.08616222132177168,0.08638175256089153,29.7,0.5429935114390992,2.5,800,0.2,0.02,0.01,0.05,0.1,0.2,10,120,1.5,3.5,1.0,0.2
19,1901000,0.2811462383426113,0.06679696154507962,3.2443205824501034,0.3364263968568053,0.27,1441,0.1048174311665044,0.05359135818605728,0.0784177654406662,10.84,2.5112490579959807,0.6095602185703408,-0.13022105492112038,0.07136651320862121,28.82,0.5639423250376029,2.5,800,0.2,0.02,0.01,0.05,0.1,0.2,10,120,1.5,3.5,1.0,0.2
12,1201000,0.28325837047952895,0.06087906461277791,3.3683204793795,0.31560494804201117,0.3,1511,-0.046388735470025214,-0.08965687703879818,0.08471211118464593,11.545,2.614441442271848,0.5870645585253688,0.033678242076475594,0.06846734386035229,30.22,0.5578058754341263,2.5,800,0.2,0.02,0.01,0.05,0.1,0.2,10,120,1.5,3.5,1.0,0.2
16,1601000,0.2824365580915691,0.06982441036100574,3.410169428514239,0.3280959169765271,0.31,1507,-0.16912644524540785,-0.06503001639575735,0.09555408095554081,13.305,2.680351413746949,0.6289682457987708,-0.05481879545989304,0.07719773425075312,30.14,0.5904757925742388,2.5,800,0.2,0.02,0.01,0.05,0.1,0.2,10,120,1.5,3.5,1.0,0.2
18,1801000,0.2804035622678611,0.06517455542713876,3.3412311815235523,0.3337766962738032,0.35,1481,-0.011466233626732865,-0.04499686988452286,0.11276164753544902,13.675,2.5944184006849955,0.6248335073314193,-0.10613293945950822,0.07998162864237522,29.62,0.57787699894824,2.5,800,0.2,0.02,0.01,0.05,0.1,0.2,10,120,1.5,3.5,1.0,0.2
15,1501000,0.28291352932013897,0.0640643617031111,3.48593999266825,0.3258545444141394,0.31,1510,0.029924320377041208,0.10288204933340948,0.09801324503311258,12.8,2.7266010541307275,0.6528943652849787,-0.18832419034419368,0.06215152625976753,30.2,0.6086979956242673,2.5,800,0.2,0.02,0.01,0.05,0.1,0.2,10,120,1.5,3.5,1.0,0.2
17,1701000,0.2872061281122799,0.0660290593985397,3.4664600617930392,0.34116738044909534,0.34,1496,-0.11411514804332673,-0.11967374041298394,0.11764705882352941,13.825,2.6718781192715477,0.5986401574840098,0.14232573146508015,0.06609585113246509,29.92,0.5542484492055335,2.5,800,0.2,0.02,0.01,0.05,0.1,0.2,10,120,1.5,3.5,1.0,0.2
21,2101000,0.279958042094133,0.05964894516088299,3.305718466627667,0.2904633342170522,0.34,1455,0.1038011176129193,0.03686347913887133,0.12164948453608247,13.395,2.569194510670891,0.613022674703725,0.07406272972473289,0.0793305630030712,29.1,0.5657542728199167,2.5,800,0.2,0.02,0.01,0.05,0.1,0.2,10,120,1.5,3.5,1.0,0.2
14,1401000,0.2695189949521474,0.05695808243191586,3.4095986715660223,0.33021123544072944,0.33,1566,-0.12402301747379592,-0.08589921919453969,0.10600255427841634,13.61,2.7526869057027907,0.673027617871269,-0.05365390388385775,0.06983368052738302,31.32,0.60845617852839,2.5,800,0.2,0.02,0.01,0.05,0.1,0.2,10,120,1.5,3.5,1.0,0.2
20,2001000,0.2753960045469806,0.059209851840661604,3.3148302023621508,0.3341505562793464,0.35,1575,0.09203239508033867,0.13805502730099295,0.11619047619047619,14.025,2.620418557469294,0.5966285398366338,-0.06598293794654869,0.06714149511946574,31.5,0.5665208327015486,2.5,800,0.2,0.02,0.01,0.05,0.1,0.2,10,120,1.5,3.5,1.0,0.2
5,501000,0.2715371661139097,0.06332319390169999,3.246186709154344,0.3157623059878036,0.27,1485,0.15493219276343542,0.09542034833694113,0.07878787878787878,11.61,2.575019592154437,0.6304115750266063,0.07543937569371034,0.06885707257716235,29.7,0.567501400002231,2.5,800,0.2,0.02,0.01,0.05,0.1,0.4,10,120,1.5,3.5,1.0,0.2
8,801000,0.2648373283842538,0.06269623577986189,3.31741321638121,0.32167067791568354,0.35,1468,-0.09495703283936864,-0.06255836974483327,0.10694822888283378,13.73,2.75152593866616,0.6211574131982966,-0.07070614497899853,0.07819245653123695,29.36,0.5641453579122263,2.5,800,0.2,0.02,0.01,0.05,0.1,0.4,10,120,1.5,3.5,1.0,0.2
0,1000,0.2689815687280823,0.0543786023374246,3.496761613805193,0.3226973252953214,0.32,1490,0.05062255905086919,-0.07910010117456501,0.08389261744966443,12.49,2.8590128518473334,0.6047052760117455,0.03358404690014283,0.06737137827250801,29.8,0.5310412270497411,2.5,800,0.2,0.02,0.01,0.05,0.1,0.4,10,120,1.5,3.5,1.0,0.2
9,901000,0.26957371349727854,0.06182117484166756,3.369177196490122,0.34278608969125235,0.38,1434,0.12568760597517942,0.056841578864676084,0.15690376569037656,14.655,2.7340691305859584,0.6759222684370261,-0.03261646078108866,0.0791657936043375,28.68,0.580921017217269,2.5,800,0.2,0.02,0.01,0.05,0.1,0.4,10,120,1.5,3.5,1.0,0.2
1,101000,0.27383333622541706,0.056143602172090336,3.5450970732534275,0.30675550654037,0.29,1514,-0.07735394782691458,-0.049709346078878065,0.0785997357992074,11.785,2.833649164254943,0.6439565249399613,-0.026967282197910128,0.060922861199493035,30.28,0.5644403545666535,2.5,800,0.2,0.02,0.01,0.05,0.1,0.4,10,120,1.5,3.5,1.0,0.2
3,301000,0.2758255776297692,0.0624762851474382,3.518686104476067,0.32184582731708217,0.42,1517,-0.2638336306428657,-0.2185101246945773,0.16479894528675015,15.935,2.8137687988097544,0.6547611362664478,-0.0840629667899502,0.0707215517291325,30.34,0.5742681430369957,2.5,800,0.2,0.02,0.01,0.05,0.1,0.4,10,120,1.5,3.5,1.0,0.2
4,401000,0.2681036410825697,0.05954389931945449,3.4603619495682625,0.34923722313800115,0.41,1515,0.03808843300281672,0.09925240838108343,0.17491749174917492,16.865,2.8259547383768684,0.6957132305236465,-0.18359884021009315,0.08164908346384198,30.3,0.6153340655678885,2.5,800,0.2,0.02,0.01,0.05,0.1,0.4,10,120,1.5,3.5,1.0,0.2
2,201000,0.27081008486054126,0.059975528193680634,3.385326680554611,0.3270668867547111,0.3,1482,-0.04498347237008304,0.033757943207200075,0.07894736842105263,11.79,2.7420370942854384,0.659601016312286,0.039590303171407146,0.07408256484568347,29.64,0.601630330145316,2.5,800,0.2,0.02,0.01,0.05,0.1,0.4,10,120,1.5,3.5,1.0,0.2
7,701000,0.2704360478729591,0.05963956729133939,3.6285872466551496,0.3461180332517131,0.42,1486,-0.1454313062336686,-0.12238632543322432,0.16756393001345896,16.11,2.970902021009691,0.7048051491387036,0.025311100511321863,0.08632020641993002,29.72,0.5746457261855316,2.5,800,0.2,0.02,0.01,0.05,0.1,0.4,10,120,1.5,3.5,1.0,0.2
6,601000,0.2689870275010936,0.055260914316636364,3.5099084057300316,0.308597006894829,0.29,1531,0.04761858257188879,0.11064647955328899,0.08229915088177661,11.94,2.8752774471436147,0.6801250100794682,0.04351749475163954,0.06875633020469019,30.62,0.5743939504550846,2.5,800,0.2,0.02,0.01,0.05,0.1,0.4,10,120,1.5,3.5,1.0,0.2
10,1001000,0.2706587853322447,0.051730984577909186,3.513941923617137,0.3137322133959539,0.34,1547,0.036078100148275984,0.041931454524224074,0.1195862960568843,13.855,2.8445836945808285,0.6272993860925601,-0.02576650687586019,0.07391662118454115,30.94,0.5335955517362488,2.5,800,0.2,0.02,0.01,0.05,0.1,0.4,10,120,1.5,3.5,1.0,0.2
11,1101000,0.27611726849660484,0.06953446036492608,3.3867798358291497,0.34963303286807756,0.34,1485,0.025755057129419334,0.07070989910555181,0.10774410774410774,13.4,2.6935389732000603,0.6415937276186692,-0.27199164686907806,0.07854100615859606,29.7,0.5429935114390992,2.5,800,0.2,0.02,0.01,0.05,0.1,0.4,10,120,1.5,3.5,1.0,0.2
13,1301000,0.2733724100835843,0.058287902540429155,3.5743342527823625,0.32921882525455354,0.3,1431,0.05625904537205942,-0.03801399038667684,0.0936408106219427,11.68,2.8910643356034513,0.7315701063745209,0.10390190081596584,0.06338910085705593,28.62,0.6003096917384062,2.5,800,0.2,0.02,0.01,0.05,0.1,0.4,10,120,1.5,3.5,1.0,0.2
19,1901000,0.2764513394111247,0.060126275790345435,3.372383539289027,0.29178665543728355,0.26,1441,-0.10678920170563228,-0.11010420575122642,0.07217210270645386,10.24,2.637612266151375,0.6562287343651902,-0.010969717401831686,0.06917158285106816,28.82,0.5639423250376029,2.5,800,0.2,0.02,0.01,0.05,0.1,0.4,10,120,1.5,3.5,1.0,0.2
12,1201000,0.265018050628228,0.049982710383415424,3.3837095414551355,0.2999488310974653,0.3,1511,-0.0480613007406054,-0.08866656476168774,0.0800794176042356,11.93,2.761733867692826,0.6229201950965111,-0.07510965513931217,0.07012189416526923,30.22,0.5578058754341263,2.5,800,0.2,0.02,0.01,0.05,0.1,0.4,10,120,1.5,3.5,1.0,0.2
18,1801000,0.2617512485798482,0.05322792723764017,3.44944376840889,0.3136663025772487,0.31,1481,0.10264882099672101,-0.14258825966234603,0.08777852802160702,12.125,2.8770110907455058,0.7163455825764856,0.018140996989987515,0.0814362524060132,29.62,0.57787699894824,2.5,800,0.2,0.02,0.01,0.05,0.1,0.4,10,120,1.5,3.5,1.0,0.2
17,1701000,0.26624577352550316,0.05715715025166941,3.501042771357313,0.3335379791316606,0.3,1496,0.06387120139290275,-0.08096909587985379,0.09024064171122995,12.285,2.8894017240230125,0.6674850800429771,0.025720565986921313,0.06180986380559004,29.92,0.5542484492055335,2.5,800,0.2,0.02,0.01,0.05,0.1,0.4,10,120,1.5,3.5,1.0,0.2
15,1501000,0.2643140259413479,0.0638874827422728,3.50510457384023,0.327720082182757,0.3,1510,-0.03637290423494327,-0.05613339251547,0.09072847682119205,12.37,2.9318314650764195,0.7112594150301583,-0.16256674724845843,0.058706296082892365,30.2,0.6086979956242673,2.5,800,0.2,0.02,0.01,0.05,0.1,0.4,10,120,1.5,3.5,1.0,0.2
21,2101000,0.27712500426640063,0.06701658872130964,3.2022493193509045,0.35333998694728536,0.43,1455,-0.07084202781510271,-0.32162770519875505,0.18762886597938144,16.2,2.532671557088881,0.6052284636156392,-0.028350516233968295,0.08283418010809884,29.1,0.5657542728199167,2.5,800,0.2,0.02,0.01,0.05,0.1,0.4,10,120,1.5,3.5,1.0,0.2
16,1601000,0.2657512200745116,0.05556645786294889,3.4401267131821545,0.3045885165851077,0.3,1507,0.05271385011891179,0.00282397628854254,0.08626410086264101,12.905,2.845469466943423,0.6716389494357071,-0.1513481512911219,0.07900978535825091,30.14,0.5904757925742388,2.5,800,0.2,0.02,0.01,0.05,0.1,0.4,10,120,1.5,3.5,1.0,0.2
14,1401000,0.2666597768039906,0.06873068672321743,3.6640650653636913,0.2969998022906736,0.3,1566,-0.2363745802824359,-0.0465329460849679,0.09195402298850575,12.645,3.045911237990314,0.7447514746795538,-0.03805036906848972,0.07054954460103711,31.32,0.60845617852839,2.5,800,0.2,0.02,0.01,0.05,0.1,0.4,10,120,1.5,3.5,1.0,0.2
20,2001000,0.2664417929123192,0.05905217482797928,3.372471509873021,0.3242084823973312,0.34,1575,0.24626148936307712,0.20980311352587236,0.1073015873015873,13.73,2.8019080007145902,0.6649978857798419,-0.070143321597956,0.06695037506262548,31.5,0.5665208327015486,2.5,800,0.2,0.02,0.01,0.05,0.1,0.4,10,120,1.5,3.5,1.0,0.2
