run_id,seed,final_mean_cooperation,final_std_cooperation_between_communities,final_mean_payoff,expected_global_cooperation,observed_global_cooperation,num_intercommunity_edges,corr_size_cooperation,corr_degree_cooperation,intercommunity_mutual_coop_rate,mean_external_payoff,mean_b_eff,std_b_eff,corr_climate_cooperation,std_b_base,b,Tin,social_adaptation_rate,epsilon_perception,epsilon_execution,delta_D,delta_pi,rho,num_epochs,rounds_per_epoch,spread,het_b_lo,het_b_hi
5,501000,0.2690198287990079,0.0548823024736275,3.158894361510688,0.3445293763560693,0.29,1134,-0.0769469502164302,-0.1137774424891823,0.0864197530864197,9.175,2.5,0.0,0.1597571582391096,0.0,2.5,800,0.2,0.02,0.01,0.05,0.1,0.0,10,120,0.0,,
0,1000,0.2717237079175629,0.0475939945156657,3.185964497493457,0.3308448421083769,0.27,1123,0.0887126002583395,0.0191078754001547,0.0587711487088156,7.83,2.5,0.0,-0.0381362257847685,0.0,2.5,800,0.2,0.02,0.01,0.05,0.1,0.0,10,120,0.0,,
8,801000,0.2713345822751098,0.0604143528508605,3.168604170020286,0.3601468383285816,0.37,1097,-0.0126585092497676,-0.0659753311839585,0.1175934366453965,10.485,2.5,0.0,-0.0239266593410017,0.0,2.5,800,0.2,0.02,0.01,0.05,0.1,0.0,10,120,0.0,,
9,901000,0.274689150492474,0.0625921606505501,3.1980810684782583,0.350630125729271,0.37,1055,0.1369282830391213,-0.0211741157527667,0.15260663507109,10.78,2.5,0.0,-0.0229844160538905,0.0,2.5,800,0.2,0.02,0.01,0.05,0.1,0.0,10,120,0.0,,
1,101000,0.2704161832919115,0.0566205812730319,3.147057756695551,0.3231708179552271,0.35,1151,-0.1328084892991346,0.0531381894148285,0.1146828844483058,10.23,2.5,0.0,0.1028040309255231,0.0,2.5,800,0.2,0.02,0.01,0.05,0.1,0.0,10,120,0.0,,
4,401000,0.2817518573124467,0.0592582364414841,3.277623020798714,0.3283215318180589,0.41,1155,-0.088465302844911,0.0789477287987342,0.1705627705627705,12.775,2.5,0.0,-0.1187383471454891,0.0,2.5,800,0.2,0.02,0.01,0.05,0.1,0.0,10,120,0.0,,
3,301000,0.2697913862502817,0.0523495519499091,3.174631712745664,0.3719685980826959,0.47,1150,-0.0076169354505785,-0.1185983382177246,0.2,13.36,2.5,0.0,0.0426809100092508,0.0,2.5,800,0.2,0.02,0.01,0.05,0.1,0.0,10,120,0.0,,
7,701000,0.2819112294825192,0.0640919493794262,3.256116366909968,0.3390785312356196,0.38,1098,-0.1686179057236775,-0.1541945906972765,0.1357012750455373,10.87,2.5,0.0,-0.0014646867521653,0.0,2.5,800,0.2,0.02,0.01,0.05,0.1,0.0,10,120,0.0,,
2,201000,0.2746746974917711,0.0542233710520243,3.204813245394869,0.3124673649797174,0.27,1106,-0.07486333482284,-0.101869236652848,0.0759493670886076,7.92,2.5,0.0,0.1283946175854604,0.0,2.5,800,0.2,0.02,0.01,0.05,0.1,0.0,10,120,0.0,,
10,1001000,0.2727589266387595,0.0453396856563137,3.196434288252903,0.3789084369921878,0.4,1170,0.00572239997577,-0.025410555678631,0.1512820512820512,11.985,2.5,0.0,-0.1777166775124363,0.0,2.5,800,0.2,0.02,0.01,0.05,0.1,0.0,10,120,0.0,,
6,601000,0.2703865611556353,0.0556700388820136,3.158239002181028,0.3576463688163862,0.34,1133,0.0305307809967838,0.0365002386740119,0.11738746690203,10.325,2.5,0.0,0.0911170454499259,0.0,2.5,800,0.2,0.02,0.01,0.05,0.1,0.0,10,120,0.0,,
5,501000,0.2687921340060218,0.0512128787619777,3.182845983894529,0.3492811154738743,0.29,1134,-0.0178544797448828,0.1042510292364607,0.0908289241622574,9.425,2.523965890958687,0.0222773332622733,0.2266999492418882,0.0,2.5,800,0.2,0.02,0.01,0.05,0.1,0.05,10,120,0.0,,
0,1000,0.2674955373641492,0.0592169430841647,3.164446908826534,0.3374084970275612,0.31,1123,-0.0971176833124347,-0.1180438181329632,0.0792520035618878,9.04,2.5305932605537644,0.0212300899751869,-0.0032957651700769,0.0,2.5,800,0.2,0.02,0.01,0.05,0.1,0.05,10,120,0.0,,
8,801000,0.2696500791841473,0.0473742643064555,3.227729949607255,0.297422667466513,0.32,1097,-0.0692534123977312,-0.0419257512388627,0.0875113947128532,9.15,2.5425740624795417,0.0200505543643243,0.023074798160537,0.0,2.5,800,0.2,0.02,0.01,0.05,0.1,0.05,10,120,0.0,,
9,901000,0.276400804575401,0.0668920026968176,3.2429380127141947,0.3581551966246754,0.35,1055,-0.1386888357231501,-0.1709854875276705,0.1402843601895734,10.055,2.533789367935649,0.0209525446281757,0.0603973485804594,0.0,2.5,800,0.2,0.02,0.01,0.05,0.1,0.05,10,120,0.0,,
1,101000,0.2789151255725407,0.0498399879657082,3.2922066623752446,0.3691967071843601,0.4,1151,-0.2160163334563251,-0.0322303985694104,0.1503040834057341,11.32,2.520322752717178,0.0209832901675475,0.1148778825681577,0.0,2.5,800,0.2,0.02,0.01,0.05,0.1,0.05,10,120,0.0,,
4,401000,0.2651861645605207,0.0540776916159675,3.1565200695868665,0.3939948430476785,0.46,1155,0.1791594618254272,0.1037617292120146,0.2147186147186147,13.615,2.5280826009799893,0.0226780471728043,0.072848235208048,0.0,2.5,800,0.2,0.02,0.01,0.05,0.1,0.05,10,120,0.0,,
3,301000,0.2712493755027559,0.0545429102272405,3.237729795425985,0.3415228815239455,0.43,1150,-0.0708407742955437,-0.1935933544557323,0.1530434782608695,12.37,2.539662874289049,0.0203940315895618,-0.3521122099967282,0.0,2.5,800,0.2,0.02,0.01,0.05,0.1,0.05,10,120,0.0,,
7,701000,0.2682017783721767,0.0556884993748792,3.1850459082202014,0.3557877932415937,0.35,1098,0.2102569656309444,0.0096695673589121,0.1238615664845173,10.055,2.5559186054457013,0.0219779296473425,0.0364780517027838,0.0,2.5,800,0.2,0.02,0.01,0.05,0.1,0.05,10,120,0.0,,
2,201000,0.2803307171435332,0.05191598712515,3.304389926475498,0.3461149565862147,0.27,1106,0.0514096973453721,-0.1142526754294189,0.0641952983725135,7.705,2.5281363752698987,0.0232980472019072,0.1304330987523809,0.0,2.5,800,0.2,0.02,0.01,0.05,0.1,0.05,10,120,0.0,,
10,1001000,0.2733121001075436,0.0541048185276981,3.229472277236551,0.3268240456865088,0.33,1170,-0.0622766658017098,0.1018590370575472,0.1085470085470085,10.595,2.540745555265738,0.0212166820530508,-0.0140900207599503,0.0,2.5,800,0.2,0.02,0.01,0.05,0.1,0.05,10,120,0.0,,
6,601000,0.2826861220877609,0.053060810889669,3.326135464549393,0.3915838406794142,0.35,1133,-0.0306708625576933,-0.070281910127124,0.1209179170344219,10.51,2.5413619469097304,0.0221212745729484,0.0323034085386338,0.0,2.5,800,0.2,0.02,0.01,0.05,0.1,0.05,10,120,0.0,,
5,501000,0.2658780069847524,0.0568616522765573,3.22581503016154,0.3188184568157932,0.3,1134,-0.0922985484146208,-0.1098962928478128,0.0970017636684303,9.355,2.570328114372648,0.0443225249703462,-0.0507103385978753,0.0,2.5,800,0.2,0.02,0.01,0.05,0.1,0.1,10,120,0.0,,
8,801000,0.2788188825751618,0.056215727931126,3.2645683856133534,0.3530124779627445,0.35,1097,-0.0382634122521113,-0.0912755463348346,0.1048313582497721,9.86,2.523715128270061,0.0440223202607547,0.1174128161457735,0.0,2.5,800,0.2,0.02,0.01,0.05,0.1,0.1,10,120,0.0,,
9,901000,0.2707946837744653,0.0606335985106664,3.235815876960091,0.3790254394355661,0.4,1055,0.071678490564989,-0.0656808371203965,0.1649289099526066,11.115,2.554101098440083,0.0426281838123976,0.0218939880932704,0.0,2.5,800,0.2,0.02,0.01,0.05,0.1,0.1,10,120,0.0,,
0,1000,0.2680936061522423,0.0585449137042845,3.2374358128831573,0.3246463195239187,0.33,1123,-0.0895599369664503,0.0334125844776199,0.095280498664292,9.61,2.590912861439005,0.0397414297057355,0.0077996655629472,0.0,2.5,800,0.2,0.02,0.01,0.05,0.1,0.1,10,120,0.0,,
1,101000,0.2818263437194719,0.0628270575610885,3.3433503489134946,0.3557184029768321,0.36,1151,-0.1921453450505556,0.0053011831251577,0.1259774109470026,10.505,2.5634908201629782,0.0450667396401333,-0.0013827218694038,0.0,2.5,800,0.2,0.02,0.01,0.05,0.1,0.1,10,120,0.0,,
3,301000,0.2719406741669541,0.0594409410952983,3.250661237120243,0.3794334817879896,0.49,1150,-0.23930090649023,-0.1791511263955605,0.2217391304347826,13.89,2.560445075384144,0.0423392061294134,-0.0613125064646079,0.0,2.5,800,0.2,0.02,0.01,0.05,0.1,0.1,10,120,0.0,,
7,701000,0.270975601321114,0.0645535378427053,3.289435514063787,0.3635083455386518,0.38,1098,0.0340431449495329,-0.0900806571666317,0.1357012750455373,10.93,2.624717326472805,0.043942295433463,-0.0705442379424639,0.0,2.5,800,0.2,0.02,0.01,0.05,0.1,0.1,10,120,0.0,,
4,401000,0.2659048534706658,0.0527593674728464,3.2102254693214105,0.3732837229459948,0.43,1155,0.1842145592317667,0.0383345765646546,0.1878787878787878,13.025,2.580945671443419,0.0440612255148124,-0.0321584855859482,0.0,2.5,800,0.2,0.02,0.01,0.05,0.1,0.1,10,120,0.0,,
6,601000,0.2694620424228103,0.0552902755645988,3.269243572209694,0.3498210618068917,0.35,1133,-0.0898035284319184,-0.1022181443015439,0.1218005295675198,10.5,2.601346201525173,0.0481517531004104,0.007177026480704,0.0,2.5,800,0.2,0.02,0.01,0.05,0.1,0.1,10,120,0.0,,
2,201000,0.2773534133079083,0.0526154581665329,3.3151089492849493,0.320774548732339,0.29,1106,-0.2249444282509265,-0.111750805029985,0.0786618444846292,8.34,2.559476208666548,0.0458859388929218,0.0160333789456091,0.0,2.5,800,0.2,0.02,0.01,0.05,0.1,0.1,10,120,0.0,,
10,1001000,0.2665518536325245,0.0514681861784925,3.253711043317046,0.333810413117842,0.33,1170,-0.0947890126916972,-0.0459775866070389,0.1094017094017094,10.18,2.59996744174133,0.0423482498056959,0.0551286348814736,0.0,2.5,800,0.2,0.02,0.01,0.05,0.1,0.1,10,120,0.0,,
5,501000,0.2755712769205783,0.0549273561060588,3.3055341940519565,0.3602640329661928,0.3,1134,0.046154050095813,0.0525375431019391,0.0978835978835978,9.51,2.5862879748866514,0.0884830414498043,-0.0156347197770597,0.0,2.5,800,0.2,0.02,0.01,0.05,0.1,0.2,10,120,0.0,,
8,801000,0.2566785288794851,0.0503826533223633,3.118032972460409,0.379806304492242,0.41,1097,0.2720154952914163,0.1807297088895785,0.154056517775752,11.39,2.5609849533386138,0.0905893930013438,0.1026497530870317,0.0,2.5,800,0.2,0.02,0.01,0.05,0.1,0.2,10,120,0.0,,
0,1000,0.2691180274400357,0.0618589139798705,3.2973841987525487,0.3181623358074027,0.31,1123,-0.1401681804299533,-0.0186917567911024,0.0792520035618878,8.95,2.6227962018233826,0.0784480782660048,0.1248702310817505,0.0,2.5,800,0.2,0.02,0.01,0.05,0.1,0.2,10,120,0.0,,
9,901000,0.2647138394948096,0.0560068553967951,3.236111121379808,0.3782444375900072,0.41,1055,0.1470915111876572,-0.0363423062424457,0.1781990521327014,11.5,2.6138299450860587,0.0824799962867749,-0.1312090122932216,0.0,2.5,800,0.2,0.02,0.01,0.05,0.1,0.2,10,120,0.0,,
3,301000,0.2663629284900798,0.05934831622282,3.3259317372911927,0.3208121201084602,0.43,1150,-0.0072707593205023,-0.047368085428829,0.1704347826086956,12.5,2.6715394095392413,0.0865423420561158,-0.1422380359003463,0.0,2.5,800,0.2,0.02,0.01,0.05,0.1,0.2,10,120,0.0,,
1,101000,0.2786485479878474,0.0672201023147695,3.3731502861227,0.3338757468141818,0.36,1151,-0.1940169802110884,-0.072218867086073,0.1207645525629887,10.505,2.6259530203702166,0.0870044722780368,0.022898442984711,0.0,2.5,800,0.2,0.02,0.01,0.05,0.1,0.2,10,120,0.0,,
4,401000,0.2725017401393174,0.0555892016438348,3.3645272885112263,0.3550136754777929,0.44,1155,-0.1340702665357816,-0.1789575636806305,0.1948051948051948,13.215,2.688043710956688,0.0880380944225771,-0.0761402875161404,0.0,2.5,800,0.2,0.02,0.01,0.05,0.1,0.2,10,120,0.0,,
2,201000,0.266586510281115,0.054672898621594,3.277393768607447,0.3407614011704504,0.31,1106,-0.0753869881413646,-0.1513319489572203,0.0867992766726944,9.0,2.6058679472596373,0.0908844001268611,0.0109064062180296,0.0,2.5,800,0.2,0.02,0.01,0.05,0.1,0.2,10,120,0.0,,
7,701000,0.2670148818961703,0.0552310119778502,3.4238300749531203,0.3476891277069038,0.4,1098,-0.2512811743859044,0.1138635753949193,0.1520947176684881,11.425,2.754075814886834,0.0968604864051988,0.0065444040155109,0.0,2.5,800,0.2,0.02,0.01,0.05,0.1,0.2,10,120,0.0,,
10,1001000,0.257897531221366,0.0511914332583395,3.2616235276430348,0.3309908142349778,0.33,1170,0.1282517002082429,0.0986962165036155,0.1076923076923077,10.14,2.7071898194653543,0.084707553560646,0.1931037441478124,0.0,2.5,800,0.2,0.02,0.01,0.05,0.1,0.2,10,120,0.0,,
6,601000,0.2647384645099003,0.0450719348021403,3.32924971569696,0.3320161298570045,0.31,1133,0.1070245821677946,0.1295720203122003,0.0962047661076787,9.44,2.6999542223215744,0.0828348826217555,-0.0127268349169371,0.0,2.5,800,0.2,0.02,0.01,0.05,0.1,0.2,10,120,0.0,,
5,501000,0.2770512699944083,0.0593619190821579,3.437915774488596,0.3441405908650596,0.27,1134,-0.0370344648911427,-0.1926819502281114,0.074074074074074,8.625,2.684959412421882,0.1678055549455273,-0.0109274962074311,0.0,2.5,800,0.2,0.02,0.01,0.05,0.1,0.4,10,120,0.0,,
8,801000,0.2636878035846152,0.0555192414617244,3.234450094029307,0.3506436628400514,0.36,1097,-0.0271083674600869,0.051744852878076,0.121239744758432,10.295,2.618194483843825,0.1677324306869021,-0.0840756446918875,0.0,2.5,800,0.2,0.02,0.01,0.05,0.1,0.4,10,120,0.0,,
9,901000,0.2640448516789959,0.0550407009869817,3.4633476372014864,0.3316810093333545,0.33,1055,0.0249195181099356,-0.0586733008356206,0.1165876777251184,9.75,2.844507741383769,0.1914827517456132,0.0692211259344064,0.0,2.5,800,0.2,0.02,0.01,0.05,0.1,0.4,10,120,0.0,,
0,1000,0.2755241536785264,0.0548200312699448,3.4758100678855306,0.3414517979192438,0.35,1123,-0.094277271513584,-0.0027054792550589,0.1050756901157613,10.175,2.7350304553823697,0.1702292838450738,-0.0474746828778658,0.0,2.5,800,0.2,0.02,0.01,0.05,0.1,0.4,10,120,0.0,,
1,101000,0.2641169239194293,0.0727782586748032,3.438283719866045,0.3002831117326055,0.29,1151,-0.2327642541984593,-0.1113796235566264,0.0764552562988705,8.63,2.821325758070235,0.1754123778344304,-0.0318481299363201,0.0,2.5,800,0.2,0.02,0.01,0.05,0.1,0.4,10,120,0.0,,
3,301000,0.2647301457329449,0.0596439174219867,3.570034538682549,0.3381071679931843,0.43,1150,-0.2457319832291205,-0.0408084110965878,0.1634782608695652,12.28,2.9296495591655844,0.1539557195078153,0.1312805439638074,0.0,2.5,800,0.2,0.02,0.01,0.05,0.1,0.4,10,120,0.0,,
7,701000,0.2613775061581713,0.0621501900148362,3.5385737312956382,0.3230374707166918,0.4,1098,-0.1340572085826379,-0.12594637021938,0.1575591985428051,11.44,2.937246804090411,0.1986137042943681,0.0087205684897262,0.0,2.5,800,0.2,0.02,0.01,0.05,0.1,0.4,10,120,0.0,,
4,401000,0.2635934205030253,0.0565014567290742,3.448491658165984,0.3627087763186569,0.42,1155,0.0028423621305885,0.1183071875474979,0.187012987012987,13.125,2.8299629626821075,0.166117610770538,-0.2354616754412126,0.0,2.5,800,0.2,0.02,0.01,0.05,0.1,0.4,10,120,0.0,,
2,201000,0.2520677238576356,0.0555876443387167,3.222157887556305,0.3330962962870598,0.26,1106,0.11334068129792,0.0587873409722362,0.0750452079566003,7.705,2.6963292022860714,0.1868737457364353,-0.0219663527161189,0.0,2.5,800,0.2,0.02,0.01,0.05,0.1,0.4,10,120,0.0,,
6,601000,0.259608751042108,0.0511019684769749,3.508251494109916,0.3504309107613489,0.36,1133,-0.1682564041122039,0.0298954902133215,0.1385701676963812,10.82,2.9233039172243327,0.17729962222358,0.0982670622161197,0.0,2.5,800,0.2,0.02,0.01,0.05,0.1,0.4,10,120,0.0,,
10,1001000,0.2580330830955932,0.0552540574906978,3.450601195227553,0.3790290455545962,0.44,1170,0.1228674749635597,0.1153267218361254,0.1923076923076923,12.78,2.859063636895627,0.1664257907714042,0.1303509807204455,0.0,2.5,800,0.2,0.02,0.01,0.05,0.1,0.4,10,120,0.0,,
5,501000,0.2775277413601424,0.0576246502168409,3.1698261425330747,0.3405738593671091,0.29,1134,-0.0155535085833662,-0.1354930336938428,0.091710758377425,9.19,2.4486498311931264,0.2837507000011155,-0.0205630878442153,0.2837507000011155,2.5,800,0.2,0.02,0.01,0.05,0.1,0.0,10,120,0.5,2.0,3.0
0,1000,0.2728884145361689,0.0660685864194391,3.2277340398914145,0.355236522927114,0.37,1123,-0.1295207862041034,-0.1695931032682729,0.120213713268032,10.725,2.530729927304205,0.2655206135248705,0.1773426296963844,0.2655206135248705,2.5,800,0.2,0.02,0.01,0.05,0.1,0.0,10,120,0.5,2.0,3.0
8,801000,0.2714721449135052,0.0629135281319059,3.2425733748340506,0.3718864489135627,0.36,1097,-0.0196475588172112,0.0678611468073698,0.1139471285323609,10.36,2.546152346261621,0.2820726789561132,-0.1431082295273137,0.2820726789561132,2.5,800,0.2,0.02,0.01,0.05,0.1,0.0,10,120,0.5,2.0,3.0
9,901000,0.2747401055399298,0.0632980902676711,3.1415062316612694,0.3286275058961787,0.32,1055,0.0749089785379936,0.0602317265388779,0.1127962085308056,9.355,2.4579117268334905,0.2904605086086345,0.1908639867734694,0.2904605086086345,2.5,800,0.2,0.02,0.01,0.05,0.1,0.0,10,120,0.5,2.0,3.0
1,101000,0.2819212013625887,0.051998913283609,3.25828726875656,0.3382107335156477,0.31,1151,0.000956732327948,-0.0490109552961254,0.0877497827975673,9.055,2.5005243155604338,0.2822201772833267,0.0373340371396952,0.2822201772833267,2.5,800,0.2,0.02,0.01,0.05,0.1,0.0,10,120,0.5,2.0,3.0
3,301000,0.2760405569697022,0.0554984164189703,3.193615809404495,0.3489403374858584,0.45,1150,-0.1394702283582216,-0.0967969322255908,0.1782608695652174,12.77,2.489323824205206,0.2871340715184979,0.1228283091914927,0.2871340715184979,2.5,800,0.2,0.02,0.01,0.05,0.1,0.0,10,120,0.5,2.0,3.0
4,401000,0.2811612643554427,0.0533870464224862,3.30928059070747,0.3655661378653687,0.45,1155,0.0971904157003763,0.1583779213325177,0.2086580086580086,13.76,2.537190536317651,0.3076670327839443,-0.1537838357337947,0.3076670327839443,2.5,800,0.2,0.02,0.01,0.05,0.1,0.0,10,120,0.5,2.0,3.0
2,201000,0.2866769491717603,0.0545938841512699,3.3115066010550414,0.3492425880653876,0.27,1106,0.1876742880777218,0.1730190212406665,0.0705244122965642,7.845,2.500527811015496,0.3008151650726579,0.1100102328725976,0.3008151650726579,2.5,800,0.2,0.02,0.01,0.05,0.1,0.0,10,120,0.5,2.0,3.0
6,601000,0.2760944109310697,0.0526128112114618,3.168700462108069,0.3785753795469293,0.34,1133,-0.0916664622641834,0.1188692821794953,0.1262135922330097,10.36,2.4704741451271603,0.2871969752275423,-0.0580624442699947,0.2871969752275423,2.5,800,0.2,0.02,0.01,0.05,0.1,0.0,10,120,0.5,2.0,3.0
7,701000,0.2832846725482987,0.0556435797249438,3.261940057482842,0.3371196656231479,0.37,1098,-0.1978758412409435,-0.0074666551484514,0.1256830601092896,10.53,2.4815256293225074,0.2873228630927658,0.0098462084783373,0.2873228630927658,2.5,800,0.2,0.02,0.01,0.05,0.1,0.0,10,120,0.5,2.0,3.0
10,1001000,0.2808996210714168,0.0580646686142891,3.244926107507575,0.3256476095326437,0.35,1170,-0.0270495992489475,0.1267623820898054,0.1213675213675213,10.64,2.4741984749772987,0.2667977758681243,0.1546483722108447,0.2667977758681243,2.5,800,0.2,0.02,0.01,0.05,0.1,0.0,10,120,0.5,2.0,3.0
5,501000,0.2714364460690316,0.0479159651245414,3.165355876621464,0.3594373759786357,0.31,1134,0.3874259476960666,0.193951791619384,0.1005291005291005,9.87,2.471691339071143,0.2877109822877545,-0.2474677286128996,0.2837507000011155,2.5,800,0.2,0.02,0.01,0.05,0.1,0.05,10,120,0.5,2.0,3.0
8,801000,0.2732435373988492,0.0577715944698297,3.2847838496639064,0.3644649088775842,0.39,1097,-0.0516894693494981,-0.0049522419258598,0.1412944393801276,10.855,2.5678279381137656,0.2803525707385348,0.1226226456346089,0.2820726789561132,2.5,800,0.2,0.02,0.01,0.05,0.1,0.05,10,120,0.5,2.0,3.0
0,1000,0.2693117570227366,0.0587334441080768,3.1928557634960884,0.347475522766208,0.33,1123,0.0924276971132247,0.0844153653143485,0.095280498664292,9.655,2.5569894150704204,0.2680220959729859,0.2113682420261515,0.2655206135248705,2.5,800,0.2,0.02,0.01,0.05,0.1,0.05,10,120,0.5,2.0,3.0
9,901000,0.2818256187734071,0.0599092344475512,3.281587269213448,0.3242071250153483,0.32,1055,-0.1003960166710015,0.0056984213010259,0.1023696682464455,9.39,2.49878672766273,0.2958718772468335,0.1405677163625126,0.2904605086086345,2.5,800,0.2,0.02,0.01,0.05,0.1,0.05,10,120,0.5,2.0,3.0
1,101000,0.2755778801068743,0.0482541791649769,3.2672833537740487,0.3130714804598263,0.3,1151,-0.0261512473351163,-0.0394492211114424,0.0825369244135534,8.8,2.5442355209813377,0.2906280857819171,0.0387661865405745,0.2822201772833267,2.5,800,0.2,0.02,0.01,0.05,0.1,0.05,10,120,0.5,2.0,3.0
3,301000,0.2692095793799796,0.054065460143465,3.1712128484913364,0.3426410620736266,0.43,1150,0.0306031963177531,0.0083286995931733,0.1747826086956521,12.615,2.529064175735604,0.2912578135291102,-0.0104170219931278,0.2871340715184979,2.5,800,0.2,0.02,0.01,0.05,0.1,0.05,10,120,0.5,2.0,3.0
4,401000,0.2744213394723938,0.0592934070422939,3.2728378695394924,0.3439602150549511,0.42,1155,0.1049046763497824,0.0203169193045342,0.1818181818181818,12.99,2.572685786294151,0.3115978177965871,0.0177086480394292,0.3076670327839443,2.5,800,0.2,0.02,0.01,0.05,0.1,0.05,10,120,0.5,2.0,3.0
7,701000,0.2736018293148882,0.0590278329175283,3.265535068291251,0.3499242452143967,0.41,1098,-0.0412354192830585,-0.0524058988111593,0.1566484517304189,11.63,2.541485181215501,0.2925094035503099,-0.1328063267424385,0.2873228630927658,2.5,800,0.2,0.02,0.01,0.05,0.1,0.05,10,120,0.5,2.0,3.0
10,1001000,0.27472596277664,0.0546046166474453,3.241300641260007,0.3183460775084159,0.34,1170,-0.0846432022327706,-0.0024277610234852,0.1145299145299145,10.3,2.523370947221308,0.2729490801382263,0.130043259392918,0.2667977758681243,2.5,800,0.2,0.02,0.01,0.05,0.1,0.05,10,120,0.5,2.0,3.0
6,601000,0.2711484841658911,0.0464454327133325,3.1671224334408263,0.3652748796411945,0.36,1133,-0.0768575362317557,0.0140357730162879,0.1262135922330097,10.69,2.508901035575491,0.2912952683295997,-0.0455001155191315,0.2871969752275423,2.5,800,0.2,0.02,0.01,0.05,0.1,0.05,10,120,0.5,2.0,3.0
2,201000,0.2838527347193164,0.0645153126899507,3.2925168356466394,0.2990963889021071,0.29,1106,-0.1838759097540885,-0.080949811912477,0.0822784810126582,8.435,2.533454940646315,0.3020720119280841,0.1216356510858655,0.3008151650726579,2.5,800,0.2,0.02,0.01,0.05,0.1,0.05,10,120,0.5,2.0,3.0
5,501000,0.2843977981087339,0.057864470889761,3.2871947789158984,0.3733520914304026,0.31,1134,0.0816465648131158,0.0455878203859654,0.0961199294532627,9.725,2.4927595898789883,0.2955047305644332,-0.2685661175813431,0.2837507000011155,2.5,800,0.2,0.02,0.01,0.05,0.1,0.1,10,120,0.5,2.0,3.0
8,801000,0.2783628973800386,0.0563625074860998,3.3096448861002323,0.3283156304980734,0.38,1097,-0.0707919510712832,-0.1631110290087546,0.1276207839562443,10.795,2.5867035430888814,0.2848782618758746,-0.0248298795288661,0.2820726789561132,2.5,800,0.2,0.02,0.01,0.05,0.1,0.1,10,120,0.5,2.0,3.0
0,1000,0.2758901356673466,0.0665106532694291,3.327390151422758,0.2870581062336959,0.26,1123,-0.0637902734636686,-0.011606919298141,0.0632235084594835,7.525,2.620558963033909,0.2782302030342841,0.0225166663884908,0.2655206135248705,2.5,800,0.2,0.02,0.01,0.05,0.1,0.1,10,120,0.5,2.0,3.0
9,901000,0.2737229341097082,0.0669052040746463,3.209726513193886,0.3775789013117262,0.39,1055,0.0854981657571191,0.0681418587192994,0.1639810426540284,11.08,2.522042982453002,0.3029376079303331,0.1863043445673164,0.2904605086086345,2.5,800,0.2,0.02,0.01,0.05,0.1,0.1,10,120,0.5,2.0,3.0
1,101000,0.2774055999484759,0.061413313539389,3.3159167433245496,0.3196205200324974,0.33,1151,-0.118841866336386,-0.1032448687742102,0.100781928757602,9.625,2.58898264459758,0.2992195877318385,0.0225732271663549,0.2822201772833267,2.5,800,0.2,0.02,0.01,0.05,0.1,0.1,10,120,0.5,2.0,3.0
4,401000,0.2740549552009279,0.0534524062661536,3.349114783769078,0.3355507635780641,0.4,1155,0.0604560959680329,0.0218884075131847,0.1627705627705627,12.235,2.637406923049217,0.319455675404044,-0.1627491237616265,0.3076670327839443,2.5,800,0.2,0.02,0.01,0.05,0.1,0.1,10,120,0.5,2.0,3.0
7,701000,0.2747922581686312,0.0685478751682908,3.2827648755540086,0.3705514707153803,0.43,1098,-0.1318507271177717,-0.0417838254377861,0.1821493624772313,12.07,2.585657255030571,0.2965251776505939,-0.0477673675112703,0.2873228630927658,2.5,800,0.2,0.02,0.01,0.05,0.1,0.1,10,120,0.5,2.0,3.0
3,301000,0.2743650113260176,0.0548836123620544,3.258344324050194,0.3595861390742134,0.44,1150,0.0121634250211367,-0.0353107099268589,0.1747826086956521,12.87,2.549682874664457,0.2965756536333953,-0.0806129678327537,0.2871340715184979,2.5,800,0.2,0.02,0.01,0.05,0.1,0.1,10,120,0.5,2.0,3.0
2,201000,0.2750598227139122,0.0624204095672393,3.248337419047499,0.3311995592465221,0.3,1106,-0.0311402097231339,0.0817548109955595,0.0831826401446654,8.71,2.5490331991480133,0.301541814320394,-0.0815121545387189,0.3008151650726579,2.5,800,0.2,0.02,0.01,0.05,0.1,0.1,10,120,0.5,2.0,3.0
6,601000,0.2707797048606221,0.0525345356281187,3.22780898669546,0.3684314539856948,0.36,1133,0.1133051248369648,0.024243742737797,0.1341571050308914,10.795,2.5656076301284205,0.2912539277427276,0.1294080445295901,0.2871969752275423,2.5,800,0.2,0.02,0.01,0.05,0.1,0.1,10,120,0.5,2.0,3.0
10,1001000,0.2693706712268761,0.0608216964392087,3.2286240196928087,0.3255350164105679,0.34,1170,0.0744456890119414,0.0638910979100009,0.1179487179487179,10.395,2.5727126711702084,0.2792608047258222,-0.0850525530687205,0.2667977758681243,2.5,800,0.2,0.02,0.01,0.05,0.1,0.1,10,120,0.5,2.0,3.0
5,501000,0.2815435198713858,0.0649209387461035,3.341586532005115,0.3312688925895583,0.26,1134,-0.0692621645428678,-0.0651411844456088,0.0731922398589065,8.305,2.5644136657173418,0.3155349480463624,-0.033394556896943,0.2837507000011155,2.5,800,0.2,0.02,0.01,0.05,0.1,0.2,10,120,0.5,2.0,3.0
0,1000,0.2712644230718763,0.0573998162809207,3.3738186856738066,0.3276225934432944,0.3,1123,-0.0353266611563423,0.0632995443002856,0.0756901157613535,8.96,2.664908163190707,0.2885836185261959,0.0435541743666734,0.2655206135248705,2.5,800,0.2,0.02,0.01,0.05,0.1,0.2,10,120,0.5,2.0,3.0
8,801000,0.2682445007790568,0.0612704077855498,3.280248776877688,0.3309919128407271,0.34,1097,-0.0895984436534171,0.0453400819392839,0.097538742023701,9.745,2.63869732864729,0.2989644907023681,-0.0439558493830703,0.2820726789561132,2.5,800,0.2,0.02,0.01,0.05,0.1,0.2,10,120,0.5,2.0,3.0
9,901000,0.2709144313532555,0.0553058596223882,3.3046147272520288,0.3245987408038302,0.32,1055,0.0516366802402266,0.1066071151581631,0.1071090047393364,9.385,2.63293905277696,0.3216046907276635,0.0230389126145117,0.2904605086086345,2.5,800,0.2,0.02,0.01,0.05,0.1,0.2,10,120,0.5,2.0,3.0
1,101000,0.2748967104879451,0.0537145746472776,3.3885188143292537,0.3363030109355758,0.34,1151,-0.1092231490297292,-0.0237257037580563,0.1146828844483058,9.96,2.659671120562754,0.3150401379307513,-0.0089836098625238,0.2822201772833267,2.5,800,0.2,0.02,0.01,0.05,0.1,0.2,10,120,0.5,2.0,3.0
3,301000,0.2669254687083693,0.0627968485127192,3.264620102144317,0.3798186138742886,0.47,1150,0.0465873970573894,0.0545704980007732,0.2165217391304348,13.56,2.608683180668483,0.304776753179126,-0.0529119936408402,0.2871340715184979,2.5,800,0.2,0.02,0.01,0.05,0.1,0.2,10,120,0.5,2.0,3.0
4,401000,0.2596756404769807,0.0537765722322801,3.2740790471658374,0.3367941213475263,0.39,1155,0.0687555487352793,-0.0093895843878746,0.1523809523809524,11.995,2.7112347120440785,0.3387441358144007,-0.0072512267218657,0.3076670327839443,2.5,800,0.2,0.02,0.01,0.05,0.1,0.2,10,120,0.5,2.0,3.0
7,701000,0.2736984565151463,0.0570495856134507,3.4337196001304564,0.3529320735170602,0.39,1098,0.0060106840276661,0.0170916718854649,0.1602914389799635,11.305,2.722407959562002,0.318533898326637,0.0630018976276889,0.2873228630927658,2.5,800,0.2,0.02,0.01,0.05,0.1,0.2,10,120,0.5,2.0,3.0
2,201000,0.2715861711096174,0.0598594739742636,3.251656579624564,0.3349344550179007,0.27,1106,-0.0647837185635552,0.0420084305234303,0.077757685352622,7.945,2.5699148558053224,0.2988970702121717,0.2179168498317856,0.3008151650726579,2.5,800,0.2,0.02,0.01,0.05,0.1,0.2,10,120,0.5,2.0,3.0
6,601000,0.2749338896666851,0.051445720610486,3.392992469657738,0.3103225670997079,0.33,1133,-0.0307754574143369,0.0796529157692549,0.1147396293027361,10.07,2.6785387515207253,0.3060643213963016,0.0488937759994127,0.2871969752275423,2.5,800,0.2,0.02,0.01,0.05,0.1,0.2,10,120,0.5,2.0,3.0
10,1001000,0.2669216668369359,0.0563090452340819,3.324097641249585,0.3037644085957622,0.35,1170,-0.1296524990351303,-0.10866463506813,0.1273504273504273,10.525,2.681119249533294,0.2996382418304443,-0.012574572752264,0.2667977758681243,2.5,800,0.2,0.02,0.01,0.05,0.1,0.2,10,120,0.5,2.0,3.0
5,501000,0.2645822854076798,0.0621703200900829,3.31661736634614,0.3365695317415645,0.28,1134,0.0772169887158117,0.123526340751294,0.0793650793650793,9.21,2.677022169718476,0.3469970366178656,0.0020285211408233,0.2837507000011155,2.5,800,0.2,0.02,0.01,0.05,0.1,0.4,10,120,0.5,2.0,3.0
0,1000,0.2772106616213995,0.0510167635106852,3.4362448313341907,0.3554920010586406,0.33,1123,-0.210481404459158,-0.1745014592227874,0.0917186108637578,9.635,2.691144413313008,0.3341816856969779,-0.204990606126184,0.2655206135248705,2.5,800,0.2,0.02,0.01,0.05,0.1,0.4,10,120,0.5,2.0,3.0
9,901000,0.2577090814500277,0.0491166665160386,3.404889677622469,0.325873639549725,0.35,1055,0.0572104499918746,-0.0520901279837843,0.1232227488151658,9.905,2.8603510097993143,0.3640056078616716,0.0942199541071401,0.2904605086086345,2.5,800,0.2,0.02,0.01,0.05,0.1,0.4,10,120,0.5,2.0,3.0
8,801000,0.2601945915535206,0.054331007949667,3.231365366475802,0.3470242146687211,0.39,1097,0.0087757247470249,0.0539962565588283,0.1431175934366454,10.94,2.674747265088635,0.3367194779868455,0.1178558987348599,0.2820726789561132,2.5,800,0.2,0.02,0.01,0.05,0.1,0.4,10,120,0.5,2.0,3.0
1,101000,0.2696583302515281,0.0571374987254768,3.4554819385195388,0.3460259596197882,0.34,1151,-0.1769536462902552,-0.2188752191793273,0.10251954821894,9.68,2.778818674152562,0.3785734163013808,0.0691160198748772,0.2822201772833267,2.5,800,0.2,0.02,0.01,0.05,0.1,0.4,10,120,0.5,2.0,3.0
3,301000,0.2572395904916046,0.0599017667080546,3.377545199551593,0.301975413436663,0.4,1150,-0.0683824350427407,-0.0999584005801865,0.1478260869565217,11.62,2.8525803104155933,0.3581964331820594,-0.0227256983810139,0.2871340715184979,2.5,800,0.2,0.02,0.01,0.05,0.1,0.4,10,120,0.5,2.0,3.0
7,701000,0.2583429124511253,0.0540230170282302,3.548899416351494,0.3260022885746941,0.38,1098,-0.1058043265023896,-0.0888921523704009,0.1384335154826958,10.705,2.980812304868395,0.3735751711101552,0.0521149052968815,0.2873228630927658,2.5,800,0.2,0.02,0.01,0.05,0.1,0.4,10,120,0.5,2.0,3.0
4,401000,0.2681469886648094,0.0603756160970421,3.664238818164374,0.3006780220560548,0.35,1155,0.0424715094857797,0.0017150513570862,0.129004329004329,11.275,2.9996322834796354,0.3840085932627538,-0.1556649064664522,0.3076670327839443,2.5,800,0.2,0.02,0.01,0.05,0.1,0.4,10,120,0.5,2.0,3.0
2,201000,0.2641611449573947,0.0535697647067258,3.31587060279504,0.3024134991091164,0.27,1106,-0.006000129887787,-0.0898502077086204,0.0732368896925858,7.86,2.703235136677277,0.3250473527918391,-0.1592301888116245,0.3008151650726579,2.5,800,0.2,0.02,0.01,0.05,0.1,0.4,10,120,0.5,2.0,3.0
6,601000,0.2570312258833027,0.0541204796362973,3.360881980166474,0.3590199557538121,0.35,1133,-0.0265274585060158,0.0378869123164589,0.1288614298323036,10.525,2.8405659055307906,0.3433907777513767,-0.0973813690508622,0.2871969752275423,2.5,800,0.2,0.02,0.01,0.05,0.1,0.4,10,120,0.5,2.0,3.0
10,1001000,0.2605026498970806,0.0516366096568656,3.4776456196457355,0.3504501338215627,0.36,1170,0.0590860490619613,-0.0067649949294766,0.1341880341880341,10.925,2.8796174109121004,0.3483336052574335,0.1156990536187284,0.2667977758681243,2.5,800,0.2,0.02,0.01,0.05,0.1,0.4,10,120,0.5,2.0,3.0
5,501000,0.3012564656543307,0.0706709753902421,3.3064825308089847,0.3566034807890158,0.31,1134,0.0908557021054984,-0.0644875958708463,0.0943562610229276,9.58,2.397299662386253,0.567501400002231,-0.13581355980475,0.567501400002231,2.5,800,0.2,0.02,0.01,0.05,0.1,0.0,10,120,1.0,1.5,3.5
0,1000,0.27512307581653,0.0523737398469333,3.280388896980107,0.3364866812497096,0.33,1123,0.2480747627067208,0.0359184812829154,0.0917186108637578,9.59,2.561459854608409,0.5310412270497411,0.0319003623254935,0.5310412270497411,2.5,800,0.2,0.02,0.01,0.05,0.1,0.0,10,120,1.0,1.5,3.5
9,901000,0.2914129521723358,0.0653168924264522,3.25195910058013,0.3565596155272054,0.36,1055,-0.1283991226815368,-0.0054449330512623,0.1355450236966824,10.405,2.415823453666981,0.580921017217269,-0.0146359434399342,0.580921017217269,2.5,800,0.2,0.02,0.01,0.05,0.1,0.0,10,120,1.0,1.5,3.5
8,801000,0.2819976490361988,0.0745933506902228,3.323405742754558,0.3163020440875396,0.35,1097,-0.0790044520921067,-0.0236913308360054,0.1075660893345487,10.07,2.5923046925232427,0.5641453579122263,-0.0654734034796974,0.5641453579122263,2.5,800,0.2,0.02,0.01,0.05,0.1,0.0,10,120,1.0,1.5,3.5
1,101000,0.2912012828733423,0.0696260757448245,3.312348667615516,0.3380984485910102,0.37,1151,-0.0999679317331135,-0.0419044608532649,0.1242397914856646,10.54,2.501048631120868,0.5644403545666535,0.0715301014322399,0.5644403545666535,2.5,800,0.2,0.02,0.01,0.05,0.1,0.0,10,120,1.0,1.5,3.5
3,301000,0.2818108988068086,0.0587887628872999,3.240909222993208,0.3304441063082939,0.42,1150,-0.0706538153611999,-0.0241916377627492,0.1556521739130434,12.175,2.4786476484104125,0.5742681430369957,-0.034905360201523,0.5742681430369957,2.5,800,0.2,0.02,0.01,0.05,0.1,0.0,10,120,1.0,1.5,3.5
4,401000,0.2893617488154579,0.068588777269439,3.3716954676138404,0.3427350529934786,0.43,1155,0.0355159579973217,-0.1085862889556208,0.1844155844155844,13.23,2.5743810726353025,0.6153340655678885,-0.1080339272530505,0.6153340655678885,2.5,800,0.2,0.02,0.01,0.05,0.1,0.0,10,120,1.0,1.5,3.5
2,201000,0.2812493403666187,0.0654222054083918,3.240646924780956,0.317506760489019,0.27,1106,0.0604491190378873,0.0137781692714675,0.0795660036166365,7.925,2.5010556220309907,0.601630330145316,0.1183461597383147,0.601630330145316,2.5,800,0.2,0.02,0.01,0.05,0.1,0.0,10,120,1.0,1.5,3.5
7,701000,0.2857687556300361,0.0684722399942298,3.2401402996762894,0.3370652139828709,0.39,1098,-0.1653752781311313,-0.0147978605737182,0.1420765027322404,11.13,2.463051258645014,0.5746457261855316,0.0553174731896842,0.5746457261855316,2.5,800,0.2,0.02,0.01,0.05,0.1,0.0,10,120,1.0,1.5,3.5
6,601000,0.2803839922556026,0.0660326184317072,3.167753005476506,0.3335833042673297,0.34,1133,-0.1101231307586947,0.1471758069121886,0.1200353045013239,10.37,2.440948290254321,0.5743939504550846,-0.1536617101709141,0.5743939504550846,2.5,800,0.2,0.02,0.01,0.05,0.1,0.0,10,120,1.0,1.5,3.5
10,1001000,0.2781572853297321,0.0695028608727115,3.159901263292673,0.3157395876720073,0.35,1170,-0.0169045245308809,-0.0286754517614166,0.1162393162393162,10.715,2.448396949954597,0.5335955517362488,-0.1240673812933026,0.5335955517362488,2.5,800,0.2,0.02,0.01,0.05,0.1,0.0,10,120,1.0,1.5,3.5
5,501000,0.2855364440576439,0.0607171512042398,3.19220382192111,0.3811478865808964,0.29,1134,-0.0519349950099147,-0.1575573924081165,0.0855379188712522,9.2,2.419558345747117,0.5742822633904969,-0.129030343422565,0.567501400002231,2.5,800,0.2,0.02,0.01,0.05,0.1,0.05,10,120,1.0,1.5,3.5
8,801000,0.2708896105710494,0.0549417705069328,3.241696451302581,0.3349855779520629,0.34,1097,-0.0758818988470889,-0.0091554867243818,0.1103008204193254,9.68,2.6020259312265046,0.5643983470515608,0.0394142267678565,0.5641453579122263,2.5,800,0.2,0.02,0.01,0.05,0.1,0.05,10,120,1.0,1.5,3.5
0,1000,0.2815757661075315,0.0670838545072543,3.3160983680228604,0.3603389756275081,0.36,1123,-0.1527583184491455,-0.086425959326563,0.1121994657168299,10.23,2.5899792294734647,0.5358694284919236,0.0998910920419652,0.5310412270497411,2.5,800,0.2,0.02,0.01,0.05,0.1,0.05,10,120,1.0,1.5,3.5
9,901000,0.2828327320742745,0.0675309342516021,3.177109016897972,0.3613625160078398,0.34,1055,0.1509449792614601,-0.023769598357141,0.1156398104265402,9.745,2.459452135664258,0.5929547026516929,0.0104659740584108,0.580921017217269,2.5,800,0.2,0.02,0.01,0.05,0.1,0.05,10,120,1.0,1.5,3.5
1,101000,0.2849559458467214,0.0613181678575611,3.3171192963708886,0.3229619056693579,0.33,1151,-0.192095301535566,-0.1018891409803203,0.0894874022589053,9.44,2.539881964360848,0.5741051589218864,-0.1220500382465285,0.5644403545666535,2.5,800,0.2,0.02,0.01,0.05,0.1,0.05,10,120,1.0,1.5,3.5
3,301000,0.285284086020487,0.075746853513876,3.2686288880876337,0.3437934261967808,0.45,1150,-0.3054559898254543,-0.2994981184898987,0.18,12.765,2.516617842304367,0.5835187002163262,-0.0901822176715735,0.5742681430369957,2.5,800,0.2,0.02,0.01,0.05,0.1,0.05,10,120,1.0,1.5,3.5
4,401000,0.2806493253250974,0.0580604200716245,3.368412602436008,0.3428834033625427,0.41,1155,0.229205536049054,0.0984702725211914,0.1818181818181818,12.75,2.607782156231618,0.6221093809103235,0.1025467568106239,0.6153340655678885,2.5,800,0.2,0.02,0.01,0.05,0.1,0.05,10,120,1.0,1.5,3.5
2,201000,0.2882894651493354,0.0695127339670174,3.290712868697436,0.3336377261939451,0.3,1106,0.048592623092731,0.0921204751194759,0.0759493670886076,8.61,2.527741828292953,0.6028865808737752,0.092679661258416,0.601630330145316,2.5,800,0.2,0.02,0.01,0.05,0.1,0.05,10,120,1.0,1.5,3.5
7,701000,0.2874221773490111,0.0660830483077697,3.305275142181973,0.3171974749817959,0.4,1098,-0.1495472362462935,0.0257468066954868,0.1621129326047359,11.3,2.526678602806835,0.5901014068068706,0.0556517688319008,0.5746457261855316,2.5,800,0.2,0.02,0.01,0.05,0.1,0.05,10,120,1.0,1.5,3.5
6,601000,0.2834419309971288,0.069982953031901,3.243542590469616,0.2977561355004445,0.29,1133,-0.2539995126703775,0.0362072940019682,0.0803177405119152,8.75,2.5000055048727274,0.5838461188200507,0.0780655660784368,0.5743939504550846,2.5,800,0.2,0.02,0.01,0.05,0.1,0.05,10,120,1.0,1.5,3.5
10,1001000,0.2870207438870937,0.0640944432356898,3.279423999586773,0.3622914898321794,0.36,1170,0.0501370139321213,0.1361364082921884,0.1333333333333333,10.875,2.4887784659692698,0.5423373229519022,0.0211871440949733,0.5335955517362488,2.5,800,0.2,0.02,0.01,0.05,0.1,0.05,10,120,1.0,1.5,3.5
5,501000,0.2861401514504603,0.06043178275133,3.2145682823938926,0.3452663029080585,0.27,1134,0.0131924912751822,-0.0288974713468581,0.0723104056437389,8.54,2.450126722018695,0.5807924248187473,-0.1350646631720109,0.567501400002231,2.5,800,0.2,0.02,0.01,0.05,0.1,0.1,10,120,1.0,1.5,3.5
8,801000,0.277610515927502,0.0652461929701721,3.342523805459629,0.3016389463068059,0.34,1097,-0.185594749441993,-0.0192230451014443,0.1048313582497721,9.86,2.644723048563533,0.5683258742884181,0.011833379369655,0.5641453579122263,2.5,800,0.2,0.02,0.01,0.05,0.1,0.1,10,120,1.0,1.5,3.5
0,1000,0.2746438715883556,0.0613991104450636,3.28793304053575,0.327273252011495,0.29,1123,0.106076963936283,0.0315652884102981,0.0774710596616206,8.52,2.622911668120608,0.542647556363946,0.1336262551718426,0.5310412270497411,2.5,800,0.2,0.02,0.01,0.05,0.1,0.1,10,120,1.0,1.5,3.5
9,901000,0.2792991450059314,0.0580127005194506,3.245626795219369,0.3210071883068568,0.31,1055,-0.0482040142224754,-0.0239767561454747,0.0957345971563981,8.95,2.5082456299171256,0.6027586667748576,0.0699281848309334,0.580921017217269,2.5,800,0.2,0.02,0.01,0.05,0.1,0.1,10,120,1.0,1.5,3.5
1,101000,0.2913942935990902,0.0677219135963922,3.4019416620719523,0.3275250176168517,0.31,1151,-0.2876589660021074,-0.1682891723918468,0.0903562119895742,9.145,2.566254339976894,0.5825733790719241,-0.0679064324100775,0.5644403545666535,2.5,800,0.2,0.02,0.01,0.05,0.1,0.1,10,120,1.0,1.5,3.5
3,301000,0.2701091435099186,0.0750036538940425,3.1562665304239594,0.3635363515406686,0.46,1150,0.0758082888371581,0.0219717768771531,0.1982608695652173,13.245,2.5506741049443447,0.5970092496499556,-0.0702351690692943,0.5742681430369957,2.5,800,0.2,0.02,0.01,0.05,0.1,0.1,10,120,1.0,1.5,3.5
7,701000,0.2844724250454473,0.0650138261407089,3.38809378963069,0.2859303678660254,0.33,1098,-0.2940061704880725,-0.1484846781835815,0.1065573770491803,9.39,2.604684213717093,0.6082846291762046,0.0234232431032444,0.5746457261855316,2.5,800,0.2,0.02,0.01,0.05,0.1,0.1,10,120,1.0,1.5,3.5
4,401000,0.2862433163934623,0.0635628120044552,3.500376870297408,0.2932355743786003,0.4,1155,0.0684537581750029,0.0697764193802403,0.1627705627705627,12.505,2.682620562086689,0.6374885750999434,-0.042414064205435,0.6153340655678885,2.5,800,0.2,0.02,0.01,0.05,0.1,0.1,10,120,1.0,1.5,3.5
2,201000,0.2892891166743152,0.0653745670249066,3.33304816769096,0.3527566387829305,0.34,1106,-0.1383149942886817,-0.0405294880489727,0.1166365280289331,9.825,2.529893319149381,0.6014102541131676,0.2214720281997251,0.601630330145316,2.5,800,0.2,0.02,0.01,0.05,0.1,0.1,10,120,1.0,1.5,3.5
6,601000,0.2811280134789294,0.0581362713651294,3.298230381469508,0.3058273603890711,0.3,1133,-0.1059986861917097,0.0892233065344632,0.0917917034421888,8.98,2.554735298178071,0.5965387215245566,0.0342823213519472,0.5743939504550846,2.5,800,0.2,0.02,0.01,0.05,0.1,0.1,10,120,1.0,1.5,3.5
10,1001000,0.2810868565238483,0.0626323605850002,3.2946348779186776,0.3246202102748864,0.33,1170,-0.1741332364600482,-0.1508049750576773,0.1094017094017094,9.955,2.545792593801796,0.5553310189370297,-0.0618912788041698,0.5335955517362488,2.5,800,0.2,0.02,0.01,0.05,0.1,0.1,10,120,1.0,1.5,3.5
5,501000,0.2749054828970756,0.06178317543803,3.1795937991409216,0.3258485960142945,0.27,1134,0.1626004205893578,0.1031626462210512,0.0784832451499118,8.59,2.5009199917968035,0.601140218097424,0.039878914192161,0.567501400002231,2.5,800,0.2,0.02,0.01,0.05,0.1,0.2,10,120,1.0,1.5,3.5
0,1000,0.2693135194072009,0.0559334649802965,3.421189547731275,0.309797647441013,0.28,1123,0.2135287233820494,0.1639460269346077,0.0676758682101513,8.585,2.745256907547972,0.5709441282372368,0.0207027227508177,0.5310412270497411,2.5,800,0.2,0.02,0.01,0.05,0.1,0.2,10,120,1.0,1.5,3.5
9,901000,0.2747387055921513,0.0622491773235,3.2021035553525765,0.358044375632151,0.39,1055,0.1926809409321496,0.1568621306414397,0.1611374407582938,11.035,2.5478496119054928,0.6207956043621398,-0.0235578258045708,0.580921017217269,2.5,800,0.2,0.02,0.01,0.05,0.1,0.2,10,120,1.0,1.5,3.5
8,801000,0.2692370937150168,0.0558711339658892,3.3247419356743846,0.3559582672321146,0.37,1097,-0.030896060933097,0.0547607173237176,0.1312670920692798,10.44,2.670043609197021,0.5721204435331763,0.0658578942385769,0.5641453579122263,2.5,800,0.2,0.02,0.01,0.05,0.1,0.2,10,120,1.0,1.5,3.5
1,101000,0.2710805429564267,0.0705168138294705,3.2839380361955417,0.3030047856915779,0.3,1151,0.0187842025368194,-0.0848128537477291,0.0851433536055603,8.935,2.6691014084201545,0.6148680201959598,-0.012589821630757,0.5644403545666535,2.5,800,0.2,0.02,0.01,0.05,0.1,0.2,10,120,1.0,1.5,3.5
3,301000,0.2823179777197651,0.0759514816438752,3.3983249216525087,0.3450739924056729,0.48,1150,-0.0069870292661293,0.1543365774390373,0.2165217391304348,13.755,2.647542469904122,0.6153596394488593,0.1319960048683537,0.5742681430369957,2.5,800,0.2,0.02,0.01,0.05,0.1,0.2,10,120,1.0,1.5,3.5
4,401000,0.2720590163155794,0.0629045185369354,3.4800632760068715,0.3345572180304561,0.41,1155,0.0248928687384066,-0.1065562188982478,0.1705627705627705,12.46,2.7954974370050856,0.6661256595550176,-0.1480669530657755,0.6153340655678885,2.5,800,0.2,0.02,0.01,0.05,0.1,0.2,10,120,1.0,1.5,3.5
7,701000,0.2711365805367327,0.0578444970446803,3.40926805645106,0.3111268968088595,0.33,1098,-0.2931538117817535,-0.0917665110413961,0.1102003642987249,9.485,2.738375499190074,0.6417654851147659,-0.0677452433927604,0.5746457261855316,2.5,800,0.2,0.02,0.01,0.05,0.1,0.2,10,120,1.0,1.5,3.5
2,201000,0.2748333474772033,0.0620898083934587,3.2731849069480283,0.3357704832238653,0.31,1106,0.0557091781282329,0.0306651304261785,0.0877034358047016,8.99,2.61647020890086,0.6232877322360849,-0.1011869969894104,0.601630330145316,2.5,800,0.2,0.02,0.01,0.05,0.1,0.2,10,120,1.0,1.5,3.5
6,601000,0.274500010915657,0.0620685764551616,3.367134942380332,0.3346041999714879,0.32,1133,0.0453040327398659,0.0773220868613059,0.1050308914386584,9.685,2.686418815278036,0.6145800833310721,-0.1075861577584665,0.5743939504550846,2.5,800,0.2,0.02,0.01,0.05,0.1,0.2,10,120,1.0,1.5,3.5
10,1001000,0.2747791358324228,0.0648714832816604,3.2940913142110806,0.3319764571992877,0.36,1170,-0.1426812403971906,-0.1154318650156921,0.1205128205128205,10.71,2.624466215562832,0.5736358921404152,0.1238320540183616,0.5335955517362488,2.5,800,0.2,0.02,0.01,0.05,0.1,0.2,10,120,1.0,1.5,3.5
5,501000,0.2866860904483529,0.0631249977439988,3.468830702616682,0.3053230172645421,0.25,1134,-0.1552154540581429,-0.2194087789167679,0.0670194003527336,8.165,2.6681386454483964,0.6504964658450139,-0.0449525101641148,0.567501400002231,2.5,800,0.2,0.02,0.01,0.05,0.1,0.4,10,120,1.0,1.5,3.5
8,801000,0.2634463261530123,0.0598261425938159,3.380983959325196,0.3187496265400481,0.32,1097,-0.0177697442504344,-0.0784046645224958,0.0884229717411121,9.32,2.775607673331898,0.5977575370146523,-0.1633919401616663,0.5641453579122263,2.5,800,0.2,0.02,0.01,0.05,0.1,0.4,10,120,1.0,1.5,3.5
0,1000,0.2699244099992242,0.0647517793975634,3.497730876769656,0.3285497667043534,0.32,1123,-0.0331018196476671,-0.0265589318362517,0.0854853072128228,9.225,2.8375909532636725,0.6105164198691632,0.023574833451045,0.5310412270497411,2.5,800,0.2,0.02,0.01,0.05,0.1,0.4,10,120,1.0,1.5,3.5
9,901000,0.2699563210082497,0.0626683867731463,3.3670636780673795,0.3251318209789801,0.34,1055,0.2169377034760115,0.0303296629330542,0.1109004739336492,9.735,2.747000334464218,0.678336517965426,0.0111214838225455,0.580921017217269,2.5,800,0.2,0.02,0.01,0.05,0.1,0.4,10,120,1.0,1.5,3.5
1,101000,0.2777394599528432,0.0639186919089947,3.53410303301646,0.3362964303380344,0.35,1151,-0.1035916521036792,0.0286330123175635,0.1164205039096437,9.955,2.8374207856617035,0.688215537599867,-0.1475799849295118,0.5644403545666535,2.5,800,0.2,0.02,0.01,0.05,0.1,0.4,10,120,1.0,1.5,3.5
4,401000,0.2706392088604333,0.0587020679965364,3.590061003342246,0.3188085891371316,0.38,1155,0.0498301852805952,0.0511446472216293,0.1515151515151515,11.885,2.923392894756235,0.7160768973375488,-0.0148000830938148,0.6153340655678885,2.5,800,0.2,0.02,0.01,0.05,0.1,0.4,10,120,1.0,1.5,3.5
7,701000,0.2760440011700932,0.0589311928706574,3.6662328592529225,0.314464769845919,0.37,1098,-0.0797375621959887,-0.0090024776796818,0.1247723132969034,10.54,2.922418774327947,0.6963049526291704,-0.020293263578153,0.5746457261855316,2.5,800,0.2,0.02,0.01,0.05,0.1,0.4,10,120,1.0,1.5,3.5
3,301000,0.2722070610671407,0.0628005395274544,3.3261818101080207,0.3403975262684737,0.43,1150,-0.2045469789787502,-0.1682808531111921,0.1730434782608695,12.395,2.673881439565319,0.636530081995881,0.0900042192196706,0.5742681430369957,2.5,800,0.2,0.02,0.01,0.05,0.1,0.4,10,120,1.0,1.5,3.5
2,201000,0.2734943160110508,0.0688426096557276,3.3032091425953336,0.338407006875575,0.29,1106,0.0087422343692692,0.1379682950110715,0.0831826401446654,8.425,2.6657536296425293,0.6277859973182597,0.1009324311499292,0.601630330145316,2.5,800,0.2,0.02,0.01,0.05,0.1,0.4,10,120,1.0,1.5,3.5
6,601000,0.2828995298819816,0.0623951205753662,3.625570714873084,0.326110453623663,0.35,1133,-0.1461008061779294,-0.0155403707810482,0.1209179170344219,10.51,2.839536078367064,0.6572570814413692,-0.0834083306478246,0.5743939504550846,2.5,800,0.2,0.02,0.01,0.05,0.1,0.4,10,120,1.0,1.5,3.5
10,1001000,0.2711062217767563,0.0548520985500921,3.452393698515889,0.2904055981700431,0.3,1170,-0.0878548123174451,0.0578751692467434,0.094017094017094,9.325,2.7843075343777524,0.6447792048511081,0.1261852231682317,0.5335955517362488,2.5,800,0.2,0.02,0.01,0.05,0.1,0.4,10,120,1.0,1.5,3.5
5,501000,0.3052832895251829,0.083379340298793,3.2459644102019767,0.3619624627976971,0.3,1134,0.1206988422099078,0.0254561938787654,0.0987654320987654,9.59,2.373517002019725,0.8370645650032907,-0.1022429544994488,0.8370645650032907,2.5,800,0.2,0.02,0.01,0.05,0.1,0.0,10,120,1.5,1.05,4.0
0,1000,0.282616957203724,0.0754394277077391,3.338654723030163,0.3371219442991935,0.34,1123,0.0645679622074405,0.1295373584574196,0.1006233303650935,10.06,2.6156532855474035,0.7832858098983683,-0.0554887717257059,0.7832858098983683,2.5,800,0.2,0.02,0.01,0.05,0.1,0.0,10,120,1.5,1.05,4.0
8,801000,0.2876630566987184,0.0858939534858613,3.396615042398249,0.321064046841339,0.35,1097,-0.0190688352199445,0.0167750520897267,0.113035551504102,10.04,2.6611494214717824,0.832114402920534,-0.0040746684895805,0.832114402920534,2.5,800,0.2,0.02,0.01,0.05,0.1,0.0,10,120,1.5,1.05,4.0
9,901000,0.3121395814656067,0.0853985314208073,3.3301775937164875,0.3416549854071916,0.36,1055,-0.1552757899348936,-0.0443551150191476,0.1393364928909952,10.215,2.4008395941587968,0.8568585003954718,-0.0325508672286341,0.8568585003954718,2.5,800,0.2,0.02,0.01,0.05,0.1,0.0,10,120,1.5,1.05,4.0
1,101000,0.3020462752782876,0.0783733246358096,3.407405171741245,0.3360967512022261,0.34,1151,-0.0499302656622221,0.0037489499276001,0.100781928757602,9.73,2.5265467309032803,0.8325495229858141,-0.0820344388971346,0.8325495229858141,2.5,800,0.2,0.02,0.01,0.05,0.1,0.0,10,120,1.5,1.05,4.0
3,301000,0.2916503656054572,0.0904783682621033,3.2440545030769954,0.3665465735526123,0.47,1150,-0.0153210574736691,-0.0722459609095872,0.1973913043478261,13.405,2.4935052814053584,0.8470455109795688,-0.112208752043007,0.8470455109795688,2.5,800,0.2,0.02,0.01,0.05,0.1,0.0,10,120,1.5,1.05,4.0
7,701000,0.3005619891255096,0.0783793268805917,3.315898928366688,0.3235018737714341,0.36,1098,-0.0671278217007178,0.0562093134950468,0.1256830601092896,10.14,2.4705006065013966,0.8476024461236591,0.0008746872668859,0.8476024461236591,2.5,800,0.2,0.02,0.01,0.05,0.1,0.0,10,120,1.5,1.05,4.0
4,401000,0.2982186771794463,0.0792740032430877,3.4822747258625144,0.3322915672634242,0.4,1155,0.0166833086486888,-0.1045141864378516,0.1601731601731601,12.445,2.6347120821370704,0.9076177467126356,-0.0258446170446337,0.9076177467126356,2.5,800,0.2,0.02,0.01,0.05,0.1,0.0,10,120,1.5,1.05,4.0
2,201000,0.3003445537544322,0.0922188873871501,3.343125479625676,0.3226840621900123,0.28,1106,0.086202211028164,0.0269032039728579,0.0804701627486437,8.305,2.526557042495712,0.887404736964341,-0.0134692169291918,0.887404736964341,2.5,800,0.2,0.02,0.01,0.05,0.1,0.0,10,120,1.5,1.05,4.0
10,1001000,0.3024731310713769,0.0841268391052662,3.3137026216972334,0.3324531190432999,0.36,1170,-0.0483346337601336,-0.0267319455907704,0.1213675213675213,11.03,2.448885501183031,0.787053438810967,0.0029052393108727,0.787053438810967,2.5,800,0.2,0.02,0.01,0.05,0.1,0.0,10,120,1.5,1.05,4.0
6,601000,0.3033020839312938,0.085028602721806,3.313471315062119,0.3525586406518994,0.36,1133,-0.116293479836111,-0.0110120412652968,0.1306266548984995,10.91,2.4378987281251234,0.8472310769212498,-0.1349708746393683,0.8472310769212498,2.5,800,0.2,0.02,0.01,0.05,0.1,0.0,10,120,1.5,1.05,4.0
5,501000,0.30406656427991974,0.0948519942902127,3.2138278365730573,0.3603168726924768,0.3,1134,0.086384826386484,-0.061428946834301806,0.09347442680776014,9.53,2.395635969112946,0.8457218407741469,-0.22305269318306287,0.8370645650032907,2.5,800,0.2,0.02,0.01,0.05,0.1,0.05,10,120,1.5,1.05,4.0
9,901000,0.3066122682913164,0.07981270744313149,3.3177214553215952,0.3499058387169296,0.34,1055,0.016846761521110646,-0.0010921191010012496,0.13080568720379146,9.78,2.4417743833179064,0.8713243620989004,0.07600470575246912,0.8568585003954718,2.5,800,0.2,0.02,0.01,0.05,0.1,0.05,10,120,1.5,1.05,4.0
0,1000,0.28216112346506167,0.08481580591697128,3.3280213199972546,0.31315420448688946,0.28,1123,-0.031073938190212223,-0.07303212342303303,0.06411398040961709,8.385,2.655223341369425,0.7950527527840103,0.05825195347980418,0.7832858098983683,2.5,800,0.2,0.02,0.01,0.05,0.1,0.05,10,120,1.5,1.05,4.0
8,801000,0.2893424095834727,0.08528529233494782,3.421232350201093,0.3134529182161958,0.33,1097,-0.05516783533756402,0.041172030367513046,0.10209662716499544,9.59,2.6890735332208022,0.8379723233218892,-0.010145970744007743,0.832114402920534,2.5,800,0.2,0.02,0.01,0.05,0.1,0.05,10,120,1.5,1.05,4.0
1,101000,0.29559325932430425,0.07295923469459005,3.4226002631389743,0.30881160488226184,0.3,1151,-0.005185519729259243,0.07445358758431342,0.08340573414422242,9.045,2.569066148133,0.8490594744981235,-0.09761799389558892,0.8325495229858141,2.5,800,0.2,0.02,0.01,0.05,0.1,0.05,10,120,1.5,1.05,4.0
4,401000,0.29119862261560486,0.08447572714088399,3.4277857635059505,0.3514206243497066,0.44,1155,0.10019340731427297,-0.014331469734942228,0.19913419913419914,13.36,2.674994875572505,0.9208182217896029,-0.011430828332228388,0.9076177467126356,2.5,800,0.2,0.02,0.01,0.05,0.1,0.05,10,120,1.5,1.05,4.0
3,301000,0.301383341763043,0.0943662882910638,3.3775841431717577,0.33712654733973507,0.44,1150,-0.19870554742045948,-0.1574135515433707,0.17652173913043478,12.505,2.5337064361385417,0.8624547229137876,-0.032657153475117204,0.8470455109795688,2.5,800,0.2,0.02,0.01,0.05,0.1,0.05,10,120,1.5,1.05,4.0
2,201000,0.29494060311510345,0.08853921848659739,3.34277513706887,0.3194491933190944,0.29,1106,0.060332629584961044,0.07922683424138904,0.08589511754068715,8.59,2.5540514195277875,0.8934739855897899,0.060114962057762275,0.887404736964341,2.5,800,0.2,0.02,0.01,0.05,0.1,0.05,10,120,1.5,1.05,4.0
7,701000,0.3005918325050447,0.08719124415379885,3.3545391995013296,0.3238362954850446,0.36,1098,-0.10358722087710416,-0.011037460744851874,0.12750455373406194,10.3,2.5332992229338105,0.8682069661512478,-0.06428315674106264,0.8476024461236591,2.5,800,0.2,0.02,0.01,0.05,0.1,0.05,10,120,1.5,1.05,4.0
10,1001000,0.30169603403725104,0.0822598225787294,3.3527237977988493,0.3688665171126686,0.36,1170,0.07057417520558783,0.06468498332812192,0.12478632478632479,10.945,2.4861337022136185,0.7985853158890219,-0.08170422554621246,0.787053438810967,2.5,800,0.2,0.02,0.01,0.05,0.1,0.05,10,120,1.5,1.05,4.0
6,601000,0.2958068868618536,0.07800750746192098,3.286662128777561,0.31478713007400716,0.31,1133,-0.036829091798564015,0.03747384767780271,0.09355692850838482,9.41,2.4900170789944607,0.859579258114501,-0.07332206680166227,0.8472310769212498,2.5,800,0.2,0.02,0.01,0.05,0.1,0.05,10,120,1.5,1.05,4.0
5,501000,0.30688835167620526,0.09104413748635846,3.2573046239628307,0.3690717333326337,0.29,1134,0.15370254633008215,-0.016738461700285492,0.0873015873015873,9.135,2.40717903662385,0.8500016212220196,-0.035417919925805404,0.8370645650032907,2.5,800,0.2,0.02,0.01,0.05,0.1,0.1,10,120,1.5,1.05,4.0
9,901000,0.2898385195184679,0.07708852619330697,3.221319086985306,0.35687389209194087,0.39,1055,0.05100271007778584,-0.07632831464756358,0.14691943127962084,10.855,2.464682460355966,0.8809404668917913,-0.06916265697207175,0.8568585003954718,2.5,800,0.2,0.02,0.01,0.05,0.1,0.1,10,120,1.5,1.05,4.0
0,1000,0.2730488012809704,0.07667980721734081,3.3098193292243745,0.3046347922920754,0.32,1123,-0.07139136673526837,-0.021655342195485986,0.08726625111308994,9.28,2.7011958398542926,0.8091977711801973,0.17270404482119134,0.7832858098983683,2.5,800,0.2,0.02,0.01,0.05,0.1,0.1,10,120,1.5,1.05,4.0
8,801000,0.2910430403489649,0.08585256738803497,3.4637499484802223,0.32220760061492526,0.33,1097,-0.09927285305004974,-0.03092520248510124,0.09845031905195989,9.585,2.71294759356632,0.8460529186162168,-0.13971858489361053,0.832114402920534,2.5,800,0.2,0.02,0.01,0.05,0.1,0.1,10,120,1.5,1.05,4.0
1,101000,0.29879261025578585,0.0779618599249861,3.4693414224527532,0.33289825170396276,0.33,1151,-0.062082869394431514,-0.027597621400975814,0.09383145091225022,9.51,2.607434098586589,0.8645177828025032,-0.2067710882585593,0.8325495229858141,2.5,800,0.2,0.02,0.01,0.05,0.1,0.1,10,120,1.5,1.05,4.0
3,301000,0.31455660791059187,0.09185643929769756,3.5641880708251996,0.3158819455458817,0.4,1150,-0.27778456064993345,-0.09952543109777241,0.14608695652173914,11.58,2.592964079566098,0.8834558797491671,0.05423329758035914,0.8470455109795688,2.5,800,0.2,0.02,0.01,0.05,0.1,0.1,10,120,1.5,1.05,4.0
4,401000,0.2884582484785145,0.08125280075579189,3.511724084689112,0.3163571766717461,0.37,1155,0.016985275079342183,-0.12448661343020752,0.14545454545454545,11.685,2.7441116087745936,0.9450058672207281,-0.057028045723215195,0.9076177467126356,2.5,800,0.2,0.02,0.01,0.05,0.1,0.1,10,120,1.5,1.05,4.0
7,701000,0.290720389111222,0.09073374245513849,3.341308609042798,0.3089586832566311,0.34,1098,-0.028621794860551032,0.04318095876014231,0.10564663023679417,9.79,2.5896217062334945,0.8841046571117629,-0.06038705414940458,0.8476024461236591,2.5,800,0.2,0.02,0.01,0.05,0.1,0.1,10,120,1.5,1.05,4.0
10,1001000,0.301736859849275,0.0711847328832558,3.4231213574016532,0.3551422499932451,0.39,1170,0.1431814239001258,0.10333262272536792,0.152991452991453,11.71,2.5343111958593743,0.8138340545131653,0.06951991199393293,0.787053438810967,2.5,800,0.2,0.02,0.01,0.05,0.1,0.1,10,120,1.5,1.05,4.0
6,601000,0.29881089965081725,0.08405508504328656,3.3301279519407467,0.3346211283835181,0.29,1133,-0.13116029767331494,-0.15233502285650474,0.08120035304501325,8.8,2.527839072175743,0.870468830155898,-0.020738461506616453,0.8472310769212498,2.5,800,0.2,0.02,0.01,0.05,0.1,0.1,10,120,1.5,1.05,4.0
2,201000,0.29293507660748097,0.07626942961812627,3.3645645818078687,0.3258320986402182,0.3,1106,0.10904679696179063,0.06338101655866456,0.08951175406871609,8.925,2.575204561990991,0.9002467917544409,-0.06253316325032986,0.887404736964341,2.5,800,0.2,0.02,0.01,0.05,0.1,0.1,10,120,1.5,1.05,4.0
5,501000,0.30628494107710763,0.08909878379048673,3.3637956857872666,0.31315903017053853,0.24,1134,0.13467365243694324,-0.011324272533273224,0.06525573192239859,7.84,2.494703185240161,0.8867428459961324,-0.06965075293371824,0.8370645650032907,2.5,800,0.2,0.02,0.01,0.05,0.1,0.2,10,120,1.5,1.05,4.0
9,901000,0.2948108674618637,0.08340882106850182,3.350481304413172,0.3420060634294773,0.4,1055,0.04516722130756389,0.02130768417455755,0.15829383886255924,11.02,2.567032930276469,0.9255971098657454,-0.08713039592867623,0.8568585003954718,2.5,800,0.2,0.02,0.01,0.05,0.1,0.2,10,120,1.5,1.05,4.0
8,801000,0.28601782389569236,0.08625748756525872,3.514255659783059,0.314259715128553,0.31,1097,-0.1173690755766054,-0.02843510348154575,0.08477666362807658,9.15,2.77938870495059,0.86474759011957,-0.18076589112458658,0.832114402920534,2.5,800,0.2,0.02,0.01,0.05,0.1,0.2,10,120,1.5,1.05,4.0
1,101000,0.2906932471812438,0.06851528633003402,3.4926725341833724,0.3025858231814439,0.3,1151,-0.10754606443741949,-0.004958341467540006,0.08340573414422242,9.135,2.6993381769058193,0.9052399017968336,-0.02227678016486678,0.8325495229858141,2.5,800,0.2,0.02,0.01,0.05,0.1,0.2,10,120,1.5,1.05,4.0
0,1000,0.2825465442496704,0.07244276097862039,3.458710222277067,0.3797786286864515,0.37,1123,-0.047224267947642555,-0.056596169525830124,0.12733748886910062,10.825,2.7143703295968673,0.8146427604811619,0.21279918006725101,0.7832858098983683,2.5,800,0.2,0.02,0.01,0.05,0.1,0.2,10,120,1.5,1.05,4.0
3,301000,0.29282826350666386,0.07837484344982638,3.4777101813061773,0.31208230763295947,0.41,1150,-0.14409894463958767,-0.06312256851274628,0.15391304347826087,11.925,2.6939771225354705,0.91131038475574,0.03740192732508942,0.8470455109795688,2.5,800,0.2,0.02,0.01,0.05,0.1,0.2,10,120,1.5,1.05,4.0
4,401000,0.28883261885876865,0.08525486676788435,3.6064553097540233,0.3323926671583296,0.41,1155,0.2411863530697677,0.0030609714593216545,0.17402597402597403,12.42,2.8583907103311685,0.9837699406839437,-0.12302075122738196,0.9076177467126356,2.5,800,0.2,0.02,0.01,0.05,0.1,0.2,10,120,1.5,1.05,4.0
7,701000,0.29980581093308667,0.0856498921649411,3.5554335735247866,0.312817813847424,0.38,1098,-0.15819498641305094,0.035625489181703024,0.1366120218579235,10.815,2.713156943582716,0.9289055412214722,-0.032987602881943516,0.8476024461236591,2.5,800,0.2,0.02,0.01,0.05,0.1,0.2,10,120,1.5,1.05,4.0
6,601000,0.28766383575483917,0.07724077484798364,3.3960496509879032,0.3116544754841398,0.33,1133,-0.1470401996511652,-0.052086735174961166,0.11562224183583407,10.12,2.651490867845443,0.9022735711460707,-0.11095818790378713,0.8472310769212498,2.5,800,0.2,0.02,0.01,0.05,0.1,0.2,10,120,1.5,1.05,4.0
2,201000,0.290003778150003,0.08663908079666746,3.3288270123303034,0.3272340361603968,0.27,1106,0.04652059849707161,0.028258207334783198,0.06419529837251356,8.095,2.6088090636727475,0.9045861330533588,-0.03480172868576422,0.887404736964341,2.5,800,0.2,0.02,0.01,0.05,0.1,0.2,10,120,1.5,1.05,4.0
10,1001000,0.2956745098030471,0.07229030099828909,3.488180614067165,0.3250342693654485,0.36,1170,-0.11182778610510742,-0.010505164330304424,0.12393162393162394,11.03,2.640032837185598,0.8514100522454069,-0.1479233719290102,0.787053438810967,2.5,800,0.2,0.02,0.01,0.05,0.1,0.2,10,120,1.5,1.05,4.0
5,501000,0.28770103979950024,0.0886974565829436,3.3170558844230955,0.3407554699218353,0.28,1134,0.13163338523940815,0.03269432145823861,0.08112874779541446,8.875,2.6091047605513555,0.9331972897880755,-0.22298926362366894,0.8370645650032907,2.5,800,0.2,0.02,0.01,0.05,0.1,0.4,10,120,1.5,1.05,4.0
0,1000,0.27566166326834823,0.0603805558309626,3.6579380067617326,0.3116755391111001,0.26,1123,-0.056598927735255496,-0.09709035327671005,0.05520926090828139,7.765,2.9479115074598563,0.8809620109932926,-0.15504886138802856,0.7832858098983683,2.5,800,0.2,0.02,0.01,0.05,0.1,0.4,10,120,1.5,1.05,4.0
8,801000,0.28374889050702695,0.07730046310074785,3.5112902561911876,0.3321891014369729,0.37,1097,-0.14349181182442233,-0.10394027177794986,0.12579762989972654,10.47,2.831210952962242,0.8868315185935499,0.12306855374672311,0.832114402920534,2.5,800,0.2,0.02,0.01,0.05,0.1,0.4,10,120,1.5,1.05,4.0
1,101000,0.28552575634997845,0.0796753284251425,3.7163658154015953,0.2727798742659303,0.21,1151,-0.2828922998377607,-0.030907184830685913,0.04083405734144222,6.565,2.961696763496758,1.0114332892296247,-0.027326726922592675,0.8325495229858141,2.5,800,0.2,0.02,0.01,0.05,0.1,0.4,10,120,1.5,1.05,4.0
9,901000,0.27885252521099907,0.08009934009893237,3.345827278288509,0.32601305336356246,0.33,1055,0.06987388651556155,0.15934684933925608,0.11090047393364928,9.48,2.7129545017077374,0.9698789679059193,-0.08368852704571254,0.8568585003954718,2.5,800,0.2,0.02,0.01,0.05,0.1,0.4,10,120,1.5,1.05,4.0
3,301000,0.29850159460860287,0.08624014272475876,3.70191745943234,0.3662084347293193,0.47,1150,-0.2748638181177662,-0.0592301394263237,0.20173913043478262,13.265,2.841968202903206,0.9628912583281695,0.035237329533068046,0.8470455109795688,2.5,800,0.2,0.02,0.01,0.05,0.1,0.4,10,120,1.5,1.05,4.0
4,401000,0.28293876663639284,0.07086352454203235,3.687414415476449,0.3144948117994085,0.37,1155,0.17339018686938898,0.049800368367952645,0.14372294372294372,11.81,2.970020907832634,1.0291066690264936,-0.24749659733649315,0.9076177467126356,2.5,800,0.2,0.02,0.01,0.05,0.1,0.4,10,120,1.5,1.05,4.0
7,701000,0.28407099457413987,0.08275551025000441,3.697547068399195,0.3200016851697597,0.37,1098,-0.10163726900841524,-0.052059016994072775,0.1384335154826958,10.585,3.005198421602433,1.0360997602669788,0.1049301776463265,0.8476024461236591,2.5,800,0.2,0.02,0.01,0.05,0.1,0.4,10,120,1.5,1.05,4.0
2,201000,0.2849557366731927,0.07479442390733922,3.5090542044642543,0.32481700342540765,0.28,1106,0.024308879702091744,0.07198168800114466,0.07233273056057866,8.065,2.771376327003296,0.9711975834130505,-0.07019213839421441,0.887404736964341,2.5,800,0.2,0.02,0.01,0.05,0.1,0.4,10,120,1.5,1.05,4.0
6,601000,0.2894843018245597,0.07632761903403647,3.6219333794512183,0.3408550298715064,0.35,1133,-0.08118348230832026,-0.038925975113176296,0.12268314210061783,10.415,2.863338349696243,0.9717346399164022,-0.0004979949408497449,0.8472310769212498,2.5,800,0.2,0.02,0.01,0.05,0.1,0.4,10,120,1.5,1.05,4.0
10,1001000,0.2867642183710217,0.06695387430243516,3.6088196237763293,0.32473745142743454,0.32,1170,-0.14980087433594383,-0.0327388855893992,0.10341880341880341,9.905,2.819886508153826,0.9202048447980109,-0.03710055970236619,0.787053438810967,2.5,800,0.2,0.02,0.01,0.05,0.1,0.4,10,120,1.5,1.05,4.0
