round,mean_cooperation,mean_payoff,run_id
0,0.4485978702804779,4.177369532041164,0
1,0.4376505895972105,4.04496105682512,0
2,0.4280141785715187,3.9404800557255366,0
3,0.4198350731345126,3.8590011394892305,0
4,0.4107358673322121,3.778657993443756,0
5,0.40284286008199416,3.711155688757075,0
6,0.39519731796091156,3.644674717969193,0
7,0.3888125757466874,3.59030527466269,0
8,0.3820060975667045,3.5337401342030117,0
9,0.37684706579851285,3.487600845276181,0
10,0.37210710493450605,3.450060455761113,0
11,0.3669977154348523,3.4096117187467794,0
12,0.36277877004546893,3.3781718479612453,0
13,0.3582749977011415,3.3472893134799055,0
14,0.3555336724311185,3.3206989528984487,0
15,0.3524528222856213,3.2955320341154324,0
16,0.3489322165745738,3.2676701503020307,0
17,0.34537306788152794,3.240179016168873,0
18,0.3432294181848269,3.221392906751442,0
19,0.3405549451902433,3.200388077078967,0
20,0.3381561120482704,3.181033847808744,0
21,0.33471118534303707,3.1570690595776547,0
22,0.3331996786118638,3.1448388230852373,0
23,0.33162391653116974,3.1358050884692363,0
24,0.32995484139789133,3.121945601606775,0
25,0.3282383693556851,3.107612480038597,0
26,0.32623099740001904,3.0932085228201385,0
27,0.32441280139538214,3.076823237340534,0
28,0.3226199000332154,3.0633968422342965,0
29,0.32217629591671637,3.0593074551963064,0
30,0.32009239135294326,3.0427515330486523,0
31,0.3186214222454423,3.0323239058706806,0
32,0.3172332318925498,3.019753094079257,0
33,0.3157754191388433,3.0084808511656753,0
34,0.31496428788349445,3.00188757207249,0
35,0.31339184927722935,2.992567189374632,0
36,0.31218204312533027,2.9824550224717155,0
37,0.3117431215203916,2.979258850060519,0
38,0.31160055458233726,2.976813097456411,0
39,0.31031491677862694,2.9689065584609775,0
40,0.3099848872172882,2.965461957439512,0
41,0.3084996010090918,2.9550148300324057,0
42,0.308208095364726,2.956734338919142,0
43,0.3072250189272688,2.9458967148187347,0
44,0.3068317986375606,2.941276779855712,0
45,0.30644700733752106,2.9372084482738163,0
46,0.30512051577403104,2.92902968303157,0
47,0.3058024494475505,2.93251621943856,0
48,0.30432709715887724,2.922451401239713,0
49,0.3040342083121323,2.919623991198463,0
50,0.30327689376836436,2.913426149583383,0
51,0.3030252722588629,2.912754137675544,0
52,0.3027796304497501,2.9112997496396806,0
53,0.3021907567742617,2.9058357818910237,0
54,0.3007835603660345,2.895667335770409,0
55,0.30023031798547595,2.8918026501514946,0
56,0.300383724110022,2.8922567941009363,0
57,0.3000344234072943,2.889109993124429,0
58,0.29904594455930633,2.883388329995528,0
59,0.2991992600648686,2.8842986860814115,0
60,0.2993305858838948,2.8849178667121387,0
61,0.29916717549199345,2.886121119219087,0
62,0.29923606943449244,2.8876628562070463,0
63,0.29881245972264,2.8850901887977676,0
64,0.29889202200155707,2.8853453146315906,0
65,0.2985056995749597,2.880104440864343,0
66,0.29875631700644106,2.883870297184002,0
67,0.2989249364894706,2.8874221846255623,0
68,0.2989165584153211,2.8876402910156282,0
69,0.29877449553580726,2.8862246263391245,0
70,0.2979960145933459,2.877358906043045,0
71,0.2983055206082676,2.881242124542282,0
72,0.29789249415858304,2.876079805931481,0
73,0.2981581129678252,2.8790015718329522,0
74,0.2988632881169035,2.8867088633067968,0
75,0.2993207376489446,2.8875723291550184,0
76,0.29897010265954677,2.8858737934240133,0
77,0.29913720605294003,2.885610222251904,0
78,0.29765461436032625,2.8757511993742786,0
79,0.29903228679431193,2.888716456976519,0
80,0.29890059451050927,2.886010260041041,0
81,0.2992458967130686,2.8883723835549695,0
82,0.2992565098019043,2.8876429269852237,0
83,0.299715130590658,2.8901529437195497,0
84,0.2998408260752552,2.890874572656832,0
85,0.299338660630693,2.8859445357082887,0
86,0.29990326859131117,2.8900438744826076,0
87,0.30033412300483264,2.8941311259659175,0
88,0.30030025010190753,2.895415502124149,0
89,0.30102570613542723,2.9027840519989363,0
90,0.3013957652878783,2.905752266710172,0
91,0.3014204035939765,2.906180470134133,0
92,0.30222043961959694,2.916351653031244,0
93,0.30182772160429683,2.911577919518046,0
94,0.3015586883518364,2.91076249587464,0
95,0.30159381433649146,2.9107337690465562,0
96,0.30116580217420474,2.9062008188348694,0
97,0.3012069802578249,2.9072162645659687,0
98,0.30103043236466837,2.903528766215332,0
99,0.30068590980067317,2.900138470431545,0
100,0.30026842920365443,2.8976100831277987,0
101,0.29971772321310575,2.892203625179324,0
102,0.29919356160625665,2.8869782365424306,0
103,0.29757706250315713,2.8731160437933827,0
104,0.2971128002305314,2.869132770950673,0
105,0.29715113811469324,2.8662207030739197,0
106,0.29641506216501323,2.8632385868617467,0
107,0.29650667553804955,2.8646593831138842,0
108,0.2965586702757927,2.8653008480327733,0
109,0.2971345468169354,2.871253395680985,0
110,0.2970609488185231,2.868753423667993,0
111,0.297845258729125,2.8743723527600458,0
112,0.2979321296037266,2.874746312218126,0
113,0.2975206287890504,2.8724103704349417,0
114,0.2966929241957024,2.864295711344632,0
115,0.29705554037423026,2.8678752823889786,0
116,0.2981649067684758,2.8767623218440335,0
117,0.2981080022149953,2.876519543142909,0
118,0.29858547788463274,2.8798647552429424,0
119,0.29937858840701725,2.885961105995677,0
120,0.2987783756574751,2.8838994657983994,0
121,0.29851070989823497,2.8819258302889676,0
122,0.298317579782571,2.8792289349434896,0
123,0.2983365438371025,2.874113558003204,0
124,0.2984445600339206,2.876325581378956,0
125,0.2989527472910206,2.8815547394110004,0
126,0.299454411065331,2.8843950214427654,0
127,0.2990666467072485,2.881333995152597,0
128,0.2994322959580545,2.886657926920688,0
129,0.2998692540588175,2.889738590332267,0
130,0.3008333712992654,2.897436730274315,0
131,0.29982323635152675,2.890219505355326,0
132,0.29985168874915724,2.8932530578353592,0
133,0.30009178777318546,2.895684135295223,0
134,0.2994270102040918,2.8947116969957962,0
135,0.29838655232296674,2.884696547961237,0
136,0.29796427423067295,2.8805443151760093,0
137,0.29794376459535976,2.882344178576708,0
138,0.29822978389215477,2.884580978670099,0
139,0.29865078232907627,2.88660460892187,0
140,0.2993794170742912,2.891656207006457,0
141,0.29913344287794225,2.889438023307215,0
142,0.29954147696729333,2.8926667827418546,0
143,0.2990226156015775,2.888878507417037,0
144,0.2988892409562083,2.8862879701907582,0
145,0.298374965193516,2.881000740101313,0
146,0.2986233904381763,2.8804901916754106,0
147,0.29839115016882906,2.878529704675817,0
148,0.2978060556886636,2.876743320087957,0
149,0.2973959528955218,2.8715763844472133,0
150,0.29724607536711534,2.867893414421948,0
151,0.29722226659066403,2.866913534839586,0
152,0.2976310851926937,2.873545066498462,0
153,0.29845499903120704,2.8819731896150116,0
154,0.2981175866824211,2.8799105938071756,0
155,0.2974165802921985,2.871963540877652,0
156,0.2963126661640554,2.863443731961342,0
157,0.29727251024540363,2.874561178380329,0
158,0.2972596850347075,2.870787720288242,0
159,0.2968371101377648,2.867560906029658,0
160,0.29630272781329514,2.8647102754603466,0
161,0.29736536769406924,2.872637370853568,0
162,0.29762061496491193,2.8743781246360203,0
163,0.2972935333222507,2.872184430875227,0
164,0.2980991177378695,2.877400914479091,0
165,0.2982669903234071,2.879813925269752,0
166,0.29768864249259336,2.8758327243762247,0
167,0.2974554385375166,2.875223593638384,0
168,0.2969151602456717,2.8691989270763147,0
169,0.29708030058419754,2.869793385595744,0
170,0.2977204990804834,2.876009946063431,0
171,0.2976778664598822,2.87743719496791,0
172,0.29696999034638616,2.8693117330291713,0
173,0.29665551454021566,2.8693657372733967,0
174,0.2962267500301985,2.8640614030572764,0
175,0.29602378086556114,2.863606177228035,0
176,0.296850971697816,2.8687353734101637,0
177,0.29679761145765543,2.8674575039745975,0
178,0.29653549152341757,2.8671609675753267,0
179,0.2968107950156584,2.8676129090033045,0
180,0.29675704040596934,2.8673690136180023,0
181,0.2961057033326986,2.861634560358497,0
182,0.29641811063909873,2.867200013952164,0
183,0.2964379790484833,2.8664026977743586,0
184,0.29787367367269896,2.877813463122908,0
185,0.2982876505956443,2.8834567263216657,0
186,0.298503430838257,2.8856322507008234,0
187,0.2980258804514101,2.882495262235666,0
188,0.29750671077807717,2.8778735268754634,0
189,0.29744695343333266,2.8785300803117293,0
190,0.2979899895847563,2.8835556628007133,0
191,0.29837825115895267,2.8844553911346815,0
192,0.2983827347303793,2.8832182580562877,0
193,0.2985600434215487,2.883746581909613,0
194,0.29865084330460523,2.8814082874595153,0
195,0.3003635604316033,2.8983709440498258,0
196,0.2987560617115764,2.883564248284513,0
197,0.29883076672152264,2.8830328287291427,0
198,0.29909875039636524,2.884848297132734,0
199,0.2997331590167528,2.8900269929431315,0
200,0.30043348517973123,2.894704869218333,0
201,0.29995816916051526,2.8883817588521,0
202,0.30069372596518257,2.8965428107868645,0
203,0.3015311741453749,2.9046176708476557,0
204,0.29987529868679486,2.888708610575473,0
205,0.30079230878071417,2.8984373145428775,0
206,0.3020484422980745,2.908133088036598,0
207,0.30174470471349796,2.9062814408936184,0
208,0.3010260915670276,2.9009335212259804,0
209,0.3015100668375503,2.9053183993769003,0
210,0.30043708584290757,2.8937680720821266,0
211,0.30018824831484886,2.8919410645053873,0
212,0.3012306982437235,2.900580279395977,0
213,0.30011609811410317,2.8905914912633404,0
214,0.3007622051018364,2.898731476064894,0
215,0.301150809839955,2.900572851470006,0
216,0.3009052146768847,2.8986058462699127,0
217,0.3005131237406984,2.8968873656600413,0
218,0.2999763746916428,2.892742516713536,0
219,0.2996648266421415,2.8884648855560346,0
220,0.30072677907311857,2.8988088877502514,0
221,0.30090389979515153,2.9009306741784315,0
222,0.3000285127805642,2.891526965200372,0
223,0.3002925065109877,2.8944331648648536,0
224,0.3001505373414675,2.894347546719357,0
225,0.29980151610382527,2.891245155997355,0
226,0.29943587098080016,2.888584299466204,0
227,0.29867836996833114,2.88165565282407,0
228,0.29854226623392716,2.8844288487230187,0
229,0.29875628091099965,2.8860812484659255,0
230,0.2978482247995986,2.8781295610973197,0
231,0.29838788679616834,2.884785305477389,0
232,0.29866090758787167,2.8868889648218805,0
233,0.2986738998437771,2.886398588926048,0
234,0.29761381797256703,2.878360178578516,0
235,0.2983828516875843,2.882522061124532,0
236,0.2980978828626794,2.878549985814059,0
237,0.2985469229187034,2.8826680156756836,0
238,0.29884036176520873,2.885891998170535,0
239,0.29916061404557925,2.887396613682483,0
240,0.2987259972511277,2.8811652874904037,0
241,0.2992123640699373,2.885642562955467,0
242,0.29955718934316206,2.889663664745946,0
243,0.30027426281301733,2.8982920762411846,0
244,0.30059493832928585,2.9004206079315358,0
245,0.300437686531244,2.895601184010589,0
246,0.3008738370367046,2.9004304171912216,0
247,0.30098268781382226,2.901732005974446,0
248,0.3007801191501962,2.898865411888771,0
249,0.30046067714790614,2.8981329208951396,0
250,0.3008653885060559,2.9002076883258394,0
251,0.3014097618275196,2.906484020177872,0
252,0.3022952297027534,2.9143371742437303,0
253,0.3012842661144276,2.9043217660974654,0
254,0.3012917350224767,2.9046406132811913,0
255,0.3010822477553131,2.9047408301530178,0
256,0.3013098920040164,2.9062800034540834,0
257,0.3006451496745015,2.8998212663216765,0
258,0.300074995265644,2.8929219140598064,0
259,0.3007455381574318,2.8991313904188782,0
260,0.30034674883745327,2.8952107200128605,0
261,0.29927332472580603,2.886192016588286,0
262,0.2993332653930315,2.887184010497254,0
263,0.29906780365377195,2.8877131736160666,0
264,0.2993051747046455,2.8885521429485426,0
265,0.2991015919835631,2.887249450379651,0
266,0.2985593323855272,2.8814449310103774,0
267,0.2992220377877555,2.8862295124184234,0
268,0.29932360868074215,2.8888293426636795,0
269,0.29843171399715746,2.880580136191782,0
270,0.29864725024103533,2.879873309669691,0
271,0.2981327811166392,2.875018543810017,0
272,0.2983999220050107,2.8771287564638697,0
273,0.29894855883845756,2.8841404632902923,0
274,0.2988455716265925,2.8823994383232776,0
275,0.29922352554295417,2.8876807910701685,0
276,0.2986111606366278,2.8813624183271087,0
277,0.2988887328544356,2.881391811107317,0
278,0.29933752547954484,2.885931788383051,0
279,0.3003207601378544,2.894021938697306,0
280,0.29968040256870626,2.889866157497065,0
281,0.29906602628137596,2.8853715567577742,0
282,0.29899745876955425,2.886231932826482,0
283,0.2993286397729877,2.8871148813299783,0
284,0.29939605314412066,2.8877249636203364,0
285,0.29969756752060506,2.8925648096803296,0
286,0.2991579506859344,2.886746328535128,0
287,0.2995882668493235,2.8883451288593114,0
288,0.29969558392893186,2.8928614715352046,0
289,0.3001649540929868,2.896487047446151,0
290,0.29973835574076135,2.8900175971126623,0
291,0.2989900899665991,2.8869709562313015,0
292,0.2991158558510252,2.886406231042746,0
293,0.2988013207834038,2.883143730725801,0
294,0.2999807839154871,2.8942250734646953,0
295,0.2999607348348953,2.8937901156826857,0
296,0.300171732217744,2.893097887529506,0
297,0.3002467373092943,2.895007542288802,0
298,0.30055659944740165,2.8989539923753624,0
299,0.30016239455165294,2.8964116774853217,0
300,0.299914719788539,2.8918957781133794,0
301,0.29954919907400923,2.888658013978021,0
302,0.2995490874433842,2.886737101795634,0
303,0.2990684589443607,2.885848202448302,0
304,0.2985250360732101,2.8815311086084803,0
305,0.2993526942070968,2.886473573515518,0
306,0.2993601307725581,2.8876941111799135,0
307,0.29864154908909113,2.881881531811772,0
308,0.298679625902021,2.8816531551994546,0
309,0.2986720528650564,2.8804224872486586,0
310,0.298760271017677,2.883705608708975,0
311,0.2991671421866094,2.887357036158468,0
312,0.29878991972131663,2.882640545549839,0
313,0.29895437463622154,2.886070570716351,0
314,0.298838557876065,2.8874013859717103,0
315,0.29877730869171415,2.8861849494124727,0
316,0.29765932221556135,2.8776695442050033,0
317,0.2976240062232892,2.8776200288273346,0
318,0.29777715813219524,2.876975713845704,0
319,0.29787254336272195,2.8776531729803696,0
320,0.29783321968275733,2.874653829981882,0
321,0.29793753394275024,2.8757487587548636,0
322,0.2971551096157516,2.871950587818575,0
323,0.29801994026103856,2.8806401428002912,0
324,0.2983901162725227,2.8831856709449744,0
325,0.29808562093449725,2.87740812523761,0
326,0.2980265381914356,2.876354757634168,0
327,0.29775620801531555,2.875855503334423,0
328,0.2982124647386843,2.8782606720574915,0
329,0.29824849743094406,2.8765048633523542,0
330,0.29811823359139483,2.876832422507491,0
331,0.29853357070851827,2.8825587772426644,0
332,0.29690888631062373,2.869470956767596,0
333,0.2975114702829686,2.876425206068475,0
334,0.29769138515389476,2.8785751638120907,0
335,0.2968996820445642,2.870939005769445,0
336,0.2970949918813267,2.872020185400573,0
337,0.29743572170830934,2.874902254811079,0
338,0.29775271768895273,2.878593529987942,0
339,0.29725996353202233,2.872692008201365,0
340,0.29734266277927407,2.871563608955062,0
341,0.29771508693915866,2.874470221101857,0
342,0.2979524088060176,2.8757785100264126,0
343,0.29696582212409706,2.8689691783111515,0
344,0.29743413130472496,2.8726149781086656,0
345,0.29739766714327187,2.872842901951979,0
346,0.29705813512529644,2.8714093923371076,0
347,0.2983537255744303,2.88028920736953,0
348,0.29837518804580593,2.8828659232015843,0
349,0.2987235960612997,2.8846247471824364,0
350,0.29848032101135913,2.8828607850690076,0
351,0.29902291146714305,2.8851476705380144,0
352,0.29845880477610504,2.883736269163154,0
353,0.29937745634274976,2.8899354347352415,0
354,0.2993825447816723,2.8919957809867496,0
355,0.2990072179783669,2.8870199377953116,0
356,0.3003787645811196,2.89774887385159,0
357,0.3007141916353245,2.898778154890196,0
358,0.3005981833344957,2.898673467434278,0
359,0.30006383248445584,2.8948449069434967,0
360,0.3007745845479857,2.89955192004136,0
361,0.29998395563471064,2.892878634625088,0
362,0.2991287550263035,2.8848522398625933,0
363,0.2991749876052482,2.8831372460021787,0
364,0.29917265625573297,2.885650250247856,0
365,0.30006650540555585,2.892217689264738,0
366,0.2998071402623044,2.8913689401516836,0
367,0.2996643527357026,2.8901161452852646,0
368,0.29997084728054735,2.891145594392197,0
369,0.30020877098069854,2.894189798650086,0
370,0.29983607794387057,2.8894960080644356,0
371,0.2994717531157748,2.888099507432741,0
372,0.299124567647472,2.8867525985031843,0
373,0.29965652017667016,2.890898254003927,0
374,0.2996288587231109,2.889004160275575,0
375,0.29862470943252234,2.8825011138589356,0
376,0.2989611576474337,2.886744237041118,0
377,0.2990829172657542,2.8851629762940703,0
378,0.29987315961417965,2.8899023721870543,0
379,0.2991989890284859,2.884099978204956,0
380,0.2985579585397778,2.8777006124619513,0
381,0.2984389682430955,2.878750986965847,0
382,0.2979805821504576,2.875571757814359,0
383,0.29801985046647683,2.875760898185287,0
384,0.2972061089252663,2.868719621834398,0
385,0.29640530657679387,2.8625027730467956,0
386,0.2970084481346099,2.8657144323400012,0
387,0.29657113876932495,2.8634815074690496,0
388,0.29717113734867856,2.868522787409911,0
389,0.29747395883295824,2.8712329219716075,0
390,0.29750925263390127,2.872136888538463,0
391,0.29755860586139216,2.873130673830708,0
392,0.298431887421188,2.8820863916631243,0
393,0.29822964018798165,2.8791684192745484,0
394,0.29886884752134,2.8838063634836786,0
395,0.2986967849282681,2.883823516560708,0
396,0.29896809953885223,2.8857149396093003,0
397,0.2986530084894858,2.87987186651238,0
398,0.30038329934254254,2.8956390332795356,0
399,0.2999372916326399,2.893422169874528,0
400,0.3001347143406319,2.8919871539531408,0
401,0.30014222146949343,2.8930713272990536,0
402,0.29977158177234015,2.893754135634626,0
403,0.29945752327207315,2.891926468252391,0
404,0.2985606011305001,2.8848017919726883,0
405,0.29864847938574207,2.884338533195424,0
406,0.29835903692735155,2.881708720091211,0
407,0.2985812545570774,2.8811633209198813,0
408,0.2985812964614689,2.8813873886075982,0
409,0.2984526132674565,2.8809158344848007,0
410,0.2993847241206963,2.885984172863075,0
411,0.29953602187426626,2.887434578892549,0
412,0.29898486667874835,2.8822982159211468,0
413,0.2995193875431805,2.8899951070068988,0
414,0.2984311921919619,2.881930279977475,0
415,0.2981143835975264,2.880509267281709,0
416,0.29720877004901064,2.872782577482123,0
417,0.29743391005965314,2.873415454919113,0
418,0.2976692761878627,2.875817813361004,0
419,0.29829771796344035,2.8835487899086503,0
420,0.2984220664966279,2.8854994325128946,0
421,0.29762543528710955,2.878778103395017,0
422,0.2983505067571888,2.884221024035331,0
423,0.29749099638792303,2.8761604287230007,0
424,0.29729974948510607,2.872594994945631,0
425,0.2964044019605052,2.86662534485899,0
426,0.29706933020691234,2.8710428442526816,0
427,0.2972763445260578,2.873569173126542,0
428,0.2969480119482568,2.8734107532067688,0
429,0.2969364160749598,2.8737061637675265,0
430,0.29597724998468256,2.8649539540351125,0
431,0.2961034816213398,2.866651518953474,0
432,0.296312573617216,2.8692503324825265,0
433,0.29704930082100955,2.875334083497624,0
434,0.2972325114035495,2.87167275705249,0
435,0.2979456707892604,2.87925523762414,0
436,0.29904877890531295,2.8871071889500164,0
437,0.29942346521982577,2.8913362024887297,0
438,0.29822145159978475,2.8783124551665877,0
439,0.2981611214123697,2.8772494539495677,0
440,0.29874871373653306,2.88395613198893,0
441,0.29869645392638755,2.885480952586605,0
442,0.298399495269132,2.8841794635195037,0
443,0.29945839917493233,2.889285898499609,0
444,0.29875915147005294,2.884084074180598,0
445,0.29888990423149503,2.883406723346149,0
446,0.2985281446811709,2.8830411941646465,0
447,0.29848643442602274,2.8819327658141787,0
448,0.2969795232261392,2.869182997996726,0
449,0.29685510839945073,2.868462076237582,0
450,0.2972929087558845,2.8722548579796765,0
451,0.29688342679945606,2.8695055491746926,0
452,0.29779006093075644,2.877540057604126,0
453,0.297937530984112,2.879241878453648,0
454,0.2984381790398395,2.882327186512317,0
455,0.2983942130229969,2.8809709061813327,0
456,0.29904961210557524,2.886053720481403,0
457,0.2987508197315867,2.883728124582147,0
458,0.29866535004171824,2.8806079371021056,0
459,0.29867499063487296,2.8811128244695285,0
460,0.2990658146239058,2.8839413931069147,0
461,0.2984945433658817,2.88011637896987,0
462,0.29859568252174584,2.8821873875969453,0
463,0.29881864657026674,2.8837716354754526,0
464,0.29817330446994145,2.8803094335268473,0
465,0.297841266423727,2.877199487375665,0
466,0.29716243842948703,2.8711835844449047,0
467,0.2966079886985293,2.864540277416019,0
468,0.296620287901977,2.8643222682393747,0
469,0.2972274289146847,2.870871835867896,0
470,0.297672620328264,2.874396854146187,0
471,0.29864384696386137,2.878991852366045,0
472,0.29934021163154284,2.8854494328936005,0
473,0.2998079898867019,2.88713936803338,0
474,0.30064376145554655,2.894918419626322,0
475,0.300251144610125,2.892743946394646,0
476,0.2998565112433649,2.889293204863309,0
477,0.3004306432594797,2.8944904527320934,0
478,0.2996558602762713,2.8898210296703524,0
479,0.30005108359010246,2.8947966773510525,0
480,0.2989364831563965,2.8895668121076783,0
481,0.29841942048421916,2.883137139740351,0
482,0.2979021963721214,2.8771231272292885,0
483,0.29822807656268346,2.8788160201930255,0
484,0.2974734976226175,2.8741412242564492,0
485,0.29792010451571027,2.877001703254641,0
486,0.29788841927552234,2.8755379317482967,0
487,0.29874902052516095,2.881481667262888,0
488,0.297715973117073,2.873615074461066,0
489,0.29875309377507725,2.882834968162869,0
490,0.29892324289221034,2.8840870215898113,0
491,0.2994270965759531,2.8867124197913823,0
492,0.2998610765443292,2.890096294925166,0
493,0.30026651999201953,2.8911131231539735,0
494,0.2994904196651707,2.886657090023677,0
495,0.29956423104760943,2.8890279444056226,0
496,0.2997945161230602,2.889542865197646,0
497,0.29927084483322347,2.8870543206589416,0
498,0.2987606312285443,2.8846653503661885,0
499,0.29871945026420815,2.8847276771618406,0
500,0.2986915013891091,2.8852987868454716,0
501,0.3001146291514875,2.8952836081106876,0
502,0.3009030869478135,2.900495339837608,0
503,0.3015623652852062,2.9043807509375776,0
504,0.3020827051737516,2.908843973860945,0
505,0.3022702883134466,2.9116966229615224,0
506,0.3017819092566774,2.907895776391785,0
507,0.3013870207031301,2.905393764090108,0
508,0.30153451208749926,2.9054250388490868,0
509,0.30171621797312825,2.9080491827171793,0
510,0.3011453529991181,2.9010182484636555,0
511,0.3007172756553732,2.898396891927466,0
512,0.3013474573506499,2.9053622596622692,0
513,0.3005637311585746,2.898263884060931,0
514,0.30190070331213487,2.9118021149315796,0
515,0.3015289394997353,2.9075800678206836,0
516,0.301452319148496,2.9082155036837065,0
517,0.3017456873221157,2.9108969822819915,0
518,0.3010484312915088,2.9050814742978073,0
519,0.300790233423109,2.901078928399174,0
520,0.30055821143499145,2.9013156784882215,0
521,0.29980018473059444,2.8952048547423326,0
522,0.2999045904018189,2.895855911343855,0
523,0.29994101936283923,2.8960637735202313,0
524,0.29904309863261636,2.888981935152231,0
525,0.29975008805186387,2.8933741049045056,0
526,0.30012696056709287,2.8975085981278594,0
527,0.29891663624666165,2.8841404274326856,0
528,0.2991153812452182,2.8859824114790036,0
529,0.29921845711595463,2.886794773925456,0
530,0.2993953446986358,2.8905197681165182,0
531,0.2991644457935252,2.8873025296437653,0
532,0.29857480748964227,2.8813036179243956,0
533,0.2986725197850962,2.8789713946868725,0
534,0.2989748221974681,2.8811298084847445,0
535,0.30023046566736344,2.8937505025817387,0
536,0.30062947128595036,2.8950649913664543,0
537,0.3000966202958934,2.8892490407323783,0
538,0.29973763489268274,2.889435707754575,0
539,0.2990500239823063,2.8860418173481275,0
540,0.29954791153669325,2.8928455103827444,0
541,0.2998717890527117,2.892869268007055,0
542,0.30011407237527404,2.892736232777529,0
543,0.30084021810850253,2.900783063730058,0
544,0.30074693593484036,2.8986272396590955,0
545,0.30034549676737143,2.894544119067867,0
546,0.30035833956514496,2.8947378800591705,0
547,0.2992726179473417,2.886603947487095,0
548,0.2992893695204401,2.8867355984536887,0
549,0.2993590619159762,2.886626078672576,0
550,0.29898460936619253,2.884783009883572,0
551,0.2987775218092067,2.878173942682023,0
552,0.2985320447752794,2.8796380031952444,0
553,0.29985952036260355,2.889739511157971,0
554,0.29926636891823405,2.886565607307831,0
555,0.29894770149649125,2.8830187155400036,0
556,0.2994526765100328,2.886740928652361,0
557,0.29892429415596805,2.884158793753874,0
558,0.29977709962593846,2.891850349245411,0
559,0.30021957514609326,2.89466638162219,0
560,0.301364477128975,2.904795339328275,0
561,0.30095427013752124,2.9018091220570486,0
562,0.3004340663982805,2.893924112993527,0
563,0.2998535809106905,2.8919038682922777,0
564,0.3001795952875262,2.8952346968672926,0
565,0.30131389069417286,2.901769821684505,0
566,0.30070257978212017,2.8976846877573204,0
567,0.30030076800339506,2.8965311647709817,0
568,0.30107728097124414,2.901298908221575,0
569,0.30070170175209515,2.8988532278208643,0
570,0.30111439938383244,2.9041098968079435,0
571,0.3005328831008741,2.8988433024854388,0
572,0.30069909893384816,2.9003674425187764,0
573,0.3019447756153948,2.9086484433436435,0
574,0.3014863786709018,2.9044013025953754,0
575,0.3019734543851897,2.9113017469188547,0
576,0.3011397578450696,2.904582192152714,0
577,0.3013931684056043,2.90494704363455,0
578,0.30149009172197944,2.907568529766376,0
579,0.3014684990299041,2.9054831559864494,0
580,0.3011877266322399,2.9047281783638006,0
581,0.3007212012845032,2.8983223418712014,0
582,0.30033066689855775,2.8948846865592306,0
583,0.3002808848953121,2.8949823846864606,0
584,0.2996601631973823,2.8895118020486894,0
585,0.30023128195586646,2.894649047826671,0
586,0.3008014168181199,2.9001908734538238,0
587,0.3004821388502753,2.8985605693194634,0
588,0.3000721225419161,2.896358984882796,0
589,0.300092756833402,2.8937648342549704,0
590,0.2992929912900939,2.8903950063565733,0
591,0.29927553942321794,2.8896329802639005,0
592,0.2988862357237594,2.884967196567063,0
593,0.2986082506619432,2.883294474293346,0
594,0.2984630700785535,2.8825632219202575,0
595,0.2994290301643427,2.890092001733603,0
596,0.29996968767866444,2.893409291939786,0
597,0.2994152042636831,2.888093279759088,0
598,0.29967713865037754,2.8923593756470565,0
599,0.2990988998567015,2.8890073180218896,0
600,0.297749059609748,2.875144961976747,0
601,0.2980510107247026,2.8788845542800194,0
602,0.2986513999787879,2.884253631433365,0
603,0.2982194267023895,2.8810157148907725,0
604,0.2979524094591131,2.8781618798111164,0
605,0.29904142908187353,2.888649689032381,0
606,0.2991454593500302,2.8886922620512787,0
607,0.2990900262562254,2.8851157276367947,0
608,0.2994217599083303,2.8857862038245012,0
609,0.29782439794650545,2.8738351033413516,0
610,0.29818514752694797,2.8776993747674044,0
611,0.2988448558670976,2.8815096161783127,0
612,0.2994948383922448,2.88675731773215,0
613,0.2994614575019967,2.8892413869068,0
614,0.2992936337943513,2.8867659546226845,0
615,0.29793565510683734,2.871967566600852,0
616,0.29730957188462614,2.8683769604876295,0
617,0.29851425339814014,2.880458356402614,0
618,0.2985879306816712,2.8798840744983716,0
619,0.2983309508473866,2.8772477202423827,0
620,0.29925695829580273,2.884739435962597,0
621,0.2990757358552153,2.8839527122745,0
622,0.29983527363336093,2.8913156585989506,0
623,0.29848175907738217,2.8822437700522614,0
624,0.2989472712542822,2.88509752565417,0
625,0.29946246170778235,2.8895638733871607,0
626,0.29797557715706946,2.8750733092879357,0
627,0.29717627100456034,2.870883121677732,0
628,0.29661601651314373,2.865039382686702,0
629,0.2960898680837186,2.8627122029090946,0
630,0.29586676743031176,2.861277021091687,0
631,0.29580561684950407,2.8605596901032793,0
632,0.2959647394761595,2.8611287193770742,0
633,0.29581954743501654,2.859043162326923,0
634,0.2964385361594978,2.8654484900428883,0
635,0.29648479557197477,2.864423805129201,0
636,0.2972039633918191,2.872342574834964,0
637,0.29709453427047433,2.872069017298763,0
638,0.296341392172571,2.867566756143248,0
639,0.29777608019864643,2.8803166050906888,0
640,0.2973187496331848,2.8760960196501726,0
641,0.29847136412172176,2.8837126676133495,0
642,0.2992552711289033,2.8899461947907863,0
643,0.298884287291926,2.8863393724165456,0
644,0.2996426856786222,2.891878850388194,0
645,0.29908685545066827,2.883511255115028,0
646,0.29856633919583375,2.880863022802058,0
647,0.29794077689462123,2.8780111688885253,0
648,0.2974891818112433,2.8762764833657073,0
649,0.29732766183827875,2.874770106983445,0
650,0.29759548159573473,2.8741590240798676,0
651,0.29702292112137535,2.8693487742533814,0
652,0.29813371270308947,2.879146217231948,0
653,0.2983218804957291,2.8816049384304168,0
654,0.2980023862877065,2.8765742134197687,0
655,0.2985898484639746,2.881579720733349,0
656,0.29808869971202534,2.876727533319354,0
657,0.29871004684730346,2.87966254878146,0
658,0.300041646252015,2.891502498406679,0
659,0.3001444635180601,2.892735026549157,0
660,0.3002931829884268,2.8934560062144743,0
661,0.30053665736601476,2.901276566705546,0
662,0.29977912545745306,2.894442507446578,0
663,0.2993668258549227,2.889682595426086,0
664,0.299628379479377,2.8912458249066053,0
665,0.29961210420467493,2.888693180857111,0
666,0.29938416918979854,2.8871660748132406,0
667,0.3001400765193136,2.8939287863925096,0
668,0.2999754498908471,2.8922404470318885,0
669,0.29970094647727297,2.8896586972068112,0
670,0.3002205508469119,2.8959239146057025,0
671,0.2995747835460254,2.8900816690225573,0
672,0.2989053868570294,2.8852389755986003,0
673,0.2997944450688621,2.892386270143578,0
674,0.29928812322874504,2.8884822986915193,0
675,0.2998381581896775,2.8922718885978247,0
676,0.2992289358980114,2.8894908907968624,0
677,0.2996260983317078,2.8905958627990938,0
678,0.2995350648269088,2.8889620590619707,0
679,0.29894504374012193,2.8859650340617757,0
680,0.29909122819752154,2.8890655541267725,0
681,0.2999137512557725,2.896020768769989,0
682,0.29987445183569245,2.895598726142139,0
683,0.2991203393506755,2.8900700383983926,0
684,0.2986500996111155,2.8873132668582024,0
685,0.29962075037447855,2.893692686935018,0
686,0.2999966679637041,2.895633251453188,0
687,0.29913903734811204,2.8854844203736643,0
688,0.29927912359102715,2.8857852630728895,0
689,0.29895083298875047,2.884977071342511,0
690,0.2978652294370508,2.8744220497075914,0
691,0.29823969783445115,2.8791332319671663,0
692,0.2979743429250309,2.8752525633386714,0
693,0.2977100327242863,2.873983021681554,0
694,0.2986893520862546,2.881240847115708,0
695,0.2981876169677968,2.87565419901211,0
696,0.2981424394991884,2.8748581546233667,0
697,0.29860788691682244,2.879810127758646,0
698,0.2980289701711087,2.8751773641225853,0
699,0.29791239510028106,2.8765832066819517,0
700,0.2980322000734957,2.8785895098393417,0
701,0.2979782873388716,2.8772173389925624,0
702,0.2976297367635417,2.8745349101940034,0
703,0.29762574345545456,2.875713890256862,0
704,0.2982277652219695,2.8794188880591487,0
705,0.29861084563126206,2.881372797671619,0
706,0.2990629412704496,2.8863480359425027,0
707,0.29961506040117747,2.8898662021240438,0
708,0.3002024430874374,2.896107879993643,0
709,0.2999033737359492,2.8913596120952185,0
710,0.3001839155156521,2.892941567140791,0
711,0.300433647132941,2.8927038412947654,0
712,0.3005725985070241,2.8944664327095166,0
713,0.3008587337355844,2.8982360149670714,0
714,0.3006185931751956,2.895030385401985,0
715,0.30016628144177093,2.8915172264242535,0
716,0.3001039901801951,2.893525663532931,0
717,0.29980501048838665,2.8905930385064154,0
718,0.29999882616623935,2.8929822921513018,0
719,0.300619361388504,2.8984373645997428,0
720,0.2995333752723032,2.8879790215425816,0
721,0.299726473164466,2.8901941701490412,0
722,0.29956975783447193,2.8868433254755446,0
723,0.2985103112038572,2.8784319604346815,0
724,0.29981975367656033,2.8881091458751214,0
725,0.29968517299978675,2.8868376865858663,0
726,0.29928389262073507,2.885504952932993,0
727,0.2998400978868776,2.8895362362331993,0
728,0.298965337662964,2.8834049906506367,0
729,0.29889658769521665,2.88495549943755,0
730,0.29893563839000176,2.8846115016581924,0
731,0.2992134988555831,2.886365173776469,0
732,0.2991694205265596,2.8855818087557834,0
733,0.2996455270183894,2.8905459300079888,0
734,0.2993176951912601,2.8872862467525775,0
735,0.30086835667971445,2.9003337792636392,0
736,0.3002869288587405,2.897328305506102,0
737,0.29929284318274935,2.8879737155835725,0
738,0.29869676650527416,2.883145767360092,0
739,0.29856340365848477,2.8813167621671014,0
740,0.29855412893642175,2.880936230133145,0
741,0.2984407276838185,2.881854611444467,0
742,0.2983390413931433,2.8796805705451782,0
743,0.2975968709654344,2.873394506567347,0
744,0.297358529825556,2.870142573068969,0
745,0.2975897155736691,2.8715304981598355,0
746,0.29689699761704735,2.866877936598656,0
747,0.2958271775545866,2.857001525525433,0
748,0.2961774821609035,2.859720452952518,0
749,0.29626588171488755,2.8631139895800164,0
750,0.2968058587472995,2.866823467822075,0
751,0.29662903325764434,2.8666145474233757,0
752,0.2959183667821424,2.8618267907392374,0
753,0.2965238027674849,2.8643361382395236,0
754,0.29657726702100723,2.8667486992603863,0
755,0.2969368309737165,2.8697638317924294,0
756,0.29675607003634263,2.8689478786145672,0
757,0.2966917864518887,2.8700842683393284,0
758,0.2956320414146176,2.8604378338444585,0
759,0.2962008936277355,2.8666900350015796,0
760,0.29683874211792255,2.871778392143481,0
761,0.29683235707339495,2.871444186946314,0
762,0.2962987776866204,2.8685032353545057,0
763,0.2961696710212164,2.865940299971558,0
764,0.2963783561239444,2.8656348907979203,0
765,0.29674695884422564,2.868571454901548,0
766,0.29672772100074213,2.8696019362081695,0
767,0.2962807873494776,2.864082160405026,0
768,0.2960149064329422,2.8637459682175077,0
769,0.29613373169332624,2.864518565386214,0
770,0.2963217548271709,2.8656286436026783,0
771,0.2974366930473794,2.8755276514023747,0
772,0.2971471476072689,2.8733832654655607,0
773,0.2967158133206,2.8707913469339483,0
774,0.29649750551983883,2.8667564546885016,0
775,0.2964799785789504,2.865480424500007,0
776,0.2975199580055748,2.8739080339081715,0
777,0.29782195815763957,2.8767319175614414,0
778,0.2979336366932304,2.8775175684859446,0
779,0.2975928548833965,2.874661152851508,0
780,0.2967194530564004,2.8671943099285575,0
781,0.2970636631617199,2.873039209515409,0
782,0.2967153906854818,2.868351159138645,0
783,0.2972750439583848,2.8735724063084906,0
784,0.297693490423059,2.875070686740597,0
785,0.29702030062830914,2.8713210331342633,0
786,0.2962951884803583,2.864958786358393,0
787,0.2969925265617951,2.8720940901993823,0
788,0.29567490575733424,2.8579179625464275,0
789,0.2956660886851245,2.8587172940811874,0
790,0.29609161014025326,2.863555995459399,0
791,0.2961489868879325,2.8660913592296327,0
792,0.29613678608420296,2.8639616554023615,0
793,0.2963542101000831,2.8675168055986515,0
794,0.29701058039828554,2.873398068657023,0
795,0.29758825534928407,2.8789640714076996,0
796,0.297954852956745,2.880602009676222,0
797,0.2980097255579555,2.879941105398184,0
798,0.2991036460500418,2.8894813647297464,0
799,0.2987165778184296,2.8838729446653923,0
800,0.2991820365744635,2.8880938121779067,0
